record_id,stage,decision,reason,s2_decision
R00001,S1,exclude,"S1: no audio, video or deepfake term in title or abstract",
R00002,S1,exclude,"S1: no audio, video or deepfake term in title or abstract",
R00003,S2,exclude,"S2 not an empirical study (review, survey of methods, commentary, legal or policy analysis)",
R00004,S2,exclude,"S2 not an empirical study (review, survey of methods, commentary, legal or policy analysis)",
R00005,S1,exclude,"S1: no audio, video or deepfake term in title or abstract",
R00006,S2,exclude,"S2 no human real-vs-fake judgment of AI-generated stimuli (detector, generator, dataset or other study)",
R00007,S2,exclude,"S2 no human real-vs-fake judgment of AI-generated stimuli (detector, generator, dataset or other study)",
R00008,S3,include,Online real-vs-deepfake video detection (2AFC and single-video) with accuracy,include
R00009,S2,exclude,"S2 no human real-vs-fake judgment of AI-generated stimuli (detector, generator, dataset or other study)",
R00010,S2,exclude,"S2 no human real-vs-fake judgment of AI-generated stimuli (detector, generator, dataset or other study)",
R00011,S2,exclude,"S2 no human real-vs-fake judgment of AI-generated stimuli (detector, generator, dataset or other study)",
R00012,S2,exclude,"S2 not an empirical study (review, survey of methods, commentary, legal or policy analysis)",
R00013,S2,exclude,"S2 not an empirical study (review, survey of methods, commentary, legal or policy analysis)",
R00014,S3,include,Listeners judged real vs ElevenLabs cloned voices; accuracy reported,include
R00015,S2,exclude,S2 stimuli are not audio or video (text or still images),
R00016,S1,exclude,"S1: no audio, video or deepfake term in title or abstract",
R00017,S2,exclude,S2 stimuli are not audio or video (text or still images),
R00018,S2,exclude,"S2 not an empirical study (review, survey of methods, commentary, legal or policy analysis)",
R00019,S2,exclude,"S2 no human real-vs-fake judgment of AI-generated stimuli (detector, generator, dataset or other study)",
R00020,S1,exclude,"S1: no audio, video or deepfake term in title or abstract",
R00021,S2,exclude,S2 stimuli are not audio or video (text or still images),
R00022,S1,exclude,"S1: no audio, video or deepfake term in title or abstract",
R00023,S2,exclude,S2 stimuli are not audio or video (text or still images),
R00024,S3,include,"Speech deepfake detection experiment, real and synthetic clips, accuracy reported",include
R00025,S1,exclude,"S1: no audio, video or deepfake term in title or abstract",
R00026,S1,exclude,"S1: no audio, video or deepfake term in title or abstract",
R00027,S2,exclude,"S2 no human real-vs-fake judgment of AI-generated stimuli (detector, generator, dataset or other study)",
R00028,S2,exclude,S2 stimuli are not audio or video (text or still images),
R00029,S1,exclude,"S1: no audio, video or deepfake term in title or abstract",
R00030,S3,include,"Preregistered real vs deepfake video detection, accuracy and bias reported",include
R00031,S2,exclude,"S2 no human real-vs-fake judgment of AI-generated stimuli (detector, generator, dataset or other study)",
R00032,S1,exclude,"S1: no audio, video or deepfake term in title or abstract",
R00033,S2,exclude,"S2 not an empirical study (review, survey of methods, commentary, legal or policy analysis)",
R00034,S1b,exclude,S1b: no human-study term in title or abstract,
R00035,S1,exclude,"S1: no audio, video or deepfake term in title or abstract",
R00036,S1,exclude,"S1: no audio, video or deepfake term in title or abstract",
R00037,S1,exclude,"S1: no audio, video or deepfake term in title or abstract",
R00038,S2,exclude,"S2 not an empirical study (review, survey of methods, commentary, legal or policy analysis)",
R00039,S1b,exclude,S1b: no human-study term in title or abstract,
R00040,S2,exclude,"S2 humans rate quality or naturalness only, no real-vs-fake judgment",
R00041,S1,exclude,"S1: no audio, video or deepfake term in title or abstract",
R00042,S2,exclude,S2 stimuli are not audio or video (text or still images),
R00043,S2,exclude,"S2 no human real-vs-fake judgment of AI-generated stimuli (detector, generator, dataset or other study)",
R00044,S1,exclude,"S1: no audio, video or deepfake term in title or abstract",
R00045,S3,include,Political speech deepfake detection across modalities with accuracy,include
R00046,S2,exclude,S2 stimuli are not audio or video (text or still images),
R00047,S2,exclude,"S2 no human real-vs-fake judgment of AI-generated stimuli (detector, generator, dataset or other study)",
R00048,S3,include,"Gamified human vs AI audio deepfake detection, accuracy reported",include
R00049,S2,exclude,"S2 no human real-vs-fake judgment of AI-generated stimuli (detector, generator, dataset or other study)",
R00050,S1,exclude,"S1: no audio, video or deepfake term in title or abstract",
R00051,S1,exclude,"S1: no audio, video or deepfake term in title or abstract",
R00052,S2,exclude,S2 stimuli are not audio or video (text or still images),
R00053,S2,exclude,"S2 no human real-vs-fake judgment of AI-generated stimuli (detector, generator, dataset or other study)",
R00054,S1,exclude,"S1: no audio, video or deepfake term in title or abstract",
R00055,S2,exclude,"S2 no human real-vs-fake judgment of AI-generated stimuli (detector, generator, dataset or other study)",
R00056,S1b,exclude,S1b: no human-study term in title or abstract,
R00057,S2,exclude,S2 stimuli are not audio or video (text or still images),
R00058,S2,exclude,"S2 no human real-vs-fake judgment of AI-generated stimuli (detector, generator, dataset or other study)",
R00059,S2,exclude,"S2 not an empirical study (review, survey of methods, commentary, legal or policy analysis)",
R00060,S2,exclude,"S2 no human real-vs-fake judgment of AI-generated stimuli (detector, generator, dataset or other study)",
R00061,S2,exclude,"S2 no human real-vs-fake judgment of AI-generated stimuli (detector, generator, dataset or other study)",
R00062,S1b,exclude,S1b: no human-study term in title or abstract,
R00063,S2,exclude,"S2 not an empirical study (review, survey of methods, commentary, legal or policy analysis)",
R00064,S2,exclude,"S2 no human real-vs-fake judgment of AI-generated stimuli (detector, generator, dataset or other study)",
R00065,S1,exclude,"S1: no audio, video or deepfake term in title or abstract",
R00066,S1,exclude,"S1: no audio, video or deepfake term in title or abstract",
R00067,S3,include,"Real vs deepfake video categorization, accuracy reported",include
R00068,S2,exclude,S2 stimuli are not audio or video (text or still images),
R00069,S3,include,Listeners judged real human voices vs voice clones and generic AI voices as human/AI,include
R00070,S2,exclude,S2 stimuli are not audio or video (text or still images),
R00071,S1b,exclude,S1b: no human-study term in title or abstract,
R00072,S2,exclude,S2 stimuli are not audio or video (text or still images),
R00073,S1,exclude,"S1: no audio, video or deepfake term in title or abstract",
R00074,S1b,exclude,S1b: no human-study term in title or abstract,
R00075,S1b,exclude,S1b: no human-study term in title or abstract,
R00076,S1,exclude,"S1: no audio, video or deepfake term in title or abstract",
R00077,S2,exclude,"S2 no human real-vs-fake judgment of AI-generated stimuli (detector, generator, dataset or other study)",
R00078,S2,exclude,"S2 no human real-vs-fake judgment of AI-generated stimuli (detector, generator, dataset or other study)",
R00079,S1b,exclude,S1b: no human-study term in title or abstract,
R00080,S2,exclude,S2 stimuli are not audio or video (text or still images),
R00081,S3,exclude,E4: deepfake personas rated on credibility/empathy in a design task; no real-vs-fake judgment,full_text
R00082,S1,exclude,"S1: no audio, video or deepfake term in title or abstract",
R00083,S1b,exclude,S1b: no human-study term in title or abstract,
R00084,S2,exclude,"S2 not an empirical study (review, survey of methods, commentary, legal or policy analysis)",
R00085,S1b,exclude,S1b: no human-study term in title or abstract,
R00086,S2,exclude,S2 stimuli are not audio or video (text or still images),
R00087,S1,exclude,"S1: no audio, video or deepfake term in title or abstract",
R00088,S2,exclude,S2 stimuli are not audio or video (text or still images),
R00089,S2,exclude,"S2 not an empirical study (review, survey of methods, commentary, legal or policy analysis)",
R00090,S1,exclude,"S1: no audio, video or deepfake term in title or abstract",
R00091,S1b,exclude,S1b: no human-study term in title or abstract,
R00092,S2,exclude,"S2 not an empirical study (review, survey of methods, commentary, legal or policy analysis)",
R00093,S1,exclude,"S1: no audio, video or deepfake term in title or abstract",
R00094,S2,exclude,"S2 not an empirical study (review, survey of methods, commentary, legal or policy analysis)",
R00095,S3,include,User study: 100 experts rated whether clips 'look real' across deepfake datasets,full_text
R00096,S1,exclude,"S1: no audio, video or deepfake term in title or abstract",
R00097,S2,exclude,"S2 no human real-vs-fake judgment of AI-generated stimuli (detector, generator, dataset or other study)",
R00098,S2,exclude,"S2 no human real-vs-fake judgment of AI-generated stimuli (detector, generator, dataset or other study)",
R00099,S1,exclude,"S1: no audio, video or deepfake term in title or abstract",
R00100,S2,exclude,S2 stimuli are not audio or video (text or still images),
R00101,S2,exclude,"S2 no human real-vs-fake judgment of AI-generated stimuli (detector, generator, dataset or other study)",
R00102,S2,exclude,"S2 no human real-vs-fake judgment of AI-generated stimuli (detector, generator, dataset or other study)",
R00103,S1,exclude,"S1: no audio, video or deepfake term in title or abstract",
R00104,S1,exclude,"S1: no audio, video or deepfake term in title or abstract",
R00105,S2,exclude,"S2 no human real-vs-fake judgment of AI-generated stimuli (detector, generator, dataset or other study)",
R00106,S1,exclude,"S1: no audio, video or deepfake term in title or abstract",
R00107,S1,exclude,"S1: no audio, video or deepfake term in title or abstract",
R00108,S1,exclude,"S1: no audio, video or deepfake term in title or abstract",
R00109,S2,exclude,"S2 no human real-vs-fake judgment of AI-generated stimuli (detector, generator, dataset or other study)",
R00110,S2,exclude,"S2 no human real-vs-fake judgment of AI-generated stimuli (detector, generator, dataset or other study)",
R00111,S1b,exclude,S1b: no human-study term in title or abstract,
R00112,S2,exclude,"S2 no human real-vs-fake judgment of AI-generated stimuli (detector, generator, dataset or other study)",
R00113,S2,exclude,"S2 no human real-vs-fake judgment of AI-generated stimuli (detector, generator, dataset or other study)",
R00114,S1,exclude,"S1: no audio, video or deepfake term in title or abstract",
R00115,S2,exclude,"S2 no human real-vs-fake judgment of AI-generated stimuli (detector, generator, dataset or other study)",
R00116,S2,exclude,S2 stimuli are not audio or video (text or still images),
R00117,S1,exclude,"S1: no audio, video or deepfake term in title or abstract",
R00118,S2,exclude,S2 stimuli are not audio or video (text or still images),
R00119,S2,exclude,"S2 not an empirical study (review, survey of methods, commentary, legal or policy analysis)",
R00120,S2,exclude,"S2 no human real-vs-fake judgment of AI-generated stimuli (detector, generator, dataset or other study)",
R00121,S1,exclude,"S1: no audio, video or deepfake term in title or abstract",
R00122,S2,exclude,"S2 no human real-vs-fake judgment of AI-generated stimuli (detector, generator, dataset or other study)",
R00123,S1,exclude,"S1: no audio, video or deepfake term in title or abstract",
R00124,S2,exclude,"S2 no human real-vs-fake judgment of AI-generated stimuli (detector, generator, dataset or other study)",
R00125,S2,exclude,"S2 no human real-vs-fake judgment of AI-generated stimuli (detector, generator, dataset or other study)",
R00126,S1,exclude,"S1: no audio, video or deepfake term in title or abstract",
R00127,S3,include,"Human detection of AI-generated audio, video, audiovisual (and images) near chance",include
R00128,S1b,exclude,S1b: no human-study term in title or abstract,
R00129,S2,exclude,S2 stimuli are not audio or video (text or still images),
R00130,S1b,exclude,S1b: no human-study term in title or abstract,
R00131,S1b,exclude,S1b: no human-study term in title or abstract,
R00132,S2,exclude,"S2 no human real-vs-fake judgment of AI-generated stimuli (detector, generator, dataset or other study)",
R00133,S1,exclude,"S1: no audio, video or deepfake term in title or abstract",
R00134,S2,exclude,"S2 not an empirical study (review, survey of methods, commentary, legal or policy analysis)",
R00135,S2,exclude,"S2 no human real-vs-fake judgment of AI-generated stimuli (detector, generator, dataset or other study)",
R00136,S2,exclude,"S2 no human real-vs-fake judgment of AI-generated stimuli (detector, generator, dataset or other study)",
R00137,S2,exclude,"S2 no human real-vs-fake judgment of AI-generated stimuli (detector, generator, dataset or other study)",
R00138,S1b,exclude,S1b: no human-study term in title or abstract,
R00139,S1,exclude,"S1: no audio, video or deepfake term in title or abstract",
R00140,S2,exclude,"S2 no human real-vs-fake judgment of AI-generated stimuli (detector, generator, dataset or other study)",
R00141,S2,exclude,"S2 no human real-vs-fake judgment of AI-generated stimuli (detector, generator, dataset or other study)",
R00142,S1b,exclude,S1b: no human-study term in title or abstract,
R00143,S2,exclude,"S2 not an empirical study (review, survey of methods, commentary, legal or policy analysis)",
R00144,S2,exclude,"S2 not an empirical study (review, survey of methods, commentary, legal or policy analysis)",
R00145,S2,exclude,"S2 no human real-vs-fake judgment of AI-generated stimuli (detector, generator, dataset or other study)",
R00146,S2,exclude,"S2 not an empirical study (review, survey of methods, commentary, legal or policy analysis)",
R00147,S3,include,Baseline survey and training study: real vs deepfake video judgments with accuracy,full_text
R00148,S2,exclude,"S2 no human real-vs-fake judgment of AI-generated stimuli (detector, generator, dataset or other study)",
R00149,S1,exclude,"S1: no audio, video or deepfake term in title or abstract",
R00150,S3,not_retrieved,"Abstract mentions 30 human listeners spoofed by cloned voices, but unclear whether task is real-vs-fake or speaker verification",full_text
R00151,S2,exclude,"S2 not an empirical study (review, survey of methods, commentary, legal or policy analysis)",
R00152,S2,exclude,"S2 no human real-vs-fake judgment of AI-generated stimuli (detector, generator, dataset or other study)",
R00153,S2,exclude,"S2 no human real-vs-fake judgment of AI-generated stimuli (detector, generator, dataset or other study)",
R00154,S2,exclude,"S2 no human real-vs-fake judgment of AI-generated stimuli (detector, generator, dataset or other study)",
R00155,S1,exclude,"S1: no audio, video or deepfake term in title or abstract",
R00156,S1,exclude,"S1: no audio, video or deepfake term in title or abstract",
R00157,S2,exclude,"S2 no human real-vs-fake judgment of AI-generated stimuli (detector, generator, dataset or other study)",
R00158,S1b,exclude,S1b: no human-study term in title or abstract,
R00159,S1,exclude,"S1: no audio, video or deepfake term in title or abstract",
R00160,S2,exclude,"S2 no human real-vs-fake judgment of AI-generated stimuli (detector, generator, dataset or other study)",
R00161,S1,exclude,"S1: no audio, video or deepfake term in title or abstract",
R00162,S1b,exclude,S1b: no human-study term in title or abstract,
R00163,S1b,exclude,S1b: no human-study term in title or abstract,
R00164,S2,exclude,S2 stimuli are not audio or video (text or still images),
R00165,S2,exclude,"S2 no human real-vs-fake judgment of AI-generated stimuli (detector, generator, dataset or other study)",
R00166,S2,exclude,"S2 no human real-vs-fake judgment of AI-generated stimuli (detector, generator, dataset or other study)",
R00167,S3,include,Participants rated whether videos were deepfakes (real and fake) alongside warning manipulations,full_text
R00168,S2,exclude,"S2 no human real-vs-fake judgment of AI-generated stimuli (detector, generator, dataset or other study)",
R00169,S1b,exclude,S1b: no human-study term in title or abstract,
R00170,S2,exclude,S2 stimuli are not audio or video (text or still images),
R00171,S1b,exclude,S1b: no human-study term in title or abstract,
R00172,S1,exclude,"S1: no audio, video or deepfake term in title or abstract",
R00173,S2,exclude,"S2 no human real-vs-fake judgment of AI-generated stimuli (detector, generator, dataset or other study)",
R00174,S1,exclude,"S1: no audio, video or deepfake term in title or abstract",
R00175,S1,exclude,"S1: no audio, video or deepfake term in title or abstract",
R00176,S2,exclude,S2 stimuli are not audio or video (text or still images),
R00177,S2,exclude,"S2 not an empirical study (review, survey of methods, commentary, legal or policy analysis)",
R00178,S3,include,Crowdsourced real vs fake judgments of DFDC videos with accuracy,include
R00179,S1b,exclude,S1b: no human-study term in title or abstract,
R00180,S1b,exclude,S1b: no human-study term in title or abstract,
R00181,S3,include,"Participants viewed real and deepfake videos and identified them, then interviews; numbers not available",full_text
R00182,S2,exclude,S2 stimuli are not audio or video (text or still images),
R00183,S2,exclude,S2 stimuli are not audio or video (text or still images),
R00184,S1,exclude,"S1: no audio, video or deepfake term in title or abstract",
R00185,S2,exclude,"S2 no human real-vs-fake judgment of AI-generated stimuli (detector, generator, dataset or other study)",
R00186,S2,exclude,"S2 no human real-vs-fake judgment of AI-generated stimuli (detector, generator, dataset or other study)",
R00187,S2,exclude,"S2 no human real-vs-fake judgment of AI-generated stimuli (detector, generator, dataset or other study)",
R00188,S2,exclude,"S2 no human real-vs-fake judgment of AI-generated stimuli (detector, generator, dataset or other study)",
R00189,S1b,exclude,S1b: no human-study term in title or abstract,
R00190,S1,exclude,"S1: no audio, video or deepfake term in title or abstract",
R00191,S1,exclude,"S1: no audio, video or deepfake term in title or abstract",
R00192,S2,exclude,"S2 no human real-vs-fake judgment of AI-generated stimuli (detector, generator, dataset or other study)",
R00193,S1b,exclude,S1b: no human-study term in title or abstract,
R00194,S2,exclude,"S2 no human real-vs-fake judgment of AI-generated stimuli (detector, generator, dataset or other study)",
R00195,S3,include,"Classification of real and deepfake Celeb-DF videos, accuracy reported",include
R00196,S1b,exclude,S1b: no human-study term in title or abstract,
R00197,S2,exclude,"S2 no human real-vs-fake judgment of AI-generated stimuli (detector, generator, dataset or other study)",
R00198,S1b,exclude,S1b: no human-study term in title or abstract,
R00199,S2,exclude,S2 stimuli are not audio or video (text or still images),
R00200,S2,exclude,S2 stimuli are not audio or video (text or still images),
R00201,S2,exclude,"S2 not an empirical study (review, survey of methods, commentary, legal or policy analysis)",
R00202,S2,exclude,"S2 no human real-vs-fake judgment of AI-generated stimuli (detector, generator, dataset or other study)",
R00203,S2,exclude,S2 stimuli are not audio or video (text or still images),
R00204,S2,exclude,"S2 no human real-vs-fake judgment of AI-generated stimuli (detector, generator, dataset or other study)",
R00205,S1,exclude,"S1: no audio, video or deepfake term in title or abstract",
R00206,S2,exclude,"S2 no human real-vs-fake judgment of AI-generated stimuli (detector, generator, dataset or other study)",
R00207,S2,exclude,"S2 no human real-vs-fake judgment of AI-generated stimuli (detector, generator, dataset or other study)",
R00208,S1,exclude,"S1: no audio, video or deepfake term in title or abstract",
R00209,S1,exclude,"S1: no audio, video or deepfake term in title or abstract",
R00210,S2,exclude,S2 stimuli are not audio or video (text or still images),
R00211,S1,exclude,"S1: no audio, video or deepfake term in title or abstract",
R00212,S1b,exclude,S1b: no human-study term in title or abstract,
R00213,S2,exclude,S2 stimuli are not audio or video (text or still images),
R00214,S2,exclude,"S2 no human real-vs-fake judgment of AI-generated stimuli (detector, generator, dataset or other study)",
R00215,S1,exclude,"S1: no audio, video or deepfake term in title or abstract",
R00216,S2,exclude,"S2 no human real-vs-fake judgment of AI-generated stimuli (detector, generator, dataset or other study)",
R00217,S1,exclude,"S1: no audio, video or deepfake term in title or abstract",
R00218,S2,exclude,S2 stimuli are not audio or video (text or still images),
R00219,S2,exclude,S2 stimuli are not audio or video (text or still images),
R00220,S2,exclude,S2 stimuli are not audio or video (text or still images),
R00221,S2,exclude,"S2 not an empirical study (review, survey of methods, commentary, legal or policy analysis)",
R00222,S3,exclude,"E4: behavioural task was speaker identity matching, not a real-vs-fake judgment",full_text
R00223,S1,exclude,"S1: no audio, video or deepfake term in title or abstract",
R00224,S1,exclude,"S1: no audio, video or deepfake term in title or abstract",
R00225,S2,exclude,"S2 no human real-vs-fake judgment of AI-generated stimuli (detector, generator, dataset or other study)",
R00226,S1,exclude,"S1: no audio, video or deepfake term in title or abstract",
R00227,S2,exclude,"S2 no human real-vs-fake judgment of AI-generated stimuli (detector, generator, dataset or other study)",
R00228,S2,exclude,"S2 not an empirical study (review, survey of methods, commentary, legal or policy analysis)",
R00229,S1,exclude,"S1: no audio, video or deepfake term in title or abstract",
R00230,S3,include,Participants identified real vs fake face videos with/without artifact magnification; sensitivity reported,include
R00231,S2,exclude,S2 stimuli are not audio or video (text or still images),
R00232,S1,exclude,"S1: no audio, video or deepfake term in title or abstract",
R00233,S1b,exclude,S1b: no human-study term in title or abstract,
R00234,S2,exclude,"S2 no human real-vs-fake judgment of AI-generated stimuli (detector, generator, dataset or other study)",
R00235,S1,exclude,"S1: no audio, video or deepfake term in title or abstract",
R00236,S2,exclude,S2 stimuli are not audio or video (text or still images),
R00237,S1,exclude,"S1: no audio, video or deepfake term in title or abstract",
R00238,S1,exclude,"S1: no audio, video or deepfake term in title or abstract",
R00239,S3,include,Representative survey in 3 countries: audio rated human vs machine with accuracy,include
R00240,S2,exclude,"S2 no human real-vs-fake judgment of AI-generated stimuli (detector, generator, dataset or other study)",
R00241,S1,exclude,"S1: no audio, video or deepfake term in title or abstract",
R00242,S2,exclude,"S2 no human real-vs-fake judgment of AI-generated stimuli (detector, generator, dataset or other study)",
R00243,S1,exclude,"S1: no audio, video or deepfake term in title or abstract",
R00244,S2,exclude,S2 stimuli are not audio or video (text or still images),
R00245,S2,exclude,"S2 no human real-vs-fake judgment of AI-generated stimuli (detector, generator, dataset or other study)",
R00246,S2,exclude,"S2 no human real-vs-fake judgment of AI-generated stimuli (detector, generator, dataset or other study)",
R00247,S2,exclude,S2 stimuli are not audio or video (text or still images),
R00248,S2,exclude,"S2 no human real-vs-fake judgment of AI-generated stimuli (detector, generator, dataset or other study)",
R00249,S3,exclude,"E4: between-subjects believability/credibility ratings, no real-vs-fake judgment",full_text
R00250,S3,include,"After debrief, participants judged whether watched videos were real or deepfake",full_text
R00251,S2,exclude,"S2 no human real-vs-fake judgment of AI-generated stimuli (detector, generator, dataset or other study)",
R00252,S1b,exclude,S1b: no human-study term in title or abstract,
R00253,S1,exclude,"S1: no audio, video or deepfake term in title or abstract",
R00254,S2,exclude,"S2 no human real-vs-fake judgment of AI-generated stimuli (detector, generator, dataset or other study)",
R00255,S2,exclude,"S2 not an empirical study (review, survey of methods, commentary, legal or policy analysis)",
R00256,S2,exclude,"S2 no human real-vs-fake judgment of AI-generated stimuli (detector, generator, dataset or other study)",
R00257,S2,exclude,S2 stimuli are not audio or video (text or still images),
R00258,S1,exclude,"S1: no audio, video or deepfake term in title or abstract",
R00259,S1,exclude,"S1: no audio, video or deepfake term in title or abstract",
R00260,S2,exclude,"S2 no human real-vs-fake judgment of AI-generated stimuli (detector, generator, dataset or other study)",
R00261,S2,exclude,S2 stimuli are not audio or video (text or still images),
R00262,S2,exclude,S2 stimuli are not audio or video (text or still images),
R00263,S1,exclude,"S1: no audio, video or deepfake term in title or abstract",
R00264,S1,exclude,"S1: no audio, video or deepfake term in title or abstract",
R00265,S2,exclude,"S2 not an empirical study (review, survey of methods, commentary, legal or policy analysis)",
R00266,S1,exclude,"S1: no audio, video or deepfake term in title or abstract",
R00267,S2,exclude,"S2 no human real-vs-fake judgment of AI-generated stimuli (detector, generator, dataset or other study)",
R00268,S1,exclude,"S1: no audio, video or deepfake term in title or abstract",
R00269,S2,exclude,"S2 no human real-vs-fake judgment of AI-generated stimuli (detector, generator, dataset or other study)",
R00270,S1,exclude,"S1: no audio, video or deepfake term in title or abstract",
R00271,S2,exclude,"S2 no human real-vs-fake judgment of AI-generated stimuli (detector, generator, dataset or other study)",
R00272,S1,exclude,"S1: no audio, video or deepfake term in title or abstract",
R00273,S2,exclude,"S2 no human real-vs-fake judgment of AI-generated stimuli (detector, generator, dataset or other study)",
R00274,S1,exclude,"S1: no audio, video or deepfake term in title or abstract",
R00275,S1b,exclude,S1b: no human-study term in title or abstract,
R00276,S1,exclude,"S1: no audio, video or deepfake term in title or abstract",
R00277,S3,include,Explicit authenticity judgments of real vs deepfake interview clips,include
R00278,S2,exclude,S2 stimuli are not audio or video (text or still images),
R00279,S2,exclude,"S2 no human real-vs-fake judgment of AI-generated stimuli (detector, generator, dataset or other study)",
R00280,S1b,exclude,S1b: no human-study term in title or abstract,
R00281,S2,exclude,"S2 not an empirical study (review, survey of methods, commentary, legal or policy analysis)",
R00282,S3,include,"Crowdsourced real vs fake judgments of DFDC videos, compared with algorithms",include
R00283,S1,exclude,"S1: no audio, video or deepfake term in title or abstract",
R00284,S2,exclude,"S2 no human real-vs-fake judgment of AI-generated stimuli (detector, generator, dataset or other study)",
R00285,S1,exclude,"S1: no audio, video or deepfake term in title or abstract",
R00286,S1,exclude,"S1: no audio, video or deepfake term in title or abstract",
R00287,S1,exclude,"S1: no audio, video or deepfake term in title or abstract",
R00288,S1,exclude,"S1: no audio, video or deepfake term in title or abstract",
R00289,S3,include,Participants judged authenticity of deepfake videos (crowd computing); numbers not available,full_text
R00290,S3,include,Listening test: real vs fake environmental sounds judged,full_text
R00291,S3,include,Study 1 compared real vs deepfake video on fakeness rating (between subjects),include
R00292,S2,exclude,"S2 no human real-vs-fake judgment of AI-generated stimuli (detector, generator, dataset or other study)",
R00293,S1,exclude,"S1: no audio, video or deepfake term in title or abstract",
R00294,S2,exclude,"S2 no human real-vs-fake judgment of AI-generated stimuli (detector, generator, dataset or other study)",
R00295,S2,exclude,"S2 no human real-vs-fake judgment of AI-generated stimuli (detector, generator, dataset or other study)",
R00296,S2,exclude,"S2 no human real-vs-fake judgment of AI-generated stimuli (detector, generator, dataset or other study)",
R00297,S2,exclude,S2 stimuli are not audio or video (text or still images),
R00298,S2,exclude,S2 stimuli are not audio or video (text or still images),
R00299,S1,exclude,"S1: no audio, video or deepfake term in title or abstract",
R00300,S3,include,Police officers and super-recognizers did 2AFC and single-video deepfake detection,include
R00301,S1,exclude,"S1: no audio, video or deepfake term in title or abstract",
R00302,S1,exclude,"S1: no audio, video or deepfake term in title or abstract",
R00303,S2,exclude,"S2 no human real-vs-fake judgment of AI-generated stimuli (detector, generator, dataset or other study)",
R00304,S1,exclude,"S1: no audio, video or deepfake term in title or abstract",
R00305,S2,exclude,"S2 no human real-vs-fake judgment of AI-generated stimuli (detector, generator, dataset or other study)",
R00306,S2,exclude,"S2 no human real-vs-fake judgment of AI-generated stimuli (detector, generator, dataset or other study)",
R00307,S1b,exclude,S1b: no human-study term in title or abstract,
R00308,S1,exclude,"S1: no audio, video or deepfake term in title or abstract",
R00309,S2,exclude,"S2 not an empirical study (review, survey of methods, commentary, legal or policy analysis)",
R00310,S3,include,Interviews in which participants identified authentic and fabricated videos; numbers not available,full_text
R00311,S2,exclude,"S2 no human real-vs-fake judgment of AI-generated stimuli (detector, generator, dataset or other study)",
R00312,S2,exclude,"S2 humans rate quality or naturalness only, no real-vs-fake judgment",
R00313,S1,exclude,"S1: no audio, video or deepfake term in title or abstract",
R00314,S2,exclude,"S2 not an empirical study (review, survey of methods, commentary, legal or policy analysis)",
R00315,S2,exclude,"S2 no human real-vs-fake judgment of AI-generated stimuli (detector, generator, dataset or other study)",
R00316,S2,exclude,"S2 not an empirical study (review, survey of methods, commentary, legal or policy analysis)",
R00317,S1,exclude,"S1: no audio, video or deepfake term in title or abstract",
R00318,S2,exclude,S2 stimuli are not audio or video (text or still images),
R00319,S2,exclude,S2 stimuli are not audio or video (text or still images),
R00320,S3,include,Unaware respondents received a deepfake voice message; later identified it,include
R00321,S2,exclude,S2 stimuli are not audio or video (text or still images),
R00322,S2,exclude,"S2 not an empirical study (review, survey of methods, commentary, legal or policy analysis)",
R00323,S2,exclude,"S2 no human real-vs-fake judgment of AI-generated stimuli (detector, generator, dataset or other study)",
R00324,S2,exclude,"S2 no human real-vs-fake judgment of AI-generated stimuli (detector, generator, dataset or other study)",
R00325,S1,exclude,"S1: no audio, video or deepfake term in title or abstract",
R00326,S2,exclude,S2 stimuli are not audio or video (text or still images),
R00327,S2,exclude,"S2 no human real-vs-fake judgment of AI-generated stimuli (detector, generator, dataset or other study)",
R00328,S1,exclude,"S1: no audio, video or deepfake term in title or abstract",
R00329,S2,exclude,S2 stimuli are not audio or video (text or still images),
R00330,S2,exclude,S2 stimuli are not audio or video (text or still images),
R00331,S1,exclude,"S1: no audio, video or deepfake term in title or abstract",
R00332,S2,exclude,"S2 no human real-vs-fake judgment of AI-generated stimuli (detector, generator, dataset or other study)",
R00333,S2,exclude,"S2 no human real-vs-fake judgment of AI-generated stimuli (detector, generator, dataset or other study)",
R00334,S1b,exclude,S1b: no human-study term in title or abstract,
R00335,S2,exclude,"S2 no human real-vs-fake judgment of AI-generated stimuli (detector, generator, dataset or other study)",
R00336,S2,exclude,"S2 no human real-vs-fake judgment of AI-generated stimuli (detector, generator, dataset or other study)",
R00337,S2,exclude,"S2 no human real-vs-fake judgment of AI-generated stimuli (detector, generator, dataset or other study)",
R00338,S1b,exclude,S1b: no human-study term in title or abstract,
R00339,S2,exclude,S2 stimuli are not audio or video (text or still images),
R00340,S3,include,Participants classified real vs deepfake videos then interviewed; qualitative,full_text
R00341,S1,exclude,"S1: no audio, video or deepfake term in title or abstract",
R00342,S1,exclude,"S1: no audio, video or deepfake term in title or abstract",
R00343,S2,exclude,S2 stimuli are not audio or video (text or still images),
R00344,S2,exclude,"S2 no human real-vs-fake judgment of AI-generated stimuli (detector, generator, dataset or other study)",
R00345,S3,include,Feedback-based detection training vs control on real and deepfake media; accuracy reported,include
R00346,S1b,exclude,S1b: no human-study term in title or abstract,
R00347,S1b,exclude,S1b: no human-study term in title or abstract,
R00348,S1b,exclude,S1b: no human-study term in title or abstract,
R00349,S2,exclude,"S2 humans rate quality or naturalness only, no real-vs-fake judgment",
R00350,S2,exclude,S2 stimuli are not audio or video (text or still images),
R00351,S3,include,User study: real vs fake DFDCp videos with/without caricatures across exposure times,include
R00352,S2,exclude,S2 stimuli are not audio or video (text or still images),
R00353,S3,exclude,E4: perceived credibility of deepfakes; no real-vs-fake judgment,full_text
R00354,S3,exclude,E4: credibility ratings of real vs fake audio/video before reveal; no real-vs-fake judgment,full_text
R00355,S1,exclude,"S1: no audio, video or deepfake term in title or abstract",
R00356,S2,exclude,"S2 no human real-vs-fake judgment of AI-generated stimuli (detector, generator, dataset or other study)",
R00357,S1,exclude,"S1: no audio, video or deepfake term in title or abstract",
R00358,S2,exclude,"S2 no human real-vs-fake judgment of AI-generated stimuli (detector, generator, dataset or other study)",
R00359,S2,exclude,"S2 no human real-vs-fake judgment of AI-generated stimuli (detector, generator, dataset or other study)",
R00360,S2,exclude,"S2 not an empirical study (review, survey of methods, commentary, legal or policy analysis)",
R00361,S2,exclude,"S2 no human real-vs-fake judgment of AI-generated stimuli (detector, generator, dataset or other study)",
R00362,S2,exclude,S2 stimuli are not audio or video (text or still images),
R00363,S2,exclude,"S2 no human real-vs-fake judgment of AI-generated stimuli (detector, generator, dataset or other study)",
R00364,S1,exclude,"S1: no audio, video or deepfake term in title or abstract",
R00365,S2,exclude,S2 stimuli are not audio or video (text or still images),
R00366,S1,exclude,"S1: no audio, video or deepfake term in title or abstract",
R00367,S1b,exclude,S1b: no human-study term in title or abstract,
R00368,S1b,exclude,S1b: no human-study term in title or abstract,
R00369,S1,exclude,"S1: no audio, video or deepfake term in title or abstract",
R00370,S1,exclude,"S1: no audio, video or deepfake term in title or abstract",
R00371,S2,exclude,"S2 no human real-vs-fake judgment of AI-generated stimuli (detector, generator, dataset or other study)",
R00372,S1,exclude,"S1: no audio, video or deepfake term in title or abstract",
R00373,S2,exclude,"S2 no human real-vs-fake judgment of AI-generated stimuli (detector, generator, dataset or other study)",
R00374,S2,exclude,S2 stimuli are not audio or video (text or still images),
R00375,S2,exclude,S2 stimuli are not audio or video (text or still images),
R00376,S1,exclude,"S1: no audio, video or deepfake term in title or abstract",
R00377,S2,exclude,S2 stimuli are not audio or video (text or still images),
R00378,S2,exclude,"S2 no human real-vs-fake judgment of AI-generated stimuli (detector, generator, dataset or other study)",
R00379,S2,exclude,S2 stimuli are not audio or video (text or still images),
R00380,S3,not_retrieved,Dataset paper mentions human surveys but task and numbers could not be verified,full_text
R00381,S2,exclude,"S2 no human real-vs-fake judgment of AI-generated stimuli (detector, generator, dataset or other study)",
R00382,S2,exclude,"S2 no human real-vs-fake judgment of AI-generated stimuli (detector, generator, dataset or other study)",
R00383,S2,exclude,"S2 humans rate quality or naturalness only, no real-vs-fake judgment",
R00384,S3,include,Participants detected deepfakes with vs without motion magnification,include
R00385,S2,exclude,"S2 no human real-vs-fake judgment of AI-generated stimuli (detector, generator, dataset or other study)",
R00386,S1b,exclude,S1b: no human-study term in title or abstract,
R00387,S3,include,"Human detection of AI-generated audio, video, audiovisual (and images) near chance",include
R00388,S3,include,"Discernment between real and deepfake political videos, credibility and detection",full_text
R00389,S2,exclude,"S2 no human real-vs-fake judgment of AI-generated stimuli (detector, generator, dataset or other study)",
R00390,S1b,exclude,S1b: no human-study term in title or abstract,
R00391,S1,exclude,"S1: no audio, video or deepfake term in title or abstract",
R00392,S1b,exclude,S1b: no human-study term in title or abstract,
R00393,S1,exclude,"S1: no audio, video or deepfake term in title or abstract",
R00394,S1b,exclude,S1b: no human-study term in title or abstract,
R00395,S2,exclude,"S2 no human real-vs-fake judgment of AI-generated stimuli (detector, generator, dataset or other study)",
R00396,S1,exclude,"S1: no audio, video or deepfake term in title or abstract",
R00397,S1,exclude,"S1: no audio, video or deepfake term in title or abstract",
R00398,S3,include,"Two experiments on Czech/Slovak deepfake speech recognition, accuracy reported",include
R00399,S1,exclude,"S1: no audio, video or deepfake term in title or abstract",
R00400,S2,exclude,"S2 no human real-vs-fake judgment of AI-generated stimuli (detector, generator, dataset or other study)",
R00401,S2,exclude,"S2 humans rate quality or naturalness only, no real-vs-fake judgment",
R00402,S2,exclude,"S2 no human real-vs-fake judgment of AI-generated stimuli (detector, generator, dataset or other study)",
R00403,S3,include,"Listeners distinguished original vs cloned recordings in pairs, accuracy reported",include
R00404,S3,exclude,"E2: stimuli are synthetic (GAN) faces, image-only",full_text
R00405,S1,exclude,"S1: no audio, video or deepfake term in title or abstract",
R00406,S1b,exclude,S1b: no human-study term in title or abstract,
R00407,S2,exclude,"S2 not an empirical study (review, survey of methods, commentary, legal or policy analysis)",
R00408,S1,exclude,"S1: no audio, video or deepfake term in title or abstract",
R00409,S1b,exclude,S1b: no human-study term in title or abstract,
R00410,S1,exclude,"S1: no audio, video or deepfake term in title or abstract",
R00411,S2,exclude,"S2 no human real-vs-fake judgment of AI-generated stimuli (detector, generator, dataset or other study)",
R00412,S3,include,Participants judged authenticity of politicians' real and lip-synced deepfake video clips,include
R00413,S1,exclude,"S1: no audio, video or deepfake term in title or abstract",
R00414,S1,exclude,"S1: no audio, video or deepfake term in title or abstract",
R00415,S1,exclude,"S1: no audio, video or deepfake term in title or abstract",
R00416,S1,exclude,"S1: no audio, video or deepfake term in title or abstract",
R00417,S1,exclude,"S1: no audio, video or deepfake term in title or abstract",
R00418,S1b,exclude,S1b: no human-study term in title or abstract,
R00419,S3,include,"Real vs fake audiovisual deepfake video judgments, accuracy reported",include
R00420,S1b,exclude,S1b: no human-study term in title or abstract,
R00421,S1b,exclude,S1b: no human-study term in title or abstract,
R00422,S3,include,"Online crowd judged real vs DFDC deepfake videos (2AFC and single-video), compared with model",include
R00423,S2,exclude,"S2 no human real-vs-fake judgment of AI-generated stimuli (detector, generator, dataset or other study)",
R00424,S3,include,"VSS abstract of the same Groh deepfake video detection study (real vs fake videos, 2AFC and confidence)",include
R00425,S1,exclude,"S1: no audio, video or deepfake term in title or abstract",
R00426,S2,exclude,"S2 no human real-vs-fake judgment of AI-generated stimuli (detector, generator, dataset or other study)",
R00427,S3,include,Participants viewed human and Synthesia deepfake persona videos and were asked whether the person was a deepfake,full_text
R00428,S2,exclude,"S2 no human real-vs-fake judgment of AI-generated stimuli (detector, generator, dataset or other study)",
R00429,S2,exclude,S2 stimuli are not audio or video (text or still images),
R00430,S2,exclude,"S2 no human real-vs-fake judgment of AI-generated stimuli (detector, generator, dataset or other study)",
R00431,S1,exclude,"S1: no audio, video or deepfake term in title or abstract",
R00432,S3,include,Crowd subjects judged 60 real and 60 deepfake videos as real or fake,full_text
R00433,S2,exclude,"S2 no human real-vs-fake judgment of AI-generated stimuli (detector, generator, dataset or other study)",
R00434,S2,exclude,S2 stimuli are not audio or video (text or still images),
R00435,S1,exclude,"S1: no audio, video or deepfake term in title or abstract",
R00436,S2,exclude,"S2 no human real-vs-fake judgment of AI-generated stimuli (detector, generator, dataset or other study)",
R00437,S1,exclude,"S1: no audio, video or deepfake term in title or abstract",
R00438,S2,exclude,"S2 no human real-vs-fake judgment of AI-generated stimuli (detector, generator, dataset or other study)",
R00439,S3,exclude,"E2 - static grayscale face images (FaceMix), not video/audio",full_text
R00440,S1,exclude,"S1: no audio, video or deepfake term in title or abstract",
R00441,S3,include,Large-scale online study: listeners labelled real vs deepfake audio from three datasets,include
R00442,S2,exclude,"S2 no human real-vs-fake judgment of AI-generated stimuli (detector, generator, dataset or other study)",
R00443,S3,include,71 participants classified authentic and in-house deepfake videos,full_text
R00444,S2,exclude,"S2 not an empirical study (review, survey of methods, commentary, legal or policy analysis)",
R00445,S1,exclude,"S1: no audio, video or deepfake term in title or abstract",
R00446,S3,include,Listeners judged 10 real and 11 TTS deepfake clips of a professor's voice,include
R00447,S2,exclude,"S2 no human real-vs-fake judgment of AI-generated stimuli (detector, generator, dataset or other study)",
R00448,S2,exclude,S2 stimuli are not audio or video (text or still images),
R00449,S1,exclude,"S1: no audio, video or deepfake term in title or abstract",
R00450,S1b,exclude,S1b: no human-study term in title or abstract,
R00451,S2,exclude,"S2 not an empirical study (review, survey of methods, commentary, legal or policy analysis)",
R00452,S1,exclude,"S1: no audio, video or deepfake term in title or abstract",
R00453,S1b,exclude,S1b: no human-study term in title or abstract,
R00454,S2,exclude,"S2 no human real-vs-fake judgment of AI-generated stimuli (detector, generator, dataset or other study)",
R00455,S1b,exclude,S1b: no human-study term in title or abstract,
R00456,S1,exclude,"S1: no audio, video or deepfake term in title or abstract",
R00457,S1,exclude,"S1: no audio, video or deepfake term in title or abstract",
R00458,S1,exclude,"S1: no audio, video or deepfake term in title or abstract",
R00459,S2,exclude,"S2 no human real-vs-fake judgment of AI-generated stimuli (detector, generator, dataset or other study)",
R00460,S2,exclude,"S2 no human real-vs-fake judgment of AI-generated stimuli (detector, generator, dataset or other study)",
R00461,S1,exclude,"S1: no audio, video or deepfake term in title or abstract",
R00462,S2,exclude,"S2 no human real-vs-fake judgment of AI-generated stimuli (detector, generator, dataset or other study)",
R00463,S2,exclude,"S2 no human real-vs-fake judgment of AI-generated stimuli (detector, generator, dataset or other study)",
R00464,S1,exclude,"S1: no audio, video or deepfake term in title or abstract",
R00465,S1,exclude,"S1: no audio, video or deepfake term in title or abstract",
R00466,S2,exclude,"S2 not an empirical study (review, survey of methods, commentary, legal or policy analysis)",
R00467,S2,exclude,"S2 no human real-vs-fake judgment of AI-generated stimuli (detector, generator, dataset or other study)",
R00468,S2,exclude,S2 stimuli are not audio or video (text or still images),
R00469,S1,exclude,"S1: no audio, video or deepfake term in title or abstract",
R00470,S2,exclude,"S2 no human real-vs-fake judgment of AI-generated stimuli (detector, generator, dataset or other study)",
R00471,S1,exclude,"S1: no audio, video or deepfake term in title or abstract",
R00472,S3,include,154 adults classified four videos as original or deepfake,include
R00473,S1,exclude,"S1: no audio, video or deepfake term in title or abstract",
R00474,S2,exclude,"S2 no human real-vs-fake judgment of AI-generated stimuli (detector, generator, dataset or other study)",
R00475,S1,exclude,"S1: no audio, video or deepfake term in title or abstract",
R00476,S2,exclude,"S2 not an empirical study (review, survey of methods, commentary, legal or policy analysis)",
R00477,S1,exclude,"S1: no audio, video or deepfake term in title or abstract",
R00478,S2,exclude,"S2 no human real-vs-fake judgment of AI-generated stimuli (detector, generator, dataset or other study)",
R00479,S2,exclude,"S2 no human real-vs-fake judgment of AI-generated stimuli (detector, generator, dataset or other study)",
R00480,S1,exclude,"S1: no audio, video or deepfake term in title or abstract",
R00481,S2,exclude,"S2 not an empirical study (review, survey of methods, commentary, legal or policy analysis)",
R00482,S2,exclude,S2 stimuli are not audio or video (text or still images),
R00483,S1,exclude,"S1: no audio, video or deepfake term in title or abstract",
R00484,S1,exclude,"S1: no audio, video or deepfake term in title or abstract",
R00485,S1,exclude,"S1: no audio, video or deepfake term in title or abstract",
R00486,S1,exclude,"S1: no audio, video or deepfake term in title or abstract",
R00487,S2,exclude,"S2 no human real-vs-fake judgment of AI-generated stimuli (detector, generator, dataset or other study)",
R00488,S2,exclude,"S2 no human real-vs-fake judgment of AI-generated stimuli (detector, generator, dataset or other study)",
R00489,S2,exclude,"S2 no human real-vs-fake judgment of AI-generated stimuli (detector, generator, dataset or other study)",
R00490,S1,exclude,"S1: no audio, video or deepfake term in title or abstract",
R00491,S1,exclude,"S1: no audio, video or deepfake term in title or abstract",
R00492,S2,exclude,"S2 no human real-vs-fake judgment of AI-generated stimuli (detector, generator, dataset or other study)",
R00493,S1b,exclude,S1b: no human-study term in title or abstract,
R00494,S1b,exclude,S1b: no human-study term in title or abstract,
R00495,S2,exclude,S2 stimuli are not audio or video (text or still images),
R00496,S3,include,Preregistered: participants classified real vs AI-cloned voices (and faces),include
R00497,S3,exclude,"E4 - credibility ratings of AI vs human doctor content, participants told which was AI; no real-vs-fake judgment (AI stimuli were images)",full_text
R00498,S2,exclude,"S2 no human real-vs-fake judgment of AI-generated stimuli (detector, generator, dataset or other study)",
R00499,S1b,exclude,S1b: no human-study term in title or abstract,
R00500,S3,include,EEG participants judged authenticity of cross-cultural deepfake and real videos,full_text
R00501,S3,include,Blind/low-vision participants classified real vs synthetic speech,include
R00502,S2,exclude,S2 stimuli are not audio or video (text or still images),
R00503,S1,exclude,"S1: no audio, video or deepfake term in title or abstract",
R00504,S2,exclude,"S2 no human real-vs-fake judgment of AI-generated stimuli (detector, generator, dataset or other study)",
R00505,S2,exclude,"S2 not an empirical study (review, survey of methods, commentary, legal or policy analysis)",
R00506,S1b,exclude,S1b: no human-study term in title or abstract,
R00507,S2,exclude,"S2 no human real-vs-fake judgment of AI-generated stimuli (detector, generator, dataset or other study)",
R00508,S3,include,Human vs ML detection of deepfake videos compared,full_text
R00509,S1,exclude,"S1: no audio, video or deepfake term in title or abstract",
R00510,S2,exclude,S2 stimuli are not audio or video (text or still images),
R00511,S1,exclude,"S1: no audio, video or deepfake term in title or abstract",
R00512,S2,exclude,"S2 no human real-vs-fake judgment of AI-generated stimuli (detector, generator, dataset or other study)",
R00513,S2,exclude,"S2 no human real-vs-fake judgment of AI-generated stimuli (detector, generator, dataset or other study)",
R00514,S1,exclude,"S1: no audio, video or deepfake term in title or abstract",
R00515,S1,exclude,"S1: no audio, video or deepfake term in title or abstract",
R00516,S1,exclude,"S1: no audio, video or deepfake term in title or abstract",
R00517,S2,exclude,"S2 not an empirical study (review, survey of methods, commentary, legal or policy analysis)",
R00518,S1b,exclude,S1b: no human-study term in title or abstract,
R00519,S1,exclude,"S1: no audio, video or deepfake term in title or abstract",
R00520,S1,exclude,"S1: no audio, video or deepfake term in title or abstract",
R00521,S2,exclude,"S2 no human real-vs-fake judgment of AI-generated stimuli (detector, generator, dataset or other study)",
R00522,S1b,exclude,S1b: no human-study term in title or abstract,
R00523,S2,exclude,"S2 no human real-vs-fake judgment of AI-generated stimuli (detector, generator, dataset or other study)",
R00524,S1,exclude,"S1: no audio, video or deepfake term in title or abstract",
R00525,S2,exclude,S2 stimuli are not audio or video (text or still images),
R00526,S1,exclude,"S1: no audio, video or deepfake term in title or abstract",
R00527,S2,exclude,"S2 no human real-vs-fake judgment of AI-generated stimuli (detector, generator, dataset or other study)",
R00528,S2,exclude,"S2 no human real-vs-fake judgment of AI-generated stimuli (detector, generator, dataset or other study)",
R00529,S1b,exclude,S1b: no human-study term in title or abstract,
R00530,S2,exclude,S2 stimuli are not audio or video (text or still images),
R00531,S2,exclude,"S2 not an empirical study (review, survey of methods, commentary, legal or policy analysis)",
R00532,S2,exclude,S2 stimuli are not audio or video (text or still images),
R00533,S1,exclude,"S1: no audio, video or deepfake term in title or abstract",
R00534,S2,exclude,"S2 no human real-vs-fake judgment of AI-generated stimuli (detector, generator, dataset or other study)",
R00535,S1,exclude,"S1: no audio, video or deepfake term in title or abstract",
R00536,S2,exclude,S2 stimuli are not audio or video (text or still images),
R00537,S2,exclude,"S2 no human real-vs-fake judgment of AI-generated stimuli (detector, generator, dataset or other study)",
R00538,S2,exclude,S2 stimuli are not audio or video (text or still images),
R00539,S2,exclude,"S2 no human real-vs-fake judgment of AI-generated stimuli (detector, generator, dataset or other study)",
R00540,S1b,exclude,S1b: no human-study term in title or abstract,
R00541,S2,exclude,"S2 no human real-vs-fake judgment of AI-generated stimuli (detector, generator, dataset or other study)",
R00542,S1,exclude,"S1: no audio, video or deepfake term in title or abstract",
R00543,S2,exclude,"S2 no human real-vs-fake judgment of AI-generated stimuli (detector, generator, dataset or other study)",
R00544,S1b,exclude,S1b: no human-study term in title or abstract,
R00545,S3,include,192 participants classified genuine and deepfake videos with/without channel distortions,include
R00546,S2,exclude,S2 stimuli are not audio or video (text or still images),
R00547,S2,exclude,"S2 no human real-vs-fake judgment of AI-generated stimuli (detector, generator, dataset or other study)",
R00548,S1b,exclude,S1b: no human-study term in title or abstract,
R00549,S2,exclude,"S2 no human real-vs-fake judgment of AI-generated stimuli (detector, generator, dataset or other study)",
R00550,S2,exclude,S2 stimuli are not audio or video (text or still images),
R00551,S2,exclude,"S2 no human real-vs-fake judgment of AI-generated stimuli (detector, generator, dataset or other study)",
R00552,S2,exclude,"S2 no human real-vs-fake judgment of AI-generated stimuli (detector, generator, dataset or other study)",
R00553,S1,exclude,"S1: no audio, video or deepfake term in title or abstract",
R00554,S1b,exclude,S1b: no human-study term in title or abstract,
R00555,S2,exclude,"S2 no human real-vs-fake judgment of AI-generated stimuli (detector, generator, dataset or other study)",
R00556,S1b,exclude,S1b: no human-study term in title or abstract,
R00557,S2,exclude,"S2 no human real-vs-fake judgment of AI-generated stimuli (detector, generator, dataset or other study)",
R00558,S1,exclude,"S1: no audio, video or deepfake term in title or abstract",
R00559,S2,exclude,"S2 no human real-vs-fake judgment of AI-generated stimuli (detector, generator, dataset or other study)",
R00560,S1,exclude,"S1: no audio, video or deepfake term in title or abstract",
R00561,S1b,exclude,S1b: no human-study term in title or abstract,
R00562,S2,exclude,"S2 no human real-vs-fake judgment of AI-generated stimuli (detector, generator, dataset or other study)",
R00563,S1,exclude,"S1: no audio, video or deepfake term in title or abstract",
R00564,S1,exclude,"S1: no audio, video or deepfake term in title or abstract",
R00565,S1,exclude,"S1: no audio, video or deepfake term in title or abstract",
R00566,S1,exclude,"S1: no audio, video or deepfake term in title or abstract",
R00567,S2,exclude,"S2 no human real-vs-fake judgment of AI-generated stimuli (detector, generator, dataset or other study)",
R00568,S2,exclude,"S2 no human real-vs-fake judgment of AI-generated stimuli (detector, generator, dataset or other study)",
R00569,S2,exclude,"S2 no human real-vs-fake judgment of AI-generated stimuli (detector, generator, dataset or other study)",
R00570,S2,exclude,"S2 no human real-vs-fake judgment of AI-generated stimuli (detector, generator, dataset or other study)",
R00571,S2,exclude,"S2 not an empirical study (review, survey of methods, commentary, legal or policy analysis)",
R00572,S1,exclude,"S1: no audio, video or deepfake term in title or abstract",
R00573,S2,exclude,"S2 no human real-vs-fake judgment of AI-generated stimuli (detector, generator, dataset or other study)",
R00574,S1,exclude,"S1: no audio, video or deepfake term in title or abstract",
R00575,S1b,exclude,S1b: no human-study term in title or abstract,
R00576,S2,exclude,"S2 no human real-vs-fake judgment of AI-generated stimuli (detector, generator, dataset or other study)",
R00577,S1,exclude,"S1: no audio, video or deepfake term in title or abstract",
R00578,S1,exclude,"S1: no audio, video or deepfake term in title or abstract",
R00579,S1,exclude,"S1: no audio, video or deepfake term in title or abstract",
R00580,S1,exclude,"S1: no audio, video or deepfake term in title or abstract",
R00581,S2,exclude,"S2 no human real-vs-fake judgment of AI-generated stimuli (detector, generator, dataset or other study)",
R00582,S2,exclude,"S2 no human real-vs-fake judgment of AI-generated stimuli (detector, generator, dataset or other study)",
R00583,S1b,exclude,S1b: no human-study term in title or abstract,
R00584,S1b,exclude,S1b: no human-study term in title or abstract,
R00585,S1,exclude,"S1: no audio, video or deepfake term in title or abstract",
R00586,S1b,exclude,S1b: no human-study term in title or abstract,
R00587,S3,include,Listeners judged partial-fake speech (TTS/VC segments inserted) in audio and video,include
R00588,S1,exclude,"S1: no audio, video or deepfake term in title or abstract",
R00589,S2,exclude,"S2 no human real-vs-fake judgment of AI-generated stimuli (detector, generator, dataset or other study)",
R00590,S1,exclude,"S1: no audio, video or deepfake term in title or abstract",
R00591,S2,exclude,"S2 no human real-vs-fake judgment of AI-generated stimuli (detector, generator, dataset or other study)",
R00592,S1,exclude,"S1: no audio, video or deepfake term in title or abstract",
R00593,S2,exclude,"S2 no human real-vs-fake judgment of AI-generated stimuli (detector, generator, dataset or other study)",
R00594,S1b,exclude,S1b: no human-study term in title or abstract,
R00595,S2,exclude,"S2 no human real-vs-fake judgment of AI-generated stimuli (detector, generator, dataset or other study)",
R00596,S1,exclude,"S1: no audio, video or deepfake term in title or abstract",
R00597,S1,exclude,"S1: no audio, video or deepfake term in title or abstract",
R00598,S1,exclude,"S1: no audio, video or deepfake term in title or abstract",
R00599,S1,exclude,"S1: no audio, video or deepfake term in title or abstract",
R00600,S2,exclude,S2 stimuli are not audio or video (text or still images),
R00601,S3,include,247 participants rated video clips as real or deepfake; detection skill linked to cognitive flexibility,full_text
R00602,S2,exclude,"S2 no human real-vs-fake judgment of AI-generated stimuli (detector, generator, dataset or other study)",
R00603,S2,exclude,S2 stimuli are not audio or video (text or still images),
R00604,S2,exclude,"S2 no human real-vs-fake judgment of AI-generated stimuli (detector, generator, dataset or other study)",
R00605,S1b,exclude,S1b: no human-study term in title or abstract,
R00606,S3,include,"User study: 80 participants classified real, full deepfake and FakeParts videos",include
R00607,S3,include,Experts and novices discriminated 6 real vs 5 deepfake videos,full_text
R00608,S1,exclude,"S1: no audio, video or deepfake term in title or abstract",
R00609,S2,exclude,S2 stimuli are not audio or video (text or still images),
R00610,S2,exclude,"S2 no human real-vs-fake judgment of AI-generated stimuli (detector, generator, dataset or other study)",
R00611,S1,exclude,"S1: no audio, video or deepfake term in title or abstract",
R00612,S2,exclude,S2 stimuli are not audio or video (text or still images),
R00613,S2,exclude,"S2 no human real-vs-fake judgment of AI-generated stimuli (detector, generator, dataset or other study)",
R00614,S1,exclude,"S1: no audio, video or deepfake term in title or abstract",
R00615,S2,exclude,"S2 not an empirical study (review, survey of methods, commentary, legal or policy analysis)",
R00616,S2,exclude,"S2 not an empirical study (review, survey of methods, commentary, legal or policy analysis)",
R00617,S3,include,Seven preregistered studies with genuine vs deepfaked videos; detection of deepfakes assessed alongside attitude effects,full_text
R00618,S2,exclude,"S2 no human real-vs-fake judgment of AI-generated stimuli (detector, generator, dataset or other study)",
R00619,S2,exclude,"S2 not an empirical study (review, survey of methods, commentary, legal or policy analysis)",
R00620,S1b,exclude,S1b: no human-study term in title or abstract,
R00621,S2,exclude,"S2 no human real-vs-fake judgment of AI-generated stimuli (detector, generator, dataset or other study)",
R00622,S3,exclude,E4 - humanlikeness Likert ratings and same/different speaker judgments; no real-vs-AI classification,full_text
R00623,S2,exclude,"S2 no human real-vs-fake judgment of AI-generated stimuli (detector, generator, dataset or other study)",
R00624,S1,exclude,"S1: no audio, video or deepfake term in title or abstract",
R00625,S2,exclude,S2 stimuli are not audio or video (text or still images),
R00626,S1,exclude,"S1: no audio, video or deepfake term in title or abstract",
R00627,S1,exclude,"S1: no audio, video or deepfake term in title or abstract",
R00628,S1,exclude,"S1: no audio, video or deepfake term in title or abstract",
R00629,S2,exclude,S2 stimuli are not audio or video (text or still images),
R00630,S2,exclude,"S2 no human real-vs-fake judgment of AI-generated stimuli (detector, generator, dataset or other study)",
R00631,S1b,exclude,S1b: no human-study term in title or abstract,
R00632,S1,exclude,"S1: no audio, video or deepfake term in title or abstract",
R00633,S1,exclude,"S1: no audio, video or deepfake term in title or abstract",
R00634,S1b,exclude,S1b: no human-study term in title or abstract,
R00635,S1b,exclude,S1b: no human-study term in title or abstract,
R00636,S1,exclude,"S1: no audio, video or deepfake term in title or abstract",
R00637,S2,exclude,"S2 no human real-vs-fake judgment of AI-generated stimuli (detector, generator, dataset or other study)",
R00638,S1,exclude,"S1: no audio, video or deepfake term in title or abstract",
R00639,S1b,exclude,S1b: no human-study term in title or abstract,
R00640,S1b,exclude,S1b: no human-study term in title or abstract,
R00641,S3,exclude,E3 - no new human data; human results reused from Hashmi et al. 2024 'Unmasking Illusions' (FakeAVCeleb 40 videos),full_text
R00642,S2,exclude,"S2 not an empirical study (review, survey of methods, commentary, legal or policy analysis)",
R00643,S2,exclude,"S2 no human real-vs-fake judgment of AI-generated stimuli (detector, generator, dataset or other study)",
R00644,S1,exclude,"S1: no audio, video or deepfake term in title or abstract",
R00645,S1,exclude,"S1: no audio, video or deepfake term in title or abstract",
R00646,S3,include,Prolific participants judged DFDC real vs deepfake videos under browsing conditions and alert designs,include
R00647,S2,exclude,"S2 no human real-vs-fake judgment of AI-generated stimuli (detector, generator, dataset or other study)",
R00648,S2,exclude,S2 stimuli are not audio or video (text or still images),
R00649,S2,exclude,"S2 no human real-vs-fake judgment of AI-generated stimuli (detector, generator, dataset or other study)",
R00650,S2,exclude,S2 stimuli are not audio or video (text or still images),
R00651,S1,exclude,"S1: no audio, video or deepfake term in title or abstract",
R00652,S1,exclude,"S1: no audio, video or deepfake term in title or abstract",
R00653,S1,exclude,"S1: no audio, video or deepfake term in title or abstract",
R00654,S1,exclude,"S1: no audio, video or deepfake term in title or abstract",
R00655,S1,exclude,"S1: no audio, video or deepfake term in title or abstract",
R00656,S2,exclude,"S2 no human real-vs-fake judgment of AI-generated stimuli (detector, generator, dataset or other study)",
R00657,S2,exclude,"S2 no human real-vs-fake judgment of AI-generated stimuli (detector, generator, dataset or other study)",
R00658,S1,exclude,"S1: no audio, video or deepfake term in title or abstract",
R00659,S2,exclude,"S2 no human real-vs-fake judgment of AI-generated stimuli (detector, generator, dataset or other study)",
R00660,S1,exclude,"S1: no audio, video or deepfake term in title or abstract",
R00661,S1,exclude,"S1: no audio, video or deepfake term in title or abstract",
R00662,S1,exclude,"S1: no audio, video or deepfake term in title or abstract",
R00663,S1,exclude,"S1: no audio, video or deepfake term in title or abstract",
R00664,S2,exclude,"S2 no human real-vs-fake judgment of AI-generated stimuli (detector, generator, dataset or other study)",
R00665,S1b,exclude,S1b: no human-study term in title or abstract,
R00666,S1,exclude,"S1: no audio, video or deepfake term in title or abstract",
R00667,S2,exclude,"S2 no human real-vs-fake judgment of AI-generated stimuli (detector, generator, dataset or other study)",
R00668,S1,exclude,"S1: no audio, video or deepfake term in title or abstract",
R00669,S2,exclude,"S2 no human real-vs-fake judgment of AI-generated stimuli (detector, generator, dataset or other study)",
R00670,S2,exclude,S2 stimuli are not audio or video (text or still images),
R00671,S2,exclude,"S2 no human real-vs-fake judgment of AI-generated stimuli (detector, generator, dataset or other study)",
R00672,S2,exclude,"S2 no human real-vs-fake judgment of AI-generated stimuli (detector, generator, dataset or other study)",
R00673,S2,exclude,S2 stimuli are not audio or video (text or still images),
R00674,S1b,exclude,S1b: no human-study term in title or abstract,
R00675,S1b,exclude,S1b: no human-study term in title or abstract,
R00676,S2,exclude,S2 stimuli are not audio or video (text or still images),
R00677,S1b,exclude,S1b: no human-study term in title or abstract,
R00678,S1,exclude,"S1: no audio, video or deepfake term in title or abstract",
R00679,S2,exclude,"S2 no human real-vs-fake judgment of AI-generated stimuli (detector, generator, dataset or other study)",
R00680,S2,exclude,"S2 no human real-vs-fake judgment of AI-generated stimuli (detector, generator, dataset or other study)",
R00681,S1,exclude,"S1: no audio, video or deepfake term in title or abstract",
R00682,S1b,exclude,S1b: no human-study term in title or abstract,
R00683,S2,exclude,"S2 no human real-vs-fake judgment of AI-generated stimuli (detector, generator, dataset or other study)",
R00684,S2,exclude,S2 stimuli are not audio or video (text or still images),
R00685,S1,exclude,"S1: no audio, video or deepfake term in title or abstract",
R00686,S1,exclude,"S1: no audio, video or deepfake term in title or abstract",
R00687,S2,exclude,"S2 no human real-vs-fake judgment of AI-generated stimuli (detector, generator, dataset or other study)",
R00688,S1,exclude,"S1: no audio, video or deepfake term in title or abstract",
R00689,S2,exclude,"S2 no human real-vs-fake judgment of AI-generated stimuli (detector, generator, dataset or other study)",
R00690,S1,exclude,"S1: no audio, video or deepfake term in title or abstract",
R00691,S1,exclude,"S1: no audio, video or deepfake term in title or abstract",
R00692,S1,exclude,"S1: no audio, video or deepfake term in title or abstract",
R00693,S2,exclude,S2 stimuli are not audio or video (text or still images),
R00694,S2,exclude,"S2 no human real-vs-fake judgment of AI-generated stimuli (detector, generator, dataset or other study)",
R00695,S1b,exclude,S1b: no human-study term in title or abstract,
R00696,S1b,exclude,S1b: no human-study term in title or abstract,
R00697,S3,include,Participants watched 5 videos (1 deepfake in treatment) and were asked to spot the anomaly/deepfake,include
R00698,S1,exclude,"S1: no audio, video or deepfake term in title or abstract",
R00699,S1,exclude,"S1: no audio, video or deepfake term in title or abstract",
R00700,S1,exclude,"S1: no audio, video or deepfake term in title or abstract",
R00701,S2,exclude,"S2 no human real-vs-fake judgment of AI-generated stimuli (detector, generator, dataset or other study)",
R00702,S1,exclude,"S1: no audio, video or deepfake term in title or abstract",
R00703,S2,exclude,S2 stimuli are not audio or video (text or still images),
R00704,S2,exclude,"S2 not an empirical study (review, survey of methods, commentary, legal or policy analysis)",
R00705,S2,exclude,S2 stimuli are not audio or video (text or still images),
R00706,S1,exclude,"S1: no audio, video or deepfake term in title or abstract",
R00707,S2,exclude,S2 stimuli are not audio or video (text or still images),
R00708,S3,include,Study 2: humans rated veracity of real and deepfake videos (Study 1 used images),include
R00709,S1,exclude,"S1: no audio, video or deepfake term in title or abstract",
R00710,S2,exclude,"S2 no human real-vs-fake judgment of AI-generated stimuli (detector, generator, dataset or other study)",
R00711,S2,exclude,"S2 no human real-vs-fake judgment of AI-generated stimuli (detector, generator, dataset or other study)",
R00712,S1,exclude,"S1: no audio, video or deepfake term in title or abstract",
R00713,S1,exclude,"S1: no audio, video or deepfake term in title or abstract",
R00714,S1,exclude,"S1: no audio, video or deepfake term in title or abstract",
R00715,S1,exclude,"S1: no audio, video or deepfake term in title or abstract",
R00716,S3,exclude,"E3 - conceptual/methodological framework, no empirical data",full_text
R00717,S1,exclude,"S1: no audio, video or deepfake term in title or abstract",
R00718,S2,exclude,"S2 not an empirical study (review, survey of methods, commentary, legal or policy analysis)",
R00719,S2,exclude,"S2 no human real-vs-fake judgment of AI-generated stimuli (detector, generator, dataset or other study)",
R00720,S2,exclude,S2 stimuli are not audio or video (text or still images),
R00721,S2,exclude,"S2 no human real-vs-fake judgment of AI-generated stimuli (detector, generator, dataset or other study)",
R00722,S2,exclude,S2 stimuli are not audio or video (text or still images),
R00723,S1,exclude,"S1: no audio, video or deepfake term in title or abstract",
R00724,S1,exclude,"S1: no audio, video or deepfake term in title or abstract",
R00725,S2,exclude,S2 stimuli are not audio or video (text or still images),
R00726,S2,exclude,S2 stimuli are not audio or video (text or still images),
R00727,S2,exclude,"S2 no human real-vs-fake judgment of AI-generated stimuli (detector, generator, dataset or other study)",
R00728,S1b,exclude,S1b: no human-study term in title or abstract,
R00729,S2,exclude,"S2 no human real-vs-fake judgment of AI-generated stimuli (detector, generator, dataset or other study)",
R00730,S1b,exclude,S1b: no human-study term in title or abstract,
R00731,S2,exclude,"S2 no human real-vs-fake judgment of AI-generated stimuli (detector, generator, dataset or other study)",
R00732,S2,exclude,"S2 no human real-vs-fake judgment of AI-generated stimuli (detector, generator, dataset or other study)",
R00733,S2,exclude,"S2 no human real-vs-fake judgment of AI-generated stimuli (detector, generator, dataset or other study)",
R00734,S2,exclude,"S2 no human real-vs-fake judgment of AI-generated stimuli (detector, generator, dataset or other study)",
R00735,S2,exclude,"S2 no human real-vs-fake judgment of AI-generated stimuli (detector, generator, dataset or other study)",
R00736,S2,exclude,S2 stimuli are not audio or video (text or still images),
R00737,S1b,exclude,S1b: no human-study term in title or abstract,
R00738,S2,exclude,"S2 no human real-vs-fake judgment of AI-generated stimuli (detector, generator, dataset or other study)",
R00739,S2,exclude,S2 stimuli are not audio or video (text or still images),
R00740,S1,exclude,"S1: no audio, video or deepfake term in title or abstract",
R00741,S1b,exclude,S1b: no human-study term in title or abstract,
R00742,S2,exclude,S2 stimuli are not audio or video (text or still images),
R00743,S1,exclude,"S1: no audio, video or deepfake term in title or abstract",
R00744,S3,include,FakeET: 40 participants labelled real/fake for Google DFD videos while eye-tracked,include
R00745,S1,exclude,"S1: no audio, video or deepfake term in title or abstract",
R00746,S1,exclude,"S1: no audio, video or deepfake term in title or abstract",
R00747,S2,exclude,S2 stimuli are not audio or video (text or still images),
R00748,S3,exclude,"E4 - continued-influence study with deepfakes flagged as fake; no detection judgment, no real videos",full_text
R00749,S3,not_retrieved,EEG study of deepfake video perception; could not confirm whether an explicit behavioral real/fake judgment with numbers was collected,full_text
R00750,S2,exclude,"S2 no human real-vs-fake judgment of AI-generated stimuli (detector, generator, dataset or other study)",
R00751,S1,exclude,"S1: no audio, video or deepfake term in title or abstract",
R00752,S1,exclude,"S1: no audio, video or deepfake term in title or abstract",
R00753,S3,include,Listeners discriminated human vs AI speech before/after short training (EEG),include
R00754,S1b,exclude,S1b: no human-study term in title or abstract,
R00755,S1,exclude,"S1: no audio, video or deepfake term in title or abstract",
R00756,S3,not_retrieved,RCT of AI-cloned vs recorded lecture voice; could not access whether students judged real vs cloned,full_text
R00757,S2,exclude,S2 stimuli are not audio or video (text or still images),
R00758,S1,exclude,"S1: no audio, video or deepfake term in title or abstract",
R00759,S1,exclude,"S1: no audio, video or deepfake term in title or abstract",
R00760,S2,exclude,S2 stimuli are not audio or video (text or still images),
R00761,S2,exclude,"S2 no human real-vs-fake judgment of AI-generated stimuli (detector, generator, dataset or other study)",
R00762,S2,exclude,"S2 not an empirical study (review, survey of methods, commentary, legal or policy analysis)",
R00763,S2,exclude,"S2 no human real-vs-fake judgment of AI-generated stimuli (detector, generator, dataset or other study)",
R00764,S2,exclude,"S2 no human real-vs-fake judgment of AI-generated stimuli (detector, generator, dataset or other study)",
R00765,S2,exclude,S2 stimuli are not audio or video (text or still images),
R00766,S1,exclude,"S1: no audio, video or deepfake term in title or abstract",
R00767,S1,exclude,"S1: no audio, video or deepfake term in title or abstract",
R00768,S1b,exclude,S1b: no human-study term in title or abstract,
R00769,S2,exclude,"S2 no human real-vs-fake judgment of AI-generated stimuli (detector, generator, dataset or other study)",
R00770,S2,exclude,"S2 no human real-vs-fake judgment of AI-generated stimuli (detector, generator, dataset or other study)",
R00771,S2,exclude,"S2 no human real-vs-fake judgment of AI-generated stimuli (detector, generator, dataset or other study)",
R00772,S2,exclude,"S2 no human real-vs-fake judgment of AI-generated stimuli (detector, generator, dataset or other study)",
R00773,S3,include,Progressive-metal fans rated human- and AI-composed excerpts incl. humanness (felt human-composed) scale,full_text
R00774,S2,exclude,"S2 no human real-vs-fake judgment of AI-generated stimuli (detector, generator, dataset or other study)",
R00775,S1,exclude,"S1: no audio, video or deepfake term in title or abstract",
R00776,S2,exclude,"S2 no human real-vs-fake judgment of AI-generated stimuli (detector, generator, dataset or other study)",
R00777,S2,exclude,S2 stimuli are not audio or video (text or still images),
R00778,S1,exclude,"S1: no audio, video or deepfake term in title or abstract",
R00779,S2,exclude,"S2 not an empirical study (review, survey of methods, commentary, legal or policy analysis)",
R00780,S1,exclude,"S1: no audio, video or deepfake term in title or abstract",
R00781,S1b,exclude,S1b: no human-study term in title or abstract,
R00782,S1,exclude,"S1: no audio, video or deepfake term in title or abstract",
R00783,S2,exclude,"S2 no human real-vs-fake judgment of AI-generated stimuli (detector, generator, dataset or other study)",
R00784,S1,exclude,"S1: no audio, video or deepfake term in title or abstract",
R00785,S2,exclude,"S2 no human real-vs-fake judgment of AI-generated stimuli (detector, generator, dataset or other study)",
R00786,S2,exclude,S2 stimuli are not audio or video (text or still images),
R00787,S2,exclude,"S2 not an empirical study (review, survey of methods, commentary, legal or policy analysis)",
R00788,S1,exclude,"S1: no audio, video or deepfake term in title or abstract",
R00789,S2,exclude,S2 stimuli are not audio or video (text or still images),
R00790,S1,exclude,"S1: no audio, video or deepfake term in title or abstract",
R00791,S1,exclude,"S1: no audio, video or deepfake term in title or abstract",
R00792,S2,exclude,"S2 no human real-vs-fake judgment of AI-generated stimuli (detector, generator, dataset or other study)",
R00793,S1,exclude,"S1: no audio, video or deepfake term in title or abstract",
R00794,S1,exclude,"S1: no audio, video or deepfake term in title or abstract",
R00795,S2,exclude,"S2 no human real-vs-fake judgment of AI-generated stimuli (detector, generator, dataset or other study)",
R00796,S1,exclude,"S1: no audio, video or deepfake term in title or abstract",
R00797,S2,exclude,"S2 no human real-vs-fake judgment of AI-generated stimuli (detector, generator, dataset or other study)",
R00798,S1b,exclude,S1b: no human-study term in title or abstract,
R00799,S1,exclude,"S1: no audio, video or deepfake term in title or abstract",
R00800,S1,exclude,"S1: no audio, video or deepfake term in title or abstract",
R00801,S2,exclude,"S2 no human real-vs-fake judgment of AI-generated stimuli (detector, generator, dataset or other study)",
R00802,S2,exclude,"S2 no human real-vs-fake judgment of AI-generated stimuli (detector, generator, dataset or other study)",
R00803,S1,exclude,"S1: no audio, video or deepfake term in title or abstract",
R00804,S2,exclude,"S2 no human real-vs-fake judgment of AI-generated stimuli (detector, generator, dataset or other study)",
R00805,S2,exclude,"S2 not an empirical study (review, survey of methods, commentary, legal or policy analysis)",
R00806,S1,exclude,"S1: no audio, video or deepfake term in title or abstract",
R00807,S2,exclude,"S2 no human real-vs-fake judgment of AI-generated stimuli (detector, generator, dataset or other study)",
R00808,S2,exclude,"S2 no human real-vs-fake judgment of AI-generated stimuli (detector, generator, dataset or other study)",
R00809,S2,exclude,"S2 no human real-vs-fake judgment of AI-generated stimuli (detector, generator, dataset or other study)",
R00810,S3,exclude,E2 - FaceForensics++ user study showed single still images (frames) for real/fake judgment; mainly algorithm paper,full_text
R00811,S1,exclude,"S1: no audio, video or deepfake term in title or abstract",
R00812,S2,exclude,"S2 no human real-vs-fake judgment of AI-generated stimuli (detector, generator, dataset or other study)",
R00813,S1,exclude,"S1: no audio, video or deepfake term in title or abstract",
R00814,S3,exclude,E2 - still face images (Nightingale & Farid 2022 set) with AI advice,full_text
R00815,S2,exclude,"S2 no human real-vs-fake judgment of AI-generated stimuli (detector, generator, dataset or other study)",
R00816,S2,exclude,S2 stimuli are not audio or video (text or still images),
R00817,S1,exclude,"S1: no audio, video or deepfake term in title or abstract",
R00818,S2,exclude,"S2 no human real-vs-fake judgment of AI-generated stimuli (detector, generator, dataset or other study)",
R00819,S2,exclude,"S2 no human real-vs-fake judgment of AI-generated stimuli (detector, generator, dataset or other study)",
R00820,S2,exclude,"S2 no human real-vs-fake judgment of AI-generated stimuli (detector, generator, dataset or other study)",
R00821,S2,exclude,"S2 no human real-vs-fake judgment of AI-generated stimuli (detector, generator, dataset or other study)",
R00822,S1,exclude,"S1: no audio, video or deepfake term in title or abstract",
R00823,S2,exclude,"S2 no human real-vs-fake judgment of AI-generated stimuli (detector, generator, dataset or other study)",
R00824,S2,exclude,"S2 no human real-vs-fake judgment of AI-generated stimuli (detector, generator, dataset or other study)",
R00825,S1,exclude,"S1: no audio, video or deepfake term in title or abstract",
R00826,S1,exclude,"S1: no audio, video or deepfake term in title or abstract",
R00827,S2,exclude,"S2 no human real-vs-fake judgment of AI-generated stimuli (detector, generator, dataset or other study)",
R00828,S1b,exclude,S1b: no human-study term in title or abstract,
R00829,S1,exclude,"S1: no audio, video or deepfake term in title or abstract",
R00830,S2,exclude,S2 stimuli are not audio or video (text or still images),
R00831,S3,not_retrieved,Full text and abstract not accessible (T&F 403); title suggests a video deepfake detection task with young adults vs seniors,full_text
R00832,S2,exclude,"S2 no human real-vs-fake judgment of AI-generated stimuli (detector, generator, dataset or other study)",
R00833,S2,exclude,"S2 no human real-vs-fake judgment of AI-generated stimuli (detector, generator, dataset or other study)",
R00834,S2,exclude,"S2 no human real-vs-fake judgment of AI-generated stimuli (detector, generator, dataset or other study)",
R00835,S1,exclude,"S1: no audio, video or deepfake term in title or abstract",
R00836,S1,exclude,"S1: no audio, video or deepfake term in title or abstract",
R00837,S1,exclude,"S1: no audio, video or deepfake term in title or abstract",
R00838,S1b,exclude,S1b: no human-study term in title or abstract,
R00839,S2,exclude,S2 stimuli are not audio or video (text or still images),
R00840,S2,exclude,S2 stimuli are not audio or video (text or still images),
R00841,S2,exclude,S2 stimuli are not audio or video (text or still images),
R00842,S1,exclude,"S1: no audio, video or deepfake term in title or abstract",
R00843,S1,exclude,"S1: no audio, video or deepfake term in title or abstract",
R00844,S2,exclude,S2 stimuli are not audio or video (text or still images),
R00845,S2,exclude,"S2 no human real-vs-fake judgment of AI-generated stimuli (detector, generator, dataset or other study)",
R00846,S2,exclude,"S2 no human real-vs-fake judgment of AI-generated stimuli (detector, generator, dataset or other study)",
R00847,S1,exclude,"S1: no audio, video or deepfake term in title or abstract",
R00848,S3,include,21 participants judged 56 real and 56 deepfake videos (with/without beautification filters),full_text
R00849,S1,exclude,"S1: no audio, video or deepfake term in title or abstract",
R00850,S1,exclude,"S1: no audio, video or deepfake term in title or abstract",
R00851,S1,exclude,"S1: no audio, video or deepfake term in title or abstract",
R00852,S1b,exclude,S1b: no human-study term in title or abstract,
R00853,S1,exclude,"S1: no audio, video or deepfake term in title or abstract",
R00854,S1,exclude,"S1: no audio, video or deepfake term in title or abstract",
R00855,S2,exclude,S2 stimuli are not audio or video (text or still images),
R00856,S2,exclude,"S2 no human real-vs-fake judgment of AI-generated stimuli (detector, generator, dataset or other study)",
R00857,S1,exclude,"S1: no audio, video or deepfake term in title or abstract",
R00858,S1,exclude,"S1: no audio, video or deepfake term in title or abstract",
R00859,S1b,exclude,S1b: no human-study term in title or abstract,
R00860,S1,exclude,"S1: no audio, video or deepfake term in title or abstract",
R00861,S1,exclude,"S1: no audio, video or deepfake term in title or abstract",
R00862,S2,exclude,S2 stimuli are not audio or video (text or still images),
R00863,S2,exclude,"S2 not an empirical study (review, survey of methods, commentary, legal or policy analysis)",
R00864,S2,exclude,"S2 no human real-vs-fake judgment of AI-generated stimuli (detector, generator, dataset or other study)",
R00865,S1,exclude,"S1: no audio, video or deepfake term in title or abstract",
R00866,S2,exclude,"S2 not an empirical study (review, survey of methods, commentary, legal or policy analysis)",
R00867,S2,exclude,S2 stimuli are not audio or video (text or still images),
R00868,S1,exclude,"S1: no audio, video or deepfake term in title or abstract",
R00869,S1,exclude,"S1: no audio, video or deepfake term in title or abstract",
R00870,S1b,exclude,S1b: no human-study term in title or abstract,
R00871,S1,exclude,"S1: no audio, video or deepfake term in title or abstract",
R00872,S1b,exclude,S1b: no human-study term in title or abstract,
R00873,S1,exclude,"S1: no audio, video or deepfake term in title or abstract",
R00874,S1,exclude,"S1: no audio, video or deepfake term in title or abstract",
R00875,S2,exclude,"S2 humans rate quality or naturalness only, no real-vs-fake judgment",
R00876,S2,exclude,"S2 no human real-vs-fake judgment of AI-generated stimuli (detector, generator, dataset or other study)",
R00877,S2,exclude,"S2 no human real-vs-fake judgment of AI-generated stimuli (detector, generator, dataset or other study)",
R00878,S2,exclude,"S2 no human real-vs-fake judgment of AI-generated stimuli (detector, generator, dataset or other study)",
R00879,S2,exclude,"S2 no human real-vs-fake judgment of AI-generated stimuli (detector, generator, dataset or other study)",
R00880,S2,exclude,S2 stimuli are not audio or video (text or still images),
R00881,S1,exclude,"S1: no audio, video or deepfake term in title or abstract",
R00882,S1b,exclude,S1b: no human-study term in title or abstract,
R00883,S1,exclude,"S1: no audio, video or deepfake term in title or abstract",
R00884,S1b,exclude,S1b: no human-study term in title or abstract,
R00885,S2,exclude,"S2 no human real-vs-fake judgment of AI-generated stimuli (detector, generator, dataset or other study)",
R00886,S2,exclude,S2 stimuli are not audio or video (text or still images),
R00887,S2,exclude,"S2 no human real-vs-fake judgment of AI-generated stimuli (detector, generator, dataset or other study)",
R00888,S1,exclude,"S1: no audio, video or deepfake term in title or abstract",
R00889,S2,exclude,S2 stimuli are not audio or video (text or still images),
R00890,S2,exclude,"S2 not an empirical study (review, survey of methods, commentary, legal or policy analysis)",
R00891,S2,exclude,S2 stimuli are not audio or video (text or still images),
R00892,S1b,exclude,S1b: no human-study term in title or abstract,
R00893,S1b,exclude,S1b: no human-study term in title or abstract,
R00894,S2,exclude,S2 stimuli are not audio or video (text or still images),
R00895,S2,exclude,"S2 no human real-vs-fake judgment of AI-generated stimuli (detector, generator, dataset or other study)",
R00896,S1,exclude,"S1: no audio, video or deepfake term in title or abstract",
R00897,S2,exclude,"S2 no human real-vs-fake judgment of AI-generated stimuli (detector, generator, dataset or other study)",
R00898,S1b,exclude,S1b: no human-study term in title or abstract,
R00899,S2,exclude,"S2 no human real-vs-fake judgment of AI-generated stimuli (detector, generator, dataset or other study)",
R00900,S1,exclude,"S1: no audio, video or deepfake term in title or abstract",
R00901,S2,exclude,"S2 no human real-vs-fake judgment of AI-generated stimuli (detector, generator, dataset or other study)",
R00902,S1,exclude,"S1: no audio, video or deepfake term in title or abstract",
R00903,S2,exclude,S2 stimuli are not audio or video (text or still images),
R00904,S1,exclude,"S1: no audio, video or deepfake term in title or abstract",
R00905,S1b,exclude,S1b: no human-study term in title or abstract,
R00906,S1,exclude,"S1: no audio, video or deepfake term in title or abstract",
R00907,S3,exclude,E4 - self-reported self-efficacy survey; no stimuli judged,full_text
R00908,S2,exclude,"S2 no human real-vs-fake judgment of AI-generated stimuli (detector, generator, dataset or other study)",
R00909,S1,exclude,"S1: no audio, video or deepfake term in title or abstract",
R00910,S1b,exclude,S1b: no human-study term in title or abstract,
R00911,S2,exclude,"S2 not an empirical study (review, survey of methods, commentary, legal or policy analysis)",
R00912,S1,exclude,"S1: no audio, video or deepfake term in title or abstract",
R00913,S1b,exclude,S1b: no human-study term in title or abstract,
R00914,S1,exclude,"S1: no audio, video or deepfake term in title or abstract",
R00915,S2,exclude,"S2 no human real-vs-fake judgment of AI-generated stimuli (detector, generator, dataset or other study)",
R00916,S2,exclude,"S2 no human real-vs-fake judgment of AI-generated stimuli (detector, generator, dataset or other study)",
R00917,S2,exclude,"S2 no human real-vs-fake judgment of AI-generated stimuli (detector, generator, dataset or other study)",
R00918,S1,exclude,"S1: no audio, video or deepfake term in title or abstract",
R00919,S3,exclude,"E2 - 12 static portrait images (6 AI, 6 real)",full_text
R00920,S1b,exclude,S1b: no human-study term in title or abstract,
R00921,S1,exclude,"S1: no audio, video or deepfake term in title or abstract",
R00922,S2,exclude,"S2 no human real-vs-fake judgment of AI-generated stimuli (detector, generator, dataset or other study)",
R00923,S1,exclude,"S1: no audio, video or deepfake term in title or abstract",
R00924,S1b,exclude,S1b: no human-study term in title or abstract,
R00925,S1,exclude,"S1: no audio, video or deepfake term in title or abstract",
R00926,S2,exclude,S2 stimuli are not audio or video (text or still images),
R00927,S1,exclude,"S1: no audio, video or deepfake term in title or abstract",
R00928,S1b,exclude,S1b: no human-study term in title or abstract,
R00929,S1,exclude,"S1: no audio, video or deepfake term in title or abstract",
R00930,S2,exclude,S2 stimuli are not audio or video (text or still images),
R00931,S2,exclude,S2 stimuli are not audio or video (text or still images),
R00932,S2,exclude,"S2 not an empirical study (review, survey of methods, commentary, legal or policy analysis)",
R00933,S2,exclude,"S2 no human real-vs-fake judgment of AI-generated stimuli (detector, generator, dataset or other study)",
R00934,S1,exclude,"S1: no audio, video or deepfake term in title or abstract",
R00935,S1,exclude,"S1: no audio, video or deepfake term in title or abstract",
R00936,S1,exclude,"S1: no audio, video or deepfake term in title or abstract",
R00937,S1,exclude,"S1: no audio, video or deepfake term in title or abstract",
R00938,S1b,exclude,S1b: no human-study term in title or abstract,
R00939,S2,exclude,S2 stimuli are not audio or video (text or still images),
R00940,S1b,exclude,S1b: no human-study term in title or abstract,
R00941,S1,exclude,"S1: no audio, video or deepfake term in title or abstract",
R00942,S1,exclude,"S1: no audio, video or deepfake term in title or abstract",
R00943,S2,exclude,"S2 no human real-vs-fake judgment of AI-generated stimuli (detector, generator, dataset or other study)",
R00944,S1b,exclude,S1b: no human-study term in title or abstract,
R00945,S1,exclude,"S1: no audio, video or deepfake term in title or abstract",
R00946,S1b,exclude,S1b: no human-study term in title or abstract,
R00947,S1,exclude,"S1: no audio, video or deepfake term in title or abstract",
R00948,S3,include,Participants watched real and deepfake videos and explained verification strategies (interviews),full_text
R00949,S2,exclude,"S2 not an empirical study (review, survey of methods, commentary, legal or policy analysis)",
R00950,S1,exclude,"S1: no audio, video or deepfake term in title or abstract",
R00951,S1,exclude,"S1: no audio, video or deepfake term in title or abstract",
R00952,S2,exclude,S2 stimuli are not audio or video (text or still images),
R00953,S2,exclude,"S2 no human real-vs-fake judgment of AI-generated stimuli (detector, generator, dataset or other study)",
R00954,S2,exclude,S2 stimuli are not audio or video (text or still images),
R00955,S1,exclude,"S1: no audio, video or deepfake term in title or abstract",
R00956,S2,exclude,"S2 no human real-vs-fake judgment of AI-generated stimuli (detector, generator, dataset or other study)",
R00957,S2,exclude,S2 stimuli are not audio or video (text or still images),
R00958,S3,include,User study: 318 listeners judged real vs deepfake voices in English and Chinese,include
R00959,S2,exclude,"S2 no human real-vs-fake judgment of AI-generated stimuli (detector, generator, dataset or other study)",
R00960,S2,exclude,S2 stimuli are not audio or video (text or still images),
R00961,S2,exclude,"S2 no human real-vs-fake judgment of AI-generated stimuli (detector, generator, dataset or other study)",
R00962,S1,exclude,"S1: no audio, video or deepfake term in title or abstract",
R00963,S1b,exclude,S1b: no human-study term in title or abstract,
R00964,S2,exclude,S2 stimuli are not audio or video (text or still images),
R00965,S1b,exclude,S1b: no human-study term in title or abstract,
R00966,S3,exclude,"E2 - moderation of LinkedIn profiles (profile photos/text), not audio/video",full_text
R00967,S1,exclude,"S1: no audio, video or deepfake term in title or abstract",
R00968,S2,exclude,"S2 no human real-vs-fake judgment of AI-generated stimuli (detector, generator, dataset or other study)",
R00969,S2,exclude,"S2 no human real-vs-fake judgment of AI-generated stimuli (detector, generator, dataset or other study)",
R00970,S1,exclude,"S1: no audio, video or deepfake term in title or abstract",
R00971,S1,exclude,"S1: no audio, video or deepfake term in title or abstract",
R00972,S1b,exclude,S1b: no human-study term in title or abstract,
R00973,S1b,exclude,S1b: no human-study term in title or abstract,
R00974,S2,exclude,S2 stimuli are not audio or video (text or still images),
R00975,S1b,exclude,S1b: no human-study term in title or abstract,
R00976,S2,exclude,"S2 no human real-vs-fake judgment of AI-generated stimuli (detector, generator, dataset or other study)",
R00977,S1,exclude,"S1: no audio, video or deepfake term in title or abstract",
R00978,S2,exclude,"S2 no human real-vs-fake judgment of AI-generated stimuli (detector, generator, dataset or other study)",
R00979,S1,exclude,"S1: no audio, video or deepfake term in title or abstract",
R00980,S2,exclude,S2 stimuli are not audio or video (text or still images),
R00981,S2,exclude,S2 stimuli are not audio or video (text or still images),
R00982,S1b,exclude,S1b: no human-study term in title or abstract,
R00983,S3,not_retrieved,3-page CPR proceedings item; no abstract or full text accessible,full_text
R00984,S1b,exclude,S1b: no human-study term in title or abstract,
R00985,S1b,exclude,S1b: no human-study term in title or abstract,
R00986,S1,exclude,"S1: no audio, video or deepfake term in title or abstract",
R00987,S1,exclude,"S1: no audio, video or deepfake term in title or abstract",
R00988,S2,exclude,"S2 no human real-vs-fake judgment of AI-generated stimuli (detector, generator, dataset or other study)",
R00989,S1b,exclude,S1b: no human-study term in title or abstract,
R00990,S1,exclude,"S1: no audio, video or deepfake term in title or abstract",
R00991,S2,exclude,"S2 no human real-vs-fake judgment of AI-generated stimuli (detector, generator, dataset or other study)",
R00992,S1,exclude,"S1: no audio, video or deepfake term in title or abstract",
R00993,S2,exclude,S2 stimuli are not audio or video (text or still images),
R00994,S1,exclude,"S1: no audio, video or deepfake term in title or abstract",
R00995,S2,exclude,S2 stimuli are not audio or video (text or still images),
R00996,S2,exclude,S2 stimuli are not audio or video (text or still images),
R00997,S2,exclude,"S2 no human real-vs-fake judgment of AI-generated stimuli (detector, generator, dataset or other study)",
R00998,S1,exclude,"S1: no audio, video or deepfake term in title or abstract",
R00999,S1,exclude,"S1: no audio, video or deepfake term in title or abstract",
R01000,S3,include,54 Spanish and Japanese listeners judged 80 real vs deepfake speech clips,include
R01001,S1,exclude,"S1: no audio, video or deepfake term in title or abstract",
R01002,S1,exclude,"S1: no audio, video or deepfake term in title or abstract",
R01003,S2,exclude,"S2 no human real-vs-fake judgment of AI-generated stimuli (detector, generator, dataset or other study)",
R01004,S2,exclude,"S2 not an empirical study (review, survey of methods, commentary, legal or policy analysis)",
R01005,S1,exclude,"S1: no audio, video or deepfake term in title or abstract",
R01006,S1,exclude,"S1: no audio, video or deepfake term in title or abstract",
R01007,S2,exclude,S2 stimuli are not audio or video (text or still images),
R01008,S1,exclude,"S1: no audio, video or deepfake term in title or abstract",
R01009,S1b,exclude,S1b: no human-study term in title or abstract,
R01010,S1b,exclude,S1b: no human-study term in title or abstract,
R01011,S2,exclude,"S2 no human real-vs-fake judgment of AI-generated stimuli (detector, generator, dataset or other study)",
R01012,S1,exclude,"S1: no audio, video or deepfake term in title or abstract",
R01013,S1,exclude,"S1: no audio, video or deepfake term in title or abstract",
R01014,S2,exclude,"S2 no human real-vs-fake judgment of AI-generated stimuli (detector, generator, dataset or other study)",
R01015,S1,exclude,"S1: no audio, video or deepfake term in title or abstract",
R01016,S1,exclude,"S1: no audio, video or deepfake term in title or abstract",
R01017,S2,exclude,"S2 no human real-vs-fake judgment of AI-generated stimuli (detector, generator, dataset or other study)",
R01018,S1,exclude,"S1: no audio, video or deepfake term in title or abstract",
R01019,S2,exclude,"S2 no human real-vs-fake judgment of AI-generated stimuli (detector, generator, dataset or other study)",
R01020,S2,exclude,"S2 not an empirical study (review, survey of methods, commentary, legal or policy analysis)",
R01021,S1,exclude,"S1: no audio, video or deepfake term in title or abstract",
R01022,S1,exclude,"S1: no audio, video or deepfake term in title or abstract",
R01023,S1,exclude,"S1: no audio, video or deepfake term in title or abstract",
R01024,S2,exclude,S2 stimuli are not audio or video (text or still images),
R01025,S3,not_retrieved,Could not access abstract/full text; unclear whether listeners judged real vs fake or only rated naturalness,include
R01026,S1,exclude,"S1: no audio, video or deepfake term in title or abstract",
R01027,S1,exclude,"S1: no audio, video or deepfake term in title or abstract",
R01028,S2,exclude,S2 stimuli are not audio or video (text or still images),
R01029,S2,exclude,"S2 no human real-vs-fake judgment of AI-generated stimuli (detector, generator, dataset or other study)",
R01030,S1b,exclude,S1b: no human-study term in title or abstract,
R01031,S2,exclude,S2 stimuli are not audio or video (text or still images),
R01032,S2,exclude,"S2 no human real-vs-fake judgment of AI-generated stimuli (detector, generator, dataset or other study)",
R01033,S1,exclude,"S1: no audio, video or deepfake term in title or abstract",
R01034,S2,exclude,S2 stimuli are not audio or video (text or still images),
R01035,S2,exclude,"S2 no human real-vs-fake judgment of AI-generated stimuli (detector, generator, dataset or other study)",
R01036,S2,exclude,"S2 no human real-vs-fake judgment of AI-generated stimuli (detector, generator, dataset or other study)",
R01037,S2,exclude,"S2 not an empirical study (review, survey of methods, commentary, legal or policy analysis)",
R01038,S1,exclude,"S1: no audio, video or deepfake term in title or abstract",
R01039,S1b,exclude,S1b: no human-study term in title or abstract,
R01040,S2,exclude,"S2 no human real-vs-fake judgment of AI-generated stimuli (detector, generator, dataset or other study)",
R01041,S3,include,Super-recognizers vs controls judge real vs deepfake videos (2AFC and single-stimulus),include
R01042,S2,exclude,S2 stimuli are not audio or video (text or still images),
R01043,S2,exclude,"S2 no human real-vs-fake judgment of AI-generated stimuli (detector, generator, dataset or other study)",
R01044,S1b,exclude,S1b: no human-study term in title or abstract,
R01045,S1,exclude,"S1: no audio, video or deepfake term in title or abstract",
R01046,S1b,exclude,S1b: no human-study term in title or abstract,
R01047,S1,exclude,"S1: no audio, video or deepfake term in title or abstract",
R01048,S1b,exclude,S1b: no human-study term in title or abstract,
R01049,S1,exclude,"S1: no audio, video or deepfake term in title or abstract",
R01050,S1,exclude,"S1: no audio, video or deepfake term in title or abstract",
R01051,S1,exclude,"S1: no audio, video or deepfake term in title or abstract",
R01052,S2,exclude,S2 stimuli are not audio or video (text or still images),
R01053,S1,exclude,"S1: no audio, video or deepfake term in title or abstract",
R01054,S2,exclude,S2 stimuli are not audio or video (text or still images),
R01055,S1,exclude,"S1: no audio, video or deepfake term in title or abstract",
R01056,S2,exclude,"S2 no human real-vs-fake judgment of AI-generated stimuli (detector, generator, dataset or other study)",
R01057,S2,exclude,"S2 no human real-vs-fake judgment of AI-generated stimuli (detector, generator, dataset or other study)",
R01058,S1b,exclude,S1b: no human-study term in title or abstract,
R01059,S1,exclude,"S1: no audio, video or deepfake term in title or abstract",
R01060,S2,exclude,"S2 no human real-vs-fake judgment of AI-generated stimuli (detector, generator, dataset or other study)",
R01061,S1b,exclude,S1b: no human-study term in title or abstract,
R01062,S1,exclude,"S1: no audio, video or deepfake term in title or abstract",
R01063,S2,exclude,"S2 not an empirical study (review, survey of methods, commentary, legal or policy analysis)",
R01064,S1b,exclude,S1b: no human-study term in title or abstract,
R01065,S1b,exclude,S1b: no human-study term in title or abstract,
R01066,S1,exclude,"S1: no audio, video or deepfake term in title or abstract",
R01067,S1b,exclude,S1b: no human-study term in title or abstract,
R01068,S2,exclude,S2 stimuli are not audio or video (text or still images),
R01069,S3,include,Human listeners vs neural network detecting cloned voices,include
R01070,S2,exclude,"S2 no human real-vs-fake judgment of AI-generated stimuli (detector, generator, dataset or other study)",
R01071,S2,exclude,"S2 no human real-vs-fake judgment of AI-generated stimuli (detector, generator, dataset or other study)",
R01072,S1,exclude,"S1: no audio, video or deepfake term in title or abstract",
R01073,S2,exclude,"S2 no human real-vs-fake judgment of AI-generated stimuli (detector, generator, dataset or other study)",
R01074,S2,exclude,"S2 no human real-vs-fake judgment of AI-generated stimuli (detector, generator, dataset or other study)",
R01075,S2,exclude,"S2 no human real-vs-fake judgment of AI-generated stimuli (detector, generator, dataset or other study)",
R01076,S1,exclude,"S1: no audio, video or deepfake term in title or abstract",
R01077,S3,include,Survey participants classify 4 videos (deepfakes and originals) as real or deepfake,include
R01078,S1,exclude,"S1: no audio, video or deepfake term in title or abstract",
R01079,S2,exclude,S2 stimuli are not audio or video (text or still images),
R01080,S2,exclude,"S2 no human real-vs-fake judgment of AI-generated stimuli (detector, generator, dataset or other study)",
R01081,S1,exclude,"S1: no audio, video or deepfake term in title or abstract",
R01082,S2,exclude,S2 stimuli are not audio or video (text or still images),
R01083,S1,exclude,"S1: no audio, video or deepfake term in title or abstract",
R01084,S2,exclude,"S2 not an empirical study (review, survey of methods, commentary, legal or policy analysis)",
R01085,S1,exclude,"S1: no audio, video or deepfake term in title or abstract",
R01086,S2,exclude,"S2 not an empirical study (review, survey of methods, commentary, legal or policy analysis)",
R01087,S1,exclude,"S1: no audio, video or deepfake term in title or abstract",
R01088,S1,exclude,"S1: no audio, video or deepfake term in title or abstract",
R01089,S2,exclude,"S2 no human real-vs-fake judgment of AI-generated stimuli (detector, generator, dataset or other study)",
R01090,S2,exclude,S2 stimuli are not audio or video (text or still images),
R01091,S2,exclude,S2 stimuli are not audio or video (text or still images),
R01092,S2,exclude,S2 stimuli are not audio or video (text or still images),
R01093,S2,exclude,"S2 no human real-vs-fake judgment of AI-generated stimuli (detector, generator, dataset or other study)",
R01094,S1b,exclude,S1b: no human-study term in title or abstract,
R01095,S1,exclude,"S1: no audio, video or deepfake term in title or abstract",
R01096,S1,exclude,"S1: no audio, video or deepfake term in title or abstract",
R01097,S1b,exclude,S1b: no human-study term in title or abstract,
R01098,S3,include,FakeET: 40 viewers labeled DFDC real/fake videos in 2AFC while eye-tracked/EEG,include
R01099,S2,exclude,S2 stimuli are not audio or video (text or still images),
R01100,S2,exclude,S2 stimuli are not audio or video (text or still images),
R01101,S2,exclude,"S2 no human real-vs-fake judgment of AI-generated stimuli (detector, generator, dataset or other study)",
R01102,S2,exclude,"S2 no human real-vs-fake judgment of AI-generated stimuli (detector, generator, dataset or other study)",
R01103,S1b,exclude,S1b: no human-study term in title or abstract,
R01104,S2,exclude,"S2 no human real-vs-fake judgment of AI-generated stimuli (detector, generator, dataset or other study)",
R01105,S1b,exclude,S1b: no human-study term in title or abstract,
R01106,S2,exclude,"S2 no human real-vs-fake judgment of AI-generated stimuli (detector, generator, dataset or other study)",
R01107,S1b,exclude,S1b: no human-study term in title or abstract,
R01108,S1b,exclude,S1b: no human-study term in title or abstract,
R01109,S2,exclude,S2 stimuli are not audio or video (text or still images),
R01110,S1,exclude,"S1: no audio, video or deepfake term in title or abstract",
R01111,S3,exclude,"E4: EEG/ERP study; participants naive to deepfakes, rated persuasiveness/trust/sharing, no real-vs-fake judgment; fake-only stimuli",full_text
R01112,S1b,exclude,S1b: no human-study term in title or abstract,
R01113,S2,exclude,"S2 no human real-vs-fake judgment of AI-generated stimuli (detector, generator, dataset or other study)",
R01114,S2,exclude,S2 stimuli are not audio or video (text or still images),
R01115,S3,exclude,"E5: VideoSham manipulations made mainly by human editors in After Effects/Photoshop (entity add/remove, background, text, frame drop, audio replacement), not generative deepfakes",full_text
R01116,S1b,exclude,S1b: no human-study term in title or abstract,
R01117,S2,exclude,"S2 no human real-vs-fake judgment of AI-generated stimuli (detector, generator, dataset or other study)",
R01118,S1,exclude,"S1: no audio, video or deepfake term in title or abstract",
R01119,S1,exclude,"S1: no audio, video or deepfake term in title or abstract",
R01120,S1b,exclude,S1b: no human-study term in title or abstract,
R01121,S2,exclude,"S2 no human real-vs-fake judgment of AI-generated stimuli (detector, generator, dataset or other study)",
R01122,S2,exclude,"S2 no human real-vs-fake judgment of AI-generated stimuli (detector, generator, dataset or other study)",
R01123,S2,exclude,"S2 no human real-vs-fake judgment of AI-generated stimuli (detector, generator, dataset or other study)",
R01124,S2,exclude,"S2 not an empirical study (review, survey of methods, commentary, legal or policy analysis)",
R01125,S1,exclude,"S1: no audio, video or deepfake term in title or abstract",
R01126,S2,exclude,S2 stimuli are not audio or video (text or still images),
R01127,S2,exclude,"S2 no human real-vs-fake judgment of AI-generated stimuli (detector, generator, dataset or other study)",
R01128,S2,exclude,"S2 no human real-vs-fake judgment of AI-generated stimuli (detector, generator, dataset or other study)",
R01129,S2,exclude,"S2 no human real-vs-fake judgment of AI-generated stimuli (detector, generator, dataset or other study)",
R01130,S2,exclude,S2 stimuli are not audio or video (text or still images),
R01131,S2,exclude,"S2 no human real-vs-fake judgment of AI-generated stimuli (detector, generator, dataset or other study)",
R01132,S1,exclude,"S1: no audio, video or deepfake term in title or abstract",
R01133,S2,exclude,"S2 no human real-vs-fake judgment of AI-generated stimuli (detector, generator, dataset or other study)",
R01134,S1,exclude,"S1: no audio, video or deepfake term in title or abstract",
R01135,S1,exclude,"S1: no audio, video or deepfake term in title or abstract",
R01136,S1,exclude,"S1: no audio, video or deepfake term in title or abstract",
R01137,S1,exclude,"S1: no audio, video or deepfake term in title or abstract",
R01138,S2,exclude,S2 stimuli are not audio or video (text or still images),
R01139,S2,exclude,S2 stimuli are not audio or video (text or still images),
R01140,S1,exclude,"S1: no audio, video or deepfake term in title or abstract",
R01141,S1,exclude,"S1: no audio, video or deepfake term in title or abstract",
R01142,S1,exclude,"S1: no audio, video or deepfake term in title or abstract",
R01143,S1,exclude,"S1: no audio, video or deepfake term in title or abstract",
R01144,S1,exclude,"S1: no audio, video or deepfake term in title or abstract",
R01145,S2,exclude,"S2 not an empirical study (review, survey of methods, commentary, legal or policy analysis)",
R01146,S1,exclude,"S1: no audio, video or deepfake term in title or abstract",
R01147,S2,exclude,S2 stimuli are not audio or video (text or still images),
R01148,S1,exclude,"S1: no audio, video or deepfake term in title or abstract",
R01149,S1b,exclude,S1b: no human-study term in title or abstract,
R01150,S2,exclude,"S2 no human real-vs-fake judgment of AI-generated stimuli (detector, generator, dataset or other study)",
R01151,S2,exclude,"S2 not an empirical study (review, survey of methods, commentary, legal or policy analysis)",
R01152,S1b,exclude,S1b: no human-study term in title or abstract,
R01153,S2,exclude,"S2 no human real-vs-fake judgment of AI-generated stimuli (detector, generator, dataset or other study)",
R01154,S2,exclude,"S2 not an empirical study (review, survey of methods, commentary, legal or policy analysis)",
R01155,S1,exclude,"S1: no audio, video or deepfake term in title or abstract",
R01156,S2,exclude,"S2 no human real-vs-fake judgment of AI-generated stimuli (detector, generator, dataset or other study)",
R01157,S1,exclude,"S1: no audio, video or deepfake term in title or abstract",
R01158,S1,exclude,"S1: no audio, video or deepfake term in title or abstract",
R01159,S2,exclude,"S2 no human real-vs-fake judgment of AI-generated stimuli (detector, generator, dataset or other study)",
R01160,S1b,exclude,S1b: no human-study term in title or abstract,
R01161,S1,exclude,"S1: no audio, video or deepfake term in title or abstract",
R01162,S2,exclude,S2 stimuli are not audio or video (text or still images),
R01163,S1,exclude,"S1: no audio, video or deepfake term in title or abstract",
R01164,S1b,exclude,S1b: no human-study term in title or abstract,
R01165,S2,exclude,S2 stimuli are not audio or video (text or still images),
R01166,S2,exclude,S2 stimuli are not audio or video (text or still images),
R01167,S2,exclude,"S2 no human real-vs-fake judgment of AI-generated stimuli (detector, generator, dataset or other study)",
R01168,S1b,exclude,S1b: no human-study term in title or abstract,
R01169,S2,exclude,"S2 no human real-vs-fake judgment of AI-generated stimuli (detector, generator, dataset or other study)",
R01170,S1,exclude,"S1: no audio, video or deepfake term in title or abstract",
R01171,S1,exclude,"S1: no audio, video or deepfake term in title or abstract",
R01172,S3,include,Participants judged authenticity of high/low-quality political deepfakes (and real control videos); detection accuracy reported,include
R01173,S1,exclude,"S1: no audio, video or deepfake term in title or abstract",
R01174,S2,exclude,"S2 no human real-vs-fake judgment of AI-generated stimuli (detector, generator, dataset or other study)",
R01175,S2,exclude,"S2 no human real-vs-fake judgment of AI-generated stimuli (detector, generator, dataset or other study)",
R01176,S1,exclude,"S1: no audio, video or deepfake term in title or abstract",
R01177,S1,exclude,"S1: no audio, video or deepfake term in title or abstract",
R01178,S2,exclude,S2 stimuli are not audio or video (text or still images),
R01179,S1,exclude,"S1: no audio, video or deepfake term in title or abstract",
R01180,S1b,exclude,S1b: no human-study term in title or abstract,
R01181,S2,exclude,"S2 no human real-vs-fake judgment of AI-generated stimuli (detector, generator, dataset or other study)",
R01182,S1,exclude,"S1: no audio, video or deepfake term in title or abstract",
R01183,S3,include,Preregistered 2x2 experiment: participants rated authenticity of 12 political videos (deepfakes and authentic),full_text
R01184,S2,exclude,"S2 no human real-vs-fake judgment of AI-generated stimuli (detector, generator, dataset or other study)",
R01185,S1,exclude,"S1: no audio, video or deepfake term in title or abstract",
R01186,S3,include,Two studies: participants judged DFDC videos as deepfake or authentic,include
R01187,S2,exclude,"S2 no human real-vs-fake judgment of AI-generated stimuli (detector, generator, dataset or other study)",
R01188,S1,exclude,"S1: no audio, video or deepfake term in title or abstract",
R01189,S2,exclude,S2 stimuli are not audio or video (text or still images),
R01190,S2,exclude,"S2 no human real-vs-fake judgment of AI-generated stimuli (detector, generator, dataset or other study)",
R01191,S1,exclude,"S1: no audio, video or deepfake term in title or abstract",
R01192,S1,exclude,"S1: no audio, video or deepfake term in title or abstract",
R01193,S1,exclude,"S1: no audio, video or deepfake term in title or abstract",
R01194,S1,exclude,"S1: no audio, video or deepfake term in title or abstract",
R01195,S1,exclude,"S1: no audio, video or deepfake term in title or abstract",
R01196,S1,exclude,"S1: no audio, video or deepfake term in title or abstract",
R01197,S1,exclude,"S1: no audio, video or deepfake term in title or abstract",
R01198,S2,exclude,"S2 no human real-vs-fake judgment of AI-generated stimuli (detector, generator, dataset or other study)",
R01199,S1b,exclude,S1b: no human-study term in title or abstract,
R01200,S2,exclude,"S2 no human real-vs-fake judgment of AI-generated stimuli (detector, generator, dataset or other study)",
R01201,S1,exclude,"S1: no audio, video or deepfake term in title or abstract",
R01202,S2,exclude,"S2 no human real-vs-fake judgment of AI-generated stimuli (detector, generator, dataset or other study)",
R01203,S1,exclude,"S1: no audio, video or deepfake term in title or abstract",
R01204,S1,exclude,"S1: no audio, video or deepfake term in title or abstract",
R01205,S2,exclude,"S2 not an empirical study (review, survey of methods, commentary, legal or policy analysis)",
R01206,S1,exclude,"S1: no audio, video or deepfake term in title or abstract",
R01207,S1,exclude,"S1: no audio, video or deepfake term in title or abstract",
R01208,S1,exclude,"S1: no audio, video or deepfake term in title or abstract",
R01209,S1b,exclude,S1b: no human-study term in title or abstract,
R01210,S2,exclude,"S2 no human real-vs-fake judgment of AI-generated stimuli (detector, generator, dataset or other study)",
R01211,S2,exclude,"S2 humans rate quality or naturalness only, no real-vs-fake judgment",
R01212,S2,exclude,"S2 no human real-vs-fake judgment of AI-generated stimuli (detector, generator, dataset or other study)",
R01213,S1,exclude,"S1: no audio, video or deepfake term in title or abstract",
R01214,S2,exclude,S2 stimuli are not audio or video (text or still images),
R01215,S2,exclude,S2 stimuli are not audio or video (text or still images),
R01216,S3,include,"Familiar and unfamiliar listeners discriminated recorded vs cloned voices (self, friend, stranger)",full_text
R01217,S1,exclude,"S1: no audio, video or deepfake term in title or abstract",
R01218,S2,exclude,"S2 not an empirical study (review, survey of methods, commentary, legal or policy analysis)",
R01219,S2,exclude,"S2 no human real-vs-fake judgment of AI-generated stimuli (detector, generator, dataset or other study)",
R01220,S2,exclude,"S2 no human real-vs-fake judgment of AI-generated stimuli (detector, generator, dataset or other study)",
R01221,S1,exclude,"S1: no audio, video or deepfake term in title or abstract",
R01222,S3,exclude,"E3: framework/position paper; 'Turing test' human evaluation undescribed (no N, modality, task or real stimuli)",full_text
R01223,S2,exclude,"S2 no human real-vs-fake judgment of AI-generated stimuli (detector, generator, dataset or other study)",
R01224,S2,exclude,"S2 no human real-vs-fake judgment of AI-generated stimuli (detector, generator, dataset or other study)",
R01225,S1,exclude,"S1: no audio, video or deepfake term in title or abstract",
R01226,S1b,exclude,S1b: no human-study term in title or abstract,
R01227,S2,exclude,"S2 no human real-vs-fake judgment of AI-generated stimuli (detector, generator, dataset or other study)",
R01228,S3,include,Listeners rated human vs synthetic (5-pt certainty scale) for human talkers and their clones,full_text
R01229,S2,exclude,"S2 no human real-vs-fake judgment of AI-generated stimuli (detector, generator, dataset or other study)",
R01230,S2,exclude,"S2 not an empirical study (review, survey of methods, commentary, legal or policy analysis)",
R01231,S1,exclude,"S1: no audio, video or deepfake term in title or abstract",
R01232,S2,exclude,S2 stimuli are not audio or video (text or still images),
R01233,S2,exclude,"S2 no human real-vs-fake judgment of AI-generated stimuli (detector, generator, dataset or other study)",
R01234,S2,exclude,"S2 no human real-vs-fake judgment of AI-generated stimuli (detector, generator, dataset or other study)",
R01235,S2,exclude,"S2 no human real-vs-fake judgment of AI-generated stimuli (detector, generator, dataset or other study)",
R01236,S1,exclude,"S1: no audio, video or deepfake term in title or abstract",
R01237,S1,exclude,"S1: no audio, video or deepfake term in title or abstract",
R01238,S2,exclude,"S2 not an empirical study (review, survey of methods, commentary, legal or policy analysis)",
R01239,S1,exclude,"S1: no audio, video or deepfake term in title or abstract",
R01240,S1,exclude,"S1: no audio, video or deepfake term in title or abstract",
R01241,S1,exclude,"S1: no audio, video or deepfake term in title or abstract",
R01242,S2,exclude,"S2 no human real-vs-fake judgment of AI-generated stimuli (detector, generator, dataset or other study)",
R01243,S3,include,Swiss panel judged 3 deepfake and 3 real videos before/after literacy intervention,include
R01244,S2,exclude,"S2 no human real-vs-fake judgment of AI-generated stimuli (detector, generator, dataset or other study)",
R01245,S1,exclude,"S1: no audio, video or deepfake term in title or abstract",
R01246,S2,exclude,S2 stimuli are not audio or video (text or still images),
R01247,S1,exclude,"S1: no audio, video or deepfake term in title or abstract",
R01248,S1,exclude,"S1: no audio, video or deepfake term in title or abstract",
R01249,S2,exclude,"S2 not an empirical study (review, survey of methods, commentary, legal or policy analysis)",
R01250,S1,exclude,"S1: no audio, video or deepfake term in title or abstract",
R01251,S2,exclude,"S2 no human real-vs-fake judgment of AI-generated stimuli (detector, generator, dataset or other study)",
R01252,S1,exclude,"S1: no audio, video or deepfake term in title or abstract",
R01253,S1,exclude,"S1: no audio, video or deepfake term in title or abstract",
R01254,S2,exclude,S2 stimuli are not audio or video (text or still images),
R01255,S2,exclude,S2 stimuli are not audio or video (text or still images),
R01256,S1,exclude,"S1: no audio, video or deepfake term in title or abstract",
R01257,S2,exclude,S2 stimuli are not audio or video (text or still images),
R01258,S2,exclude,"S2 no human real-vs-fake judgment of AI-generated stimuli (detector, generator, dataset or other study)",
R01259,S2,exclude,"S2 no human real-vs-fake judgment of AI-generated stimuli (detector, generator, dataset or other study)",
R01260,S1,exclude,"S1: no audio, video or deepfake term in title or abstract",
R01261,S2,exclude,"S2 no human real-vs-fake judgment of AI-generated stimuli (detector, generator, dataset or other study)",
R01262,S2,exclude,S2 stimuli are not audio or video (text or still images),
R01263,S2,exclude,"S2 no human real-vs-fake judgment of AI-generated stimuli (detector, generator, dataset or other study)",
R01264,S2,exclude,"S2 no human real-vs-fake judgment of AI-generated stimuli (detector, generator, dataset or other study)",
R01265,S1,exclude,"S1: no audio, video or deepfake term in title or abstract",
R01266,S2,exclude,"S2 no human real-vs-fake judgment of AI-generated stimuli (detector, generator, dataset or other study)",
R01267,S2,exclude,"S2 not an empirical study (review, survey of methods, commentary, legal or policy analysis)",
R01268,S1,exclude,"S1: no audio, video or deepfake term in title or abstract",
R01269,S2,exclude,"S2 no human real-vs-fake judgment of AI-generated stimuli (detector, generator, dataset or other study)",
R01270,S1,exclude,"S1: no audio, video or deepfake term in title or abstract",
R01271,S1,exclude,"S1: no audio, video or deepfake term in title or abstract",
R01272,S2,exclude,"S2 no human real-vs-fake judgment of AI-generated stimuli (detector, generator, dataset or other study)",
R01273,S1b,exclude,S1b: no human-study term in title or abstract,
R01274,S1,exclude,"S1: no audio, video or deepfake term in title or abstract",
R01275,S1b,exclude,S1b: no human-study term in title or abstract,
R01276,S1b,exclude,S1b: no human-study term in title or abstract,
R01277,S2,exclude,S2 stimuli are not audio or video (text or still images),
R01278,S2,exclude,"S2 no human real-vs-fake judgment of AI-generated stimuli (detector, generator, dataset or other study)",
R01279,S1b,exclude,S1b: no human-study term in title or abstract,
R01280,S1,exclude,"S1: no audio, video or deepfake term in title or abstract",
R01281,S2,exclude,"S2 no human real-vs-fake judgment of AI-generated stimuli (detector, generator, dataset or other study)",
R01282,S1b,exclude,S1b: no human-study term in title or abstract,
R01283,S2,exclude,"S2 humans rate quality or naturalness only, no real-vs-fake judgment",
R01284,S1,exclude,"S1: no audio, video or deepfake term in title or abstract",
R01285,S1,exclude,"S1: no audio, video or deepfake term in title or abstract",
R01286,S1,exclude,"S1: no audio, video or deepfake term in title or abstract",
R01287,S3,include,Prolific evaluators classified original vs deepfake audio call samples,include
R01288,S3,include,Blind and sighted participants judged real vs spoofed audio across two studies,include
R01289,S1,exclude,"S1: no audio, video or deepfake term in title or abstract",
R01290,S1,exclude,"S1: no audio, video or deepfake term in title or abstract",
R01291,S2,exclude,"S2 not an empirical study (review, survey of methods, commentary, legal or policy analysis)",
R01292,S1,exclude,"S1: no audio, video or deepfake term in title or abstract",
R01293,S2,exclude,"S2 no human real-vs-fake judgment of AI-generated stimuli (detector, generator, dataset or other study)",
R01294,S1b,exclude,S1b: no human-study term in title or abstract,
R01295,S2,exclude,"S2 no human real-vs-fake judgment of AI-generated stimuli (detector, generator, dataset or other study)",
R01296,S1,exclude,"S1: no audio, video or deepfake term in title or abstract",
R01297,S1,exclude,"S1: no audio, video or deepfake term in title or abstract",
R01298,S1,exclude,"S1: no audio, video or deepfake term in title or abstract",
R01299,S1b,exclude,S1b: no human-study term in title or abstract,
R01300,S2,exclude,"S2 no human real-vs-fake judgment of AI-generated stimuli (detector, generator, dataset or other study)",
R01301,S2,exclude,"S2 no human real-vs-fake judgment of AI-generated stimuli (detector, generator, dataset or other study)",
R01302,S2,exclude,S2 stimuli are not audio or video (text or still images),
R01303,S2,exclude,"S2 no human real-vs-fake judgment of AI-generated stimuli (detector, generator, dataset or other study)",
R01304,S1,exclude,"S1: no audio, video or deepfake term in title or abstract",
R01305,S1,exclude,"S1: no audio, video or deepfake term in title or abstract",
R01306,S1b,exclude,S1b: no human-study term in title or abstract,
R01307,S2,exclude,"S2 no human real-vs-fake judgment of AI-generated stimuli (detector, generator, dataset or other study)",
R01308,S2,exclude,S2 stimuli are not audio or video (text or still images),
R01309,S1,exclude,"S1: no audio, video or deepfake term in title or abstract",
R01310,S2,exclude,"S2 not an empirical study (review, survey of methods, commentary, legal or policy analysis)",
R01311,S2,exclude,S2 stimuli are not audio or video (text or still images),
R01312,S2,exclude,"S2 humans rate quality or naturalness only, no real-vs-fake judgment",
R01313,S3,include,"Gen Z participants viewed 2 real and 2 deepfake videos and identified them, describing strategies",full_text
R01314,S2,exclude,"S2 no human real-vs-fake judgment of AI-generated stimuli (detector, generator, dataset or other study)",
R01315,S2,exclude,"S2 no human real-vs-fake judgment of AI-generated stimuli (detector, generator, dataset or other study)",
R01316,S1b,exclude,S1b: no human-study term in title or abstract,
R01317,S1,exclude,"S1: no audio, video or deepfake term in title or abstract",
R01318,S2,exclude,S2 stimuli are not audio or video (text or still images),
R01319,S2,exclude,"S2 not an empirical study (review, survey of methods, commentary, legal or policy analysis)",
R01320,S1,exclude,"S1: no audio, video or deepfake term in title or abstract",
R01321,S2,exclude,"S2 no human real-vs-fake judgment of AI-generated stimuli (detector, generator, dataset or other study)",
R01322,S2,exclude,"S2 no human real-vs-fake judgment of AI-generated stimuli (detector, generator, dataset or other study)",
R01323,S1,exclude,"S1: no audio, video or deepfake term in title or abstract",
R01324,S2,exclude,"S2 not an empirical study (review, survey of methods, commentary, legal or policy analysis)",
R01325,S2,exclude,"S2 no human real-vs-fake judgment of AI-generated stimuli (detector, generator, dataset or other study)",
R01326,S2,exclude,"S2 no human real-vs-fake judgment of AI-generated stimuli (detector, generator, dataset or other study)",
R01327,S2,exclude,"S2 no human real-vs-fake judgment of AI-generated stimuli (detector, generator, dataset or other study)",
R01328,S1,exclude,"S1: no audio, video or deepfake term in title or abstract",
R01329,S3,exclude,E1: ML classifiers on EEG signals discriminate real vs deepfake videos; no behavioral human judgment reported,full_text
R01330,S1b,exclude,S1b: no human-study term in title or abstract,
R01331,S2,exclude,"S2 no human real-vs-fake judgment of AI-generated stimuli (detector, generator, dataset or other study)",
R01332,S2,exclude,"S2 no human real-vs-fake judgment of AI-generated stimuli (detector, generator, dataset or other study)",
R01333,S1b,exclude,S1b: no human-study term in title or abstract,
R01334,S1,exclude,"S1: no audio, video or deepfake term in title or abstract",
R01335,S2,exclude,"S2 not an empirical study (review, survey of methods, commentary, legal or policy analysis)",
R01336,S1,exclude,"S1: no audio, video or deepfake term in title or abstract",
R01337,S2,exclude,"S2 not an empirical study (review, survey of methods, commentary, legal or policy analysis)",
R01338,S1,exclude,"S1: no audio, video or deepfake term in title or abstract",
R01339,S1,exclude,"S1: no audio, video or deepfake term in title or abstract",
R01340,S2,exclude,"S2 no human real-vs-fake judgment of AI-generated stimuli (detector, generator, dataset or other study)",
R01341,S1b,exclude,S1b: no human-study term in title or abstract,
R01342,S1,exclude,"S1: no audio, video or deepfake term in title or abstract",
R01343,S2,exclude,"S2 no human real-vs-fake judgment of AI-generated stimuli (detector, generator, dataset or other study)",
R01344,S1,exclude,"S1: no audio, video or deepfake term in title or abstract",
R01345,S1,exclude,"S1: no audio, video or deepfake term in title or abstract",
R01346,S1,exclude,"S1: no audio, video or deepfake term in title or abstract",
R01347,S1,exclude,"S1: no audio, video or deepfake term in title or abstract",
R01348,S2,exclude,"S2 no human real-vs-fake judgment of AI-generated stimuli (detector, generator, dataset or other study)",
R01349,S2,exclude,"S2 humans rate quality or naturalness only, no real-vs-fake judgment",
R01350,S1,exclude,"S1: no audio, video or deepfake term in title or abstract",
R01351,S2,exclude,"S2 no human real-vs-fake judgment of AI-generated stimuli (detector, generator, dataset or other study)",
R01352,S2,exclude,S2 stimuli are not audio or video (text or still images),
R01353,S1,exclude,"S1: no audio, video or deepfake term in title or abstract",
R01354,S1,exclude,"S1: no audio, video or deepfake term in title or abstract",
R01355,S2,exclude,S2 stimuli are not audio or video (text or still images),
R01356,S1,exclude,"S1: no audio, video or deepfake term in title or abstract",
R01357,S2,exclude,"S2 no human real-vs-fake judgment of AI-generated stimuli (detector, generator, dataset or other study)",
R01358,S1,exclude,"S1: no audio, video or deepfake term in title or abstract",
R01359,S2,exclude,"S2 not an empirical study (review, survey of methods, commentary, legal or policy analysis)",
R01360,S2,exclude,"S2 not an empirical study (review, survey of methods, commentary, legal or policy analysis)",
R01361,S2,exclude,"S2 no human real-vs-fake judgment of AI-generated stimuli (detector, generator, dataset or other study)",
R01362,S2,exclude,S2 stimuli are not audio or video (text or still images),
R01363,S3,exclude,"E4: participants rated credibility of a single deepfake video/post; no real-vs-fake judgment, no real videos",full_text
R01364,S1,exclude,"S1: no audio, video or deepfake term in title or abstract",
R01365,S1b,exclude,S1b: no human-study term in title or abstract,
R01366,S2,exclude,"S2 no human real-vs-fake judgment of AI-generated stimuli (detector, generator, dataset or other study)",
R01367,S1,exclude,"S1: no audio, video or deepfake term in title or abstract",
R01368,S1b,exclude,S1b: no human-study term in title or abstract,
R01369,S1,exclude,"S1: no audio, video or deepfake term in title or abstract",
R01370,S1,exclude,"S1: no audio, video or deepfake term in title or abstract",
R01371,S2,exclude,"S2 no human real-vs-fake judgment of AI-generated stimuli (detector, generator, dataset or other study)",
R01372,S1,exclude,"S1: no audio, video or deepfake term in title or abstract",
R01373,S1,exclude,"S1: no audio, video or deepfake term in title or abstract",
R01374,S1,exclude,"S1: no audio, video or deepfake term in title or abstract",
R01375,S2,exclude,"S2 no human real-vs-fake judgment of AI-generated stimuli (detector, generator, dataset or other study)",
R01376,S1,exclude,"S1: no audio, video or deepfake term in title or abstract",
R01377,S1,exclude,"S1: no audio, video or deepfake term in title or abstract",
R01378,S1,exclude,"S1: no audio, video or deepfake term in title or abstract",
R01379,S2,exclude,"S2 no human real-vs-fake judgment of AI-generated stimuli (detector, generator, dataset or other study)",
R01380,S1,exclude,"S1: no audio, video or deepfake term in title or abstract",
R01381,S3,include,Online survey measuring discernment of deepfake vs real videos by cognitive disposition and visual literacy,include
R01382,S2,exclude,"S2 no human real-vs-fake judgment of AI-generated stimuli (detector, generator, dataset or other study)",
R01383,S2,exclude,"S2 humans rate quality or naturalness only, no real-vs-fake judgment",
R01384,S1,exclude,"S1: no audio, video or deepfake term in title or abstract",
R01385,S2,exclude,S2 stimuli are not audio or video (text or still images),
R01386,S1,exclude,"S1: no audio, video or deepfake term in title or abstract",
R01387,S1,exclude,"S1: no audio, video or deepfake term in title or abstract",
R01388,S3,include,Seniors shown authentic and synthetic videos and interviewed on identification,full_text
R01389,S1,exclude,"S1: no audio, video or deepfake term in title or abstract",
R01390,S2,exclude,"S2 not an empirical study (review, survey of methods, commentary, legal or policy analysis)",
R01391,S2,exclude,"S2 no human real-vs-fake judgment of AI-generated stimuli (detector, generator, dataset or other study)",
R01392,S2,exclude,S2 stimuli are not audio or video (text or still images),
R01393,S1,exclude,"S1: no audio, video or deepfake term in title or abstract",
R01394,S1b,exclude,S1b: no human-study term in title or abstract,
R01395,S1,exclude,"S1: no audio, video or deepfake term in title or abstract",
R01396,S2,exclude,"S2 not an empirical study (review, survey of methods, commentary, legal or policy analysis)",
R01397,S1,exclude,"S1: no audio, video or deepfake term in title or abstract",
R01398,S2,exclude,"S2 no human real-vs-fake judgment of AI-generated stimuli (detector, generator, dataset or other study)",
R01399,S1,exclude,"S1: no audio, video or deepfake term in title or abstract",
R01400,S1b,exclude,S1b: no human-study term in title or abstract,
R01401,S2,exclude,S2 stimuli are not audio or video (text or still images),
R01402,S2,exclude,"S2 no human real-vs-fake judgment of AI-generated stimuli (detector, generator, dataset or other study)",
R01403,S1,exclude,"S1: no audio, video or deepfake term in title or abstract",
R01404,S2,exclude,"S2 no human real-vs-fake judgment of AI-generated stimuli (detector, generator, dataset or other study)",
R01405,S1,exclude,"S1: no audio, video or deepfake term in title or abstract",
R01406,S2,exclude,S2 stimuli are not audio or video (text or still images),
R01407,S2,exclude,S2 stimuli are not audio or video (text or still images),
R01408,S1,exclude,"S1: no audio, video or deepfake term in title or abstract",
R01409,S2,exclude,"S2 no human real-vs-fake judgment of AI-generated stimuli (detector, generator, dataset or other study)",
R01410,S2,exclude,"S2 no human real-vs-fake judgment of AI-generated stimuli (detector, generator, dataset or other study)",
R01411,S1b,exclude,S1b: no human-study term in title or abstract,
R01412,S1,exclude,"S1: no audio, video or deepfake term in title or abstract",
R01413,S1,exclude,"S1: no audio, video or deepfake term in title or abstract",
R01414,S2,exclude,"S2 no human real-vs-fake judgment of AI-generated stimuli (detector, generator, dataset or other study)",
R01415,S2,exclude,"S2 no human real-vs-fake judgment of AI-generated stimuli (detector, generator, dataset or other study)",
R01416,S2,exclude,"S2 humans rate quality or naturalness only, no real-vs-fake judgment",
R01417,S1,exclude,"S1: no audio, video or deepfake term in title or abstract",
R01418,S2,exclude,"S2 no human real-vs-fake judgment of AI-generated stimuli (detector, generator, dataset or other study)",
R01419,S1,exclude,"S1: no audio, video or deepfake term in title or abstract",
R01420,S1,exclude,"S1: no audio, video or deepfake term in title or abstract",
R01421,S1,exclude,"S1: no audio, video or deepfake term in title or abstract",
R01422,S1,exclude,"S1: no audio, video or deepfake term in title or abstract",
R01423,S1b,exclude,S1b: no human-study term in title or abstract,
R01424,S1,exclude,"S1: no audio, video or deepfake term in title or abstract",
R01425,S1b,exclude,S1b: no human-study term in title or abstract,
R01426,S1b,exclude,S1b: no human-study term in title or abstract,
R01427,S2,exclude,"S2 not an empirical study (review, survey of methods, commentary, legal or policy analysis)",
R01428,S1,exclude,"S1: no audio, video or deepfake term in title or abstract",
R01429,S1,exclude,"S1: no audio, video or deepfake term in title or abstract",
R01430,S1b,exclude,S1b: no human-study term in title or abstract,
R01431,S1,exclude,"S1: no audio, video or deepfake term in title or abstract",
R01432,S3,exclude,E4: attitudinal effects of political deepfakes; participants did not judge authenticity,full_text
R01433,S3,include,Subjective evaluation: viewers judged whether audiovisual clips were real or fake,include
R01434,S2,exclude,S2 stimuli are not audio or video (text or still images),
R01435,S2,exclude,"S2 humans rate quality or naturalness only, no real-vs-fake judgment",
R01436,S2,exclude,"S2 no human real-vs-fake judgment of AI-generated stimuli (detector, generator, dataset or other study)",
R01437,S1,exclude,"S1: no audio, video or deepfake term in title or abstract",
R01438,S1b,exclude,S1b: no human-study term in title or abstract,
R01439,S1b,exclude,S1b: no human-study term in title or abstract,
R01440,S2,exclude,"S2 not an empirical study (review, survey of methods, commentary, legal or policy analysis)",
R01441,S2,exclude,"S2 not an empirical study (review, survey of methods, commentary, legal or policy analysis)",
R01442,S3,include,"Spanish listeners classified 80 voice samples (40 real, 40 ElevenLabs clones) in Spanish and Japanese",include
R01443,S1,exclude,"S1: no audio, video or deepfake term in title or abstract",
R01444,S2,exclude,"S2 not an empirical study (review, survey of methods, commentary, legal or policy analysis)",
R01445,S1b,exclude,S1b: no human-study term in title or abstract,
R01446,S1b,exclude,S1b: no human-study term in title or abstract,
R01447,S1,exclude,"S1: no audio, video or deepfake term in title or abstract",
R01448,S2,exclude,"S2 no human real-vs-fake judgment of AI-generated stimuli (detector, generator, dataset or other study)",
R01449,S1,exclude,"S1: no audio, video or deepfake term in title or abstract",
R01450,S1,exclude,"S1: no audio, video or deepfake term in title or abstract",
R01451,S2,exclude,S2 stimuli are not audio or video (text or still images),
R01452,S1,exclude,"S1: no audio, video or deepfake term in title or abstract",
R01453,S1,exclude,"S1: no audio, video or deepfake term in title or abstract",
R01454,S1,exclude,"S1: no audio, video or deepfake term in title or abstract",
R01455,S1,exclude,"S1: no audio, video or deepfake term in title or abstract",
R01456,S3,exclude,"E4: all videos carried authenticity labels; later task is recall of which statements were real vs deepfake (label memory), not detection",full_text
R01457,S1,exclude,"S1: no audio, video or deepfake term in title or abstract",
R01458,S1,exclude,"S1: no audio, video or deepfake term in title or abstract",
R01459,S2,exclude,"S2 no human real-vs-fake judgment of AI-generated stimuli (detector, generator, dataset or other study)",
R01460,S1,exclude,"S1: no audio, video or deepfake term in title or abstract",
R01461,S1,exclude,"S1: no audio, video or deepfake term in title or abstract",
R01462,S1,exclude,"S1: no audio, video or deepfake term in title or abstract",
R01463,S2,exclude,"S2 not an empirical study (review, survey of methods, commentary, legal or policy analysis)",
R01464,S1,exclude,"S1: no audio, video or deepfake term in title or abstract",
R01465,S2,exclude,S2 stimuli are not audio or video (text or still images),
R01466,S2,exclude,S2 stimuli are not audio or video (text or still images),
R01467,S2,exclude,"S2 no human real-vs-fake judgment of AI-generated stimuli (detector, generator, dataset or other study)",
R01468,S2,exclude,"S2 no human real-vs-fake judgment of AI-generated stimuli (detector, generator, dataset or other study)",
R01469,S2,exclude,S2 stimuli are not audio or video (text or still images),
R01470,S1b,exclude,S1b: no human-study term in title or abstract,
R01471,S1,exclude,"S1: no audio, video or deepfake term in title or abstract",
R01472,S2,exclude,"S2 no human real-vs-fake judgment of AI-generated stimuli (detector, generator, dataset or other study)",
R01473,S1,exclude,"S1: no audio, video or deepfake term in title or abstract",
R01474,S1,exclude,"S1: no audio, video or deepfake term in title or abstract",
R01475,S2,exclude,"S2 humans rate quality or naturalness only, no real-vs-fake judgment",
R01476,S2,exclude,"S2 no human real-vs-fake judgment of AI-generated stimuli (detector, generator, dataset or other study)",
R01477,S2,exclude,"S2 no human real-vs-fake judgment of AI-generated stimuli (detector, generator, dataset or other study)",
R01478,S1,exclude,"S1: no audio, video or deepfake term in title or abstract",
R01479,S1,exclude,"S1: no audio, video or deepfake term in title or abstract",
R01480,S1,exclude,"S1: no audio, video or deepfake term in title or abstract",
R01481,S2,exclude,"S2 not an empirical study (review, survey of methods, commentary, legal or policy analysis)",
R01482,S2,exclude,"S2 no human real-vs-fake judgment of AI-generated stimuli (detector, generator, dataset or other study)",
R01483,S2,exclude,"S2 no human real-vs-fake judgment of AI-generated stimuli (detector, generator, dataset or other study)",
R01484,S1,exclude,"S1: no audio, video or deepfake term in title or abstract",
R01485,S2,exclude,"S2 no human real-vs-fake judgment of AI-generated stimuli (detector, generator, dataset or other study)",
R01486,S3,exclude,E4: questionnaire on trust in deepfake video credibility; no stimulus real-vs-fake judgment,full_text
R01487,S1,exclude,"S1: no audio, video or deepfake term in title or abstract",
R01488,S1,exclude,"S1: no audio, video or deepfake term in title or abstract",
R01489,S2,exclude,"S2 not an empirical study (review, survey of methods, commentary, legal or policy analysis)",
R01490,S2,exclude,S2 stimuli are not audio or video (text or still images),
R01491,S2,exclude,S2 stimuli are not audio or video (text or still images),
R01492,S1,exclude,"S1: no audio, video or deepfake term in title or abstract",
R01493,S2,exclude,"S2 no human real-vs-fake judgment of AI-generated stimuli (detector, generator, dataset or other study)",
R01494,S3,include,Two sociolinguistic experts labeled real vs spoofed audio via linguistic features,include
R01495,S1b,exclude,S1b: no human-study term in title or abstract,
R01496,S2,exclude,S2 stimuli are not audio or video (text or still images),
R01497,S2,exclude,"S2 no human real-vs-fake judgment of AI-generated stimuli (detector, generator, dataset or other study)",
R01498,S1,exclude,"S1: no audio, video or deepfake term in title or abstract",
R01499,S1,exclude,"S1: no audio, video or deepfake term in title or abstract",
R01500,S2,exclude,"S2 no human real-vs-fake judgment of AI-generated stimuli (detector, generator, dataset or other study)",
R01501,S3,include,Participants identified the deepfake audio in sets of three files (odd-one-out),include
R01502,S2,exclude,"S2 no human real-vs-fake judgment of AI-generated stimuli (detector, generator, dataset or other study)",
R01503,S2,exclude,S2 stimuli are not audio or video (text or still images),
R01504,S1,exclude,"S1: no audio, video or deepfake term in title or abstract",
R01505,S2,exclude,"S2 no human real-vs-fake judgment of AI-generated stimuli (detector, generator, dataset or other study)",
R01506,S2,exclude,"S2 not an empirical study (review, survey of methods, commentary, legal or policy analysis)",
R01507,S1,exclude,"S1: no audio, video or deepfake term in title or abstract",
R01508,S1b,exclude,S1b: no human-study term in title or abstract,
R01509,S1,exclude,"S1: no audio, video or deepfake term in title or abstract",
R01510,S1,exclude,"S1: no audio, video or deepfake term in title or abstract",
R01511,S1,exclude,"S1: no audio, video or deepfake term in title or abstract",
R01512,S1,exclude,"S1: no audio, video or deepfake term in title or abstract",
R01513,S2,exclude,S2 stimuli are not audio or video (text or still images),
R01514,S2,exclude,"S2 no human real-vs-fake judgment of AI-generated stimuli (detector, generator, dataset or other study)",
R01515,S1,exclude,"S1: no audio, video or deepfake term in title or abstract",
R01516,S1b,exclude,S1b: no human-study term in title or abstract,
R01517,S2,exclude,"S2 no human real-vs-fake judgment of AI-generated stimuli (detector, generator, dataset or other study)",
R01518,S2,exclude,S2 stimuli are not audio or video (text or still images),
R01519,S1b,exclude,S1b: no human-study term in title or abstract,
R01520,S3,include,"Listeners classified human vs ElevenLabs-cloned speech over GSM, VoLTE, VoIP channels",include
R01521,S1,exclude,"S1: no audio, video or deepfake term in title or abstract",
R01522,S2,exclude,"S2 no human real-vs-fake judgment of AI-generated stimuli (detector, generator, dataset or other study)",
R01523,S1,exclude,"S1: no audio, video or deepfake term in title or abstract",
R01524,S3,exclude,E2: still face images (StyleGAN2 vs FFHQ photos),full_text
R01525,S1,exclude,"S1: no audio, video or deepfake term in title or abstract",
R01526,S1,exclude,"S1: no audio, video or deepfake term in title or abstract",
R01527,S2,exclude,"S2 not an empirical study (review, survey of methods, commentary, legal or policy analysis)",
R01528,S3,include,Gen Z users' deepfake/voice-clone detection accuracy measured before and after interactive prototype,full_text
R01529,S1,exclude,"S1: no audio, video or deepfake term in title or abstract",
R01530,S1,exclude,"S1: no audio, video or deepfake term in title or abstract",
R01531,S2,exclude,S2 stimuli are not audio or video (text or still images),
R01532,S2,exclude,S2 stimuli are not audio or video (text or still images),
R01533,S1,exclude,"S1: no audio, video or deepfake term in title or abstract",
R01534,S2,exclude,"S2 no human real-vs-fake judgment of AI-generated stimuli (detector, generator, dataset or other study)",
R01535,S2,exclude,"S2 humans rate quality or naturalness only, no real-vs-fake judgment",
R01536,S1b,exclude,S1b: no human-study term in title or abstract,
R01537,S2,exclude,S2 stimuli are not audio or video (text or still images),
R01538,S1,exclude,"S1: no audio, video or deepfake term in title or abstract",
R01539,S1,exclude,"S1: no audio, video or deepfake term in title or abstract",
R01540,S2,exclude,"S2 no human real-vs-fake judgment of AI-generated stimuli (detector, generator, dataset or other study)",
R01541,S2,exclude,"S2 no human real-vs-fake judgment of AI-generated stimuli (detector, generator, dataset or other study)",
R01542,S2,exclude,S2 stimuli are not audio or video (text or still images),
R01543,S2,exclude,"S2 no human real-vs-fake judgment of AI-generated stimuli (detector, generator, dataset or other study)",
R01544,S1b,exclude,S1b: no human-study term in title or abstract,
R01545,S2,exclude,"S2 no human real-vs-fake judgment of AI-generated stimuli (detector, generator, dataset or other study)",
R01546,S2,exclude,"S2 no human real-vs-fake judgment of AI-generated stimuli (detector, generator, dataset or other study)",
R01547,S2,exclude,"S2 no human real-vs-fake judgment of AI-generated stimuli (detector, generator, dataset or other study)",
R01548,S1,exclude,"S1: no audio, video or deepfake term in title or abstract",
R01549,S1b,exclude,S1b: no human-study term in title or abstract,
R01550,S2,exclude,"S2 no human real-vs-fake judgment of AI-generated stimuli (detector, generator, dataset or other study)",
R01551,S2,exclude,"S2 no human real-vs-fake judgment of AI-generated stimuli (detector, generator, dataset or other study)",
R01552,S1,exclude,"S1: no audio, video or deepfake term in title or abstract",
R01553,S1,exclude,"S1: no audio, video or deepfake term in title or abstract",
R01554,S1,exclude,"S1: no audio, video or deepfake term in title or abstract",
R01555,S2,exclude,"S2 no human real-vs-fake judgment of AI-generated stimuli (detector, generator, dataset or other study)",
R01556,S3,exclude,"E3: Zenodo stimulus dataset only (voice clones), no study data; study reported in CHIIR'26 paper 'Does Cognitive Load Affect Human Accuracy in Detecting Voice-Based Deepfakes?' (arXiv 2601.10383)",full_text
R01557,S2,exclude,"S2 no human real-vs-fake judgment of AI-generated stimuli (detector, generator, dataset or other study)",
R01558,S2,exclude,"S2 no human real-vs-fake judgment of AI-generated stimuli (detector, generator, dataset or other study)",
R01559,S2,exclude,"S2 no human real-vs-fake judgment of AI-generated stimuli (detector, generator, dataset or other study)",
R01560,S2,exclude,"S2 not an empirical study (review, survey of methods, commentary, legal or policy analysis)",
R01561,S2,exclude,"S2 no human real-vs-fake judgment of AI-generated stimuli (detector, generator, dataset or other study)",
R01562,S1b,exclude,S1b: no human-study term in title or abstract,
R01563,S2,exclude,"S2 not an empirical study (review, survey of methods, commentary, legal or policy analysis)",
R01564,S2,exclude,"S2 not an empirical study (review, survey of methods, commentary, legal or policy analysis)",
R01565,S1b,exclude,S1b: no human-study term in title or abstract,
R01566,S1,exclude,"S1: no audio, video or deepfake term in title or abstract",
R01567,S3,include,"87 participants binary-classified 36 videos (18 real, 18 AI)",include
R01568,S2,exclude,"S2 no human real-vs-fake judgment of AI-generated stimuli (detector, generator, dataset or other study)",
R01569,S1b,exclude,S1b: no human-study term in title or abstract,
R01570,S2,exclude,"S2 no human real-vs-fake judgment of AI-generated stimuli (detector, generator, dataset or other study)",
R01571,S2,exclude,"S2 no human real-vs-fake judgment of AI-generated stimuli (detector, generator, dataset or other study)",
R01572,S2,exclude,"S2 not an empirical study (review, survey of methods, commentary, legal or policy analysis)",
R01573,S2,exclude,S2 stimuli are not audio or video (text or still images),
R01574,S1,exclude,"S1: no audio, video or deepfake term in title or abstract",
R01575,S1,exclude,"S1: no audio, video or deepfake term in title or abstract",
R01576,S2,exclude,"S2 no human real-vs-fake judgment of AI-generated stimuli (detector, generator, dataset or other study)",
R01577,S2,exclude,"S2 no human real-vs-fake judgment of AI-generated stimuli (detector, generator, dataset or other study)",
R01578,S1,exclude,"S1: no audio, video or deepfake term in title or abstract",
R01579,S1,exclude,"S1: no audio, video or deepfake term in title or abstract",
R01580,S2,exclude,S2 stimuli are not audio or video (text or still images),
R01581,S1,exclude,"S1: no audio, video or deepfake term in title or abstract",
R01582,S1,exclude,"S1: no audio, video or deepfake term in title or abstract",
R01583,S1,exclude,"S1: no audio, video or deepfake term in title or abstract",
R01584,S2,exclude,"S2 no human real-vs-fake judgment of AI-generated stimuli (detector, generator, dataset or other study)",
R01585,S1,exclude,"S1: no audio, video or deepfake term in title or abstract",
R01586,S2,exclude,"S2 no human real-vs-fake judgment of AI-generated stimuli (detector, generator, dataset or other study)",
R01587,S1,exclude,"S1: no audio, video or deepfake term in title or abstract",
R01588,S1,exclude,"S1: no audio, video or deepfake term in title or abstract",
R01589,S1,exclude,"S1: no audio, video or deepfake term in title or abstract",
R01590,S1b,exclude,S1b: no human-study term in title or abstract,
R01591,S2,exclude,"S2 no human real-vs-fake judgment of AI-generated stimuli (detector, generator, dataset or other study)",
R01592,S2,exclude,"S2 no human real-vs-fake judgment of AI-generated stimuli (detector, generator, dataset or other study)",
R01593,S1,exclude,"S1: no audio, video or deepfake term in title or abstract",
R01594,S2,exclude,S2 stimuli are not audio or video (text or still images),
R01595,S1b,exclude,S1b: no human-study term in title or abstract,
R01596,S1,exclude,"S1: no audio, video or deepfake term in title or abstract",
R01597,S2,exclude,"S2 no human real-vs-fake judgment of AI-generated stimuli (detector, generator, dataset or other study)",
R01598,S2,exclude,S2 stimuli are not audio or video (text or still images),
R01599,S2,exclude,"S2 no human real-vs-fake judgment of AI-generated stimuli (detector, generator, dataset or other study)",
R01600,S1,exclude,"S1: no audio, video or deepfake term in title or abstract",
R01601,S1b,exclude,S1b: no human-study term in title or abstract,
R01602,S2,exclude,"S2 no human real-vs-fake judgment of AI-generated stimuli (detector, generator, dataset or other study)",
R01603,S2,exclude,"S2 humans rate quality or naturalness only, no real-vs-fake judgment",
R01604,S1,exclude,"S1: no audio, video or deepfake term in title or abstract",
R01605,S2,exclude,"S2 no human real-vs-fake judgment of AI-generated stimuli (detector, generator, dataset or other study)",
R01606,S1b,exclude,S1b: no human-study term in title or abstract,
R01607,S2,exclude,"S2 no human real-vs-fake judgment of AI-generated stimuli (detector, generator, dataset or other study)",
R01608,S1,exclude,"S1: no audio, video or deepfake term in title or abstract",
R01609,S1,exclude,"S1: no audio, video or deepfake term in title or abstract",
R01610,S1,exclude,"S1: no audio, video or deepfake term in title or abstract",
R01611,S2,exclude,"S2 not an empirical study (review, survey of methods, commentary, legal or policy analysis)",
R01612,S2,exclude,S2 stimuli are not audio or video (text or still images),
R01613,S2,exclude,"S2 no human real-vs-fake judgment of AI-generated stimuli (detector, generator, dataset or other study)",
R01614,S2,exclude,S2 stimuli are not audio or video (text or still images),
R01615,S2,exclude,S2 stimuli are not audio or video (text or still images),
R01616,S2,exclude,S2 stimuli are not audio or video (text or still images),
R01617,S2,exclude,"S2 no human real-vs-fake judgment of AI-generated stimuli (detector, generator, dataset or other study)",
R01618,S2,exclude,S2 stimuli are not audio or video (text or still images),
R01619,S1b,exclude,S1b: no human-study term in title or abstract,
R01620,S1b,exclude,S1b: no human-study term in title or abstract,
R01621,S2,exclude,"S2 no human real-vs-fake judgment of AI-generated stimuli (detector, generator, dataset or other study)",
R01622,S2,exclude,"S2 no human real-vs-fake judgment of AI-generated stimuli (detector, generator, dataset or other study)",
R01623,S1,exclude,"S1: no audio, video or deepfake term in title or abstract",
R01624,S2,exclude,"S2 no human real-vs-fake judgment of AI-generated stimuli (detector, generator, dataset or other study)",
R01625,S2,exclude,"S2 humans rate quality or naturalness only, no real-vs-fake judgment",
R01626,S2,exclude,S2 stimuli are not audio or video (text or still images),
R01627,S1b,exclude,S1b: no human-study term in title or abstract,
R01628,S2,exclude,"S2 no human real-vs-fake judgment of AI-generated stimuli (detector, generator, dataset or other study)",
R01629,S2,exclude,S2 stimuli are not audio or video (text or still images),
R01630,S2,exclude,S2 stimuli are not audio or video (text or still images),
R01631,S1,exclude,"S1: no audio, video or deepfake term in title or abstract",
R01632,S3,include,Online listeners discriminated cloned vs original human voices,include
R01633,S1,exclude,"S1: no audio, video or deepfake term in title or abstract",
R01634,S2,exclude,"S2 not an empirical study (review, survey of methods, commentary, legal or policy analysis)",
R01635,S2,exclude,"S2 no human real-vs-fake judgment of AI-generated stimuli (detector, generator, dataset or other study)",
R01636,S1,exclude,"S1: no audio, video or deepfake term in title or abstract",
R01637,S2,exclude,"S2 not an empirical study (review, survey of methods, commentary, legal or policy analysis)",
R01638,S2,exclude,"S2 no human real-vs-fake judgment of AI-generated stimuli (detector, generator, dataset or other study)",
R01639,S2,exclude,"S2 no human real-vs-fake judgment of AI-generated stimuli (detector, generator, dataset or other study)",
R01640,S2,exclude,"S2 no human real-vs-fake judgment of AI-generated stimuli (detector, generator, dataset or other study)",
R01641,S1,exclude,"S1: no audio, video or deepfake term in title or abstract",
R01642,S2,exclude,"S2 no human real-vs-fake judgment of AI-generated stimuli (detector, generator, dataset or other study)",
R01643,S2,exclude,"S2 no human real-vs-fake judgment of AI-generated stimuli (detector, generator, dataset or other study)",
R01644,S2,exclude,S2 stimuli are not audio or video (text or still images),
R01645,S2,exclude,S2 stimuli are not audio or video (text or still images),
R01646,S1,exclude,"S1: no audio, video or deepfake term in title or abstract",
R01647,S2,exclude,"S2 no human real-vs-fake judgment of AI-generated stimuli (detector, generator, dataset or other study)",
R01648,S1b,exclude,S1b: no human-study term in title or abstract,
R01649,S2,exclude,"S2 no human real-vs-fake judgment of AI-generated stimuli (detector, generator, dataset or other study)",
R01650,S2,exclude,"S2 no human real-vs-fake judgment of AI-generated stimuli (detector, generator, dataset or other study)",
R01651,S1,exclude,"S1: no audio, video or deepfake term in title or abstract",
R01652,S1b,exclude,S1b: no human-study term in title or abstract,
R01653,S2,exclude,"S2 no human real-vs-fake judgment of AI-generated stimuli (detector, generator, dataset or other study)",
R01654,S1b,exclude,S1b: no human-study term in title or abstract,
R01655,S3,exclude,"E4: listener task is speaker detection (same/different speaker) re-analysing ASVspoof 2019 subjective data, not a real-vs-fake judgment",full_text
R01656,S2,exclude,"S2 no human real-vs-fake judgment of AI-generated stimuli (detector, generator, dataset or other study)",
R01657,S1,exclude,"S1: no audio, video or deepfake term in title or abstract",
R01658,S2,exclude,"S2 no human real-vs-fake judgment of AI-generated stimuli (detector, generator, dataset or other study)",
R01659,S2,exclude,"S2 no human real-vs-fake judgment of AI-generated stimuli (detector, generator, dataset or other study)",
R01660,S2,exclude,S2 stimuli are not audio or video (text or still images),
R01661,S1,exclude,"S1: no audio, video or deepfake term in title or abstract",
R01662,S2,exclude,"S2 no human real-vs-fake judgment of AI-generated stimuli (detector, generator, dataset or other study)",
R01663,S2,exclude,S2 stimuli are not audio or video (text or still images),
R01664,S1,exclude,"S1: no audio, video or deepfake term in title or abstract",
R01665,S1,exclude,"S1: no audio, video or deepfake term in title or abstract",
R01666,S2,exclude,S2 stimuli are not audio or video (text or still images),
R01667,S2,exclude,"S2 no human real-vs-fake judgment of AI-generated stimuli (detector, generator, dataset or other study)",
R01668,S2,exclude,S2 stimuli are not audio or video (text or still images),
R01669,S3,include,"22 participants classified 16 vishing clips (8 AI, 8 human) as human or AI",include
R01670,S2,exclude,"S2 not an empirical study (review, survey of methods, commentary, legal or policy analysis)",
R01671,S2,exclude,"S2 no human real-vs-fake judgment of AI-generated stimuli (detector, generator, dataset or other study)",
R01672,S1,exclude,"S1: no audio, video or deepfake term in title or abstract",
R01673,S2,exclude,S2 stimuli are not audio or video (text or still images),
R01674,S1b,exclude,S1b: no human-study term in title or abstract,
R01675,S2,exclude,"S2 no human real-vs-fake judgment of AI-generated stimuli (detector, generator, dataset or other study)",
R01676,S1b,exclude,S1b: no human-study term in title or abstract,
R01677,S2,exclude,"S2 no human real-vs-fake judgment of AI-generated stimuli (detector, generator, dataset or other study)",
R01678,S1,exclude,"S1: no audio, video or deepfake term in title or abstract",
R01679,S2,exclude,"S2 not an empirical study (review, survey of methods, commentary, legal or policy analysis)",
R01680,S1,exclude,"S1: no audio, video or deepfake term in title or abstract",
R01681,S1b,exclude,S1b: no human-study term in title or abstract,
R01682,S2,exclude,"S2 no human real-vs-fake judgment of AI-generated stimuli (detector, generator, dataset or other study)",
R01683,S1,exclude,"S1: no audio, video or deepfake term in title or abstract",
R01684,S1,exclude,"S1: no audio, video or deepfake term in title or abstract",
R01685,S3,include,"Participants rated each of real, synthetic and deepfake videos on a synthetic-vs-real confidence slider",full_text
R01686,S1,exclude,"S1: no audio, video or deepfake term in title or abstract",
R01687,S3,exclude,"E3: dataset described as emulating an experiment following 'realistic distributions' (simulated data), not empirical primary data",include
R01688,S1,exclude,"S1: no audio, video or deepfake term in title or abstract",
R01689,S2,exclude,"S2 no human real-vs-fake judgment of AI-generated stimuli (detector, generator, dataset or other study)",
R01690,S1,exclude,"S1: no audio, video or deepfake term in title or abstract",
R01691,S2,exclude,S2 stimuli are not audio or video (text or still images),
R01692,S1,exclude,"S1: no audio, video or deepfake term in title or abstract",
R01693,S1,exclude,"S1: no audio, video or deepfake term in title or abstract",
R01694,S1,exclude,"S1: no audio, video or deepfake term in title or abstract",
R01695,S3,include,Younger and older adults discriminated human vs AI (WaveNet) speech,full_text
R01696,S2,exclude,S2 stimuli are not audio or video (text or still images),
R01697,S2,exclude,"S2 no human real-vs-fake judgment of AI-generated stimuli (detector, generator, dataset or other study)",
R01698,S2,exclude,S2 stimuli are not audio or video (text or still images),
R01699,S1b,exclude,S1b: no human-study term in title or abstract,
R01700,S2,exclude,"S2 no human real-vs-fake judgment of AI-generated stimuli (detector, generator, dataset or other study)",
R01701,S2,exclude,"S2 not an empirical study (review, survey of methods, commentary, legal or policy analysis)",
R01702,S2,exclude,"S2 not an empirical study (review, survey of methods, commentary, legal or policy analysis)",
R01703,S1,exclude,"S1: no audio, video or deepfake term in title or abstract",
R01704,S1,exclude,"S1: no audio, video or deepfake term in title or abstract",
R01705,S2,exclude,"S2 not an empirical study (review, survey of methods, commentary, legal or policy analysis)",
R01706,S1,exclude,"S1: no audio, video or deepfake term in title or abstract",
R01707,S2,exclude,S2 stimuli are not audio or video (text or still images),
R01708,S2,exclude,S2 stimuli are not audio or video (text or still images),
R01709,S2,exclude,S2 stimuli are not audio or video (text or still images),
R01710,S1b,exclude,S1b: no human-study term in title or abstract,
R01711,S2,exclude,"S2 no human real-vs-fake judgment of AI-generated stimuli (detector, generator, dataset or other study)",
R01712,S1,exclude,"S1: no audio, video or deepfake term in title or abstract",
R01713,S1,exclude,"S1: no audio, video or deepfake term in title or abstract",
R01714,S2,exclude,"S2 no human real-vs-fake judgment of AI-generated stimuli (detector, generator, dataset or other study)",
R01715,S2,exclude,S2 stimuli are not audio or video (text or still images),
R01716,S1,exclude,"S1: no audio, video or deepfake term in title or abstract",
R01717,S1b,exclude,S1b: no human-study term in title or abstract,
R01718,S1b,exclude,S1b: no human-study term in title or abstract,
R01719,S2,exclude,"S2 no human real-vs-fake judgment of AI-generated stimuli (detector, generator, dataset or other study)",
R01720,S2,exclude,"S2 no human real-vs-fake judgment of AI-generated stimuli (detector, generator, dataset or other study)",
R01721,S2,exclude,"S2 no human real-vs-fake judgment of AI-generated stimuli (detector, generator, dataset or other study)",
R01722,S2,exclude,"S2 no human real-vs-fake judgment of AI-generated stimuli (detector, generator, dataset or other study)",
R01723,S2,exclude,"S2 no human real-vs-fake judgment of AI-generated stimuli (detector, generator, dataset or other study)",
R01724,S1,exclude,"S1: no audio, video or deepfake term in title or abstract",
R01725,S1,exclude,"S1: no audio, video or deepfake term in title or abstract",
R01726,S1,exclude,"S1: no audio, video or deepfake term in title or abstract",
R01727,S1b,exclude,S1b: no human-study term in title or abstract,
R01728,S1,exclude,"S1: no audio, video or deepfake term in title or abstract",
R01729,S1,exclude,"S1: no audio, video or deepfake term in title or abstract",
R01730,S2,exclude,"S2 no human real-vs-fake judgment of AI-generated stimuli (detector, generator, dataset or other study)",
R01731,S2,exclude,"S2 no human real-vs-fake judgment of AI-generated stimuli (detector, generator, dataset or other study)",
R01732,S2,exclude,"S2 no human real-vs-fake judgment of AI-generated stimuli (detector, generator, dataset or other study)",
R01733,S3,include,40 adults judged real vs AI videos while eye-tracked,full_text
R01734,S1,exclude,"S1: no audio, video or deepfake term in title or abstract",
R01735,S1,exclude,"S1: no audio, video or deepfake term in title or abstract",
R01736,S1,exclude,"S1: no audio, video or deepfake term in title or abstract",
R01737,S2,exclude,"S2 no human real-vs-fake judgment of AI-generated stimuli (detector, generator, dataset or other study)",
R01738,S2,exclude,"S2 no human real-vs-fake judgment of AI-generated stimuli (detector, generator, dataset or other study)",
R01739,S2,exclude,S2 stimuli are not audio or video (text or still images),
R01740,S2,exclude,S2 stimuli are not audio or video (text or still images),
R01741,S1b,exclude,S1b: no human-study term in title or abstract,
R01742,S2,exclude,S2 stimuli are not audio or video (text or still images),
R01743,S1,exclude,"S1: no audio, video or deepfake term in title or abstract",
R01744,S2,exclude,S2 stimuli are not audio or video (text or still images),
R01745,S1b,exclude,S1b: no human-study term in title or abstract,
R01746,S1,exclude,"S1: no audio, video or deepfake term in title or abstract",
R01747,S2,exclude,"S2 no human real-vs-fake judgment of AI-generated stimuli (detector, generator, dataset or other study)",
R01748,S1,exclude,"S1: no audio, video or deepfake term in title or abstract",
R01749,S1,exclude,"S1: no audio, video or deepfake term in title or abstract",
R01750,S2,exclude,"S2 no human real-vs-fake judgment of AI-generated stimuli (detector, generator, dataset or other study)",
R01751,S2,exclude,S2 stimuli are not audio or video (text or still images),
R01752,S1,exclude,"S1: no audio, video or deepfake term in title or abstract",
R01753,S2,exclude,"S2 not an empirical study (review, survey of methods, commentary, legal or policy analysis)",
R01754,S1,exclude,"S1: no audio, video or deepfake term in title or abstract",
R01755,S1,exclude,"S1: no audio, video or deepfake term in title or abstract",
R01756,S1,exclude,"S1: no audio, video or deepfake term in title or abstract",
R01757,S1,exclude,"S1: no audio, video or deepfake term in title or abstract",
R01758,S2,exclude,S2 stimuli are not audio or video (text or still images),
R01759,S2,exclude,"S2 no human real-vs-fake judgment of AI-generated stimuli (detector, generator, dataset or other study)",
R01760,S2,exclude,"S2 no human real-vs-fake judgment of AI-generated stimuli (detector, generator, dataset or other study)",
R01761,S1,exclude,"S1: no audio, video or deepfake term in title or abstract",
R01762,S2,exclude,S2 stimuli are not audio or video (text or still images),
R01763,S2,exclude,S2 stimuli are not audio or video (text or still images),
R01764,S1,exclude,"S1: no audio, video or deepfake term in title or abstract",
R01765,S2,exclude,S2 stimuli are not audio or video (text or still images),
R01766,S2,exclude,"S2 no human real-vs-fake judgment of AI-generated stimuli (detector, generator, dataset or other study)",
R01767,S1b,exclude,S1b: no human-study term in title or abstract,
R01768,S1,exclude,"S1: no audio, video or deepfake term in title or abstract",
R01769,S2,exclude,S2 stimuli are not audio or video (text or still images),
R01770,S1,exclude,"S1: no audio, video or deepfake term in title or abstract",
R01771,S1,exclude,"S1: no audio, video or deepfake term in title or abstract",
R01772,S1,exclude,"S1: no audio, video or deepfake term in title or abstract",
R01773,S2,exclude,S2 stimuli are not audio or video (text or still images),
R01774,S2,exclude,"S2 not an empirical study (review, survey of methods, commentary, legal or policy analysis)",
R01775,S2,exclude,"S2 no human real-vs-fake judgment of AI-generated stimuli (detector, generator, dataset or other study)",
R01776,S2,exclude,"S2 no human real-vs-fake judgment of AI-generated stimuli (detector, generator, dataset or other study)",
R01777,S1,exclude,"S1: no audio, video or deepfake term in title or abstract",
R01778,S2,exclude,"S2 no human real-vs-fake judgment of AI-generated stimuli (detector, generator, dataset or other study)",
R01779,S2,exclude,"S2 no human real-vs-fake judgment of AI-generated stimuli (detector, generator, dataset or other study)",
R01780,S2,exclude,"S2 not an empirical study (review, survey of methods, commentary, legal or policy analysis)",
R01781,S1,exclude,"S1: no audio, video or deepfake term in title or abstract",
R01782,S1,exclude,"S1: no audio, video or deepfake term in title or abstract",
R01783,S1,exclude,"S1: no audio, video or deepfake term in title or abstract",
R01784,S2,exclude,"S2 no human real-vs-fake judgment of AI-generated stimuli (detector, generator, dataset or other study)",
R01785,S1,exclude,"S1: no audio, video or deepfake term in title or abstract",
R01786,S2,exclude,"S2 no human real-vs-fake judgment of AI-generated stimuli (detector, generator, dataset or other study)",
R01787,S1,exclude,"S1: no audio, video or deepfake term in title or abstract",
R01788,S2,exclude,S2 stimuli are not audio or video (text or still images),
R01789,S1,exclude,"S1: no audio, video or deepfake term in title or abstract",
R01790,S2,exclude,"S2 no human real-vs-fake judgment of AI-generated stimuli (detector, generator, dataset or other study)",
R01791,S1b,exclude,S1b: no human-study term in title or abstract,
R01792,S2,exclude,S2 stimuli are not audio or video (text or still images),
R01793,S1,exclude,"S1: no audio, video or deepfake term in title or abstract",
R01794,S2,exclude,S2 stimuli are not audio or video (text or still images),
R01795,S1,exclude,"S1: no audio, video or deepfake term in title or abstract",
R01796,S1,exclude,"S1: no audio, video or deepfake term in title or abstract",
R01797,S1b,exclude,S1b: no human-study term in title or abstract,
R01798,S1,exclude,"S1: no audio, video or deepfake term in title or abstract",
R01799,S1,exclude,"S1: no audio, video or deepfake term in title or abstract",
R01800,S1,exclude,"S1: no audio, video or deepfake term in title or abstract",
R01801,S2,exclude,"S2 not an empirical study (review, survey of methods, commentary, legal or policy analysis)",
R01802,S1,exclude,"S1: no audio, video or deepfake term in title or abstract",
R01803,S1,exclude,"S1: no audio, video or deepfake term in title or abstract",
R01804,S1,exclude,"S1: no audio, video or deepfake term in title or abstract",
R01805,S2,exclude,"S2 not an empirical study (review, survey of methods, commentary, legal or policy analysis)",
R01806,S2,exclude,"S2 no human real-vs-fake judgment of AI-generated stimuli (detector, generator, dataset or other study)",
R01807,S1,exclude,"S1: no audio, video or deepfake term in title or abstract",
R01808,S2,exclude,"S2 no human real-vs-fake judgment of AI-generated stimuli (detector, generator, dataset or other study)",
R01809,S3,include,105 computer engineering students classified AI-generated vs human-made videos,include
R01810,S1,exclude,"S1: no audio, video or deepfake term in title or abstract",
R01811,S1,exclude,"S1: no audio, video or deepfake term in title or abstract",
R01812,S1b,exclude,S1b: no human-study term in title or abstract,
R01813,S1,exclude,"S1: no audio, video or deepfake term in title or abstract",
R01814,S1,exclude,"S1: no audio, video or deepfake term in title or abstract",
R01815,S1,exclude,"S1: no audio, video or deepfake term in title or abstract",
R01816,S2,exclude,S2 stimuli are not audio or video (text or still images),
R01817,S2,exclude,"S2 not an empirical study (review, survey of methods, commentary, legal or policy analysis)",
R01818,S2,exclude,"S2 no human real-vs-fake judgment of AI-generated stimuli (detector, generator, dataset or other study)",
R01819,S2,exclude,"S2 no human real-vs-fake judgment of AI-generated stimuli (detector, generator, dataset or other study)",
R01820,S2,exclude,S2 stimuli are not audio or video (text or still images),
R01821,S1,exclude,"S1: no audio, video or deepfake term in title or abstract",
R01822,S1,exclude,"S1: no audio, video or deepfake term in title or abstract",
R01823,S1,exclude,"S1: no audio, video or deepfake term in title or abstract",
R01824,S1,exclude,"S1: no audio, video or deepfake term in title or abstract",
R01825,S3,include,"Participants judged authenticity of text, image and video materials; video subset eligible",full_text
R01826,S2,exclude,"S2 no human real-vs-fake judgment of AI-generated stimuli (detector, generator, dataset or other study)",
R01827,S2,exclude,S2 stimuli are not audio or video (text or still images),
R01828,S2,exclude,S2 stimuli are not audio or video (text or still images),
R01829,S2,exclude,"S2 no human real-vs-fake judgment of AI-generated stimuli (detector, generator, dataset or other study)",
R01830,S1,exclude,"S1: no audio, video or deepfake term in title or abstract",
R01831,S1,exclude,"S1: no audio, video or deepfake term in title or abstract",
R01832,S2,exclude,S2 stimuli are not audio or video (text or still images),
R01833,S1,exclude,"S1: no audio, video or deepfake term in title or abstract",
R01834,S1,exclude,"S1: no audio, video or deepfake term in title or abstract",
R01835,S2,exclude,"S2 no human real-vs-fake judgment of AI-generated stimuli (detector, generator, dataset or other study)",
R01836,S1,exclude,"S1: no audio, video or deepfake term in title or abstract",
R01837,S2,exclude,"S2 no human real-vs-fake judgment of AI-generated stimuli (detector, generator, dataset or other study)",
R01838,S3,include,40 participants' gaze while judging authenticity of real and AI-generated videos,full_text
R01839,S2,exclude,S2 stimuli are not audio or video (text or still images),
R01840,S2,exclude,"S2 not an empirical study (review, survey of methods, commentary, legal or policy analysis)",
R01841,S2,exclude,"S2 not an empirical study (review, survey of methods, commentary, legal or policy analysis)",
R01842,S2,exclude,"S2 not an empirical study (review, survey of methods, commentary, legal or policy analysis)",
R01843,S2,exclude,S2 stimuli are not audio or video (text or still images),
R01844,S2,exclude,"S2 not an empirical study (review, survey of methods, commentary, legal or policy analysis)",
R01845,S2,exclude,"S2 no human real-vs-fake judgment of AI-generated stimuli (detector, generator, dataset or other study)",
R01846,S2,exclude,"S2 no human real-vs-fake judgment of AI-generated stimuli (detector, generator, dataset or other study)",
R01847,S2,exclude,"S2 no human real-vs-fake judgment of AI-generated stimuli (detector, generator, dataset or other study)",
R01848,S1b,exclude,S1b: no human-study term in title or abstract,
R01849,S1,exclude,"S1: no audio, video or deepfake term in title or abstract",
R01850,S2,exclude,S2 stimuli are not audio or video (text or still images),
R01851,S2,exclude,S2 stimuli are not audio or video (text or still images),
R01852,S2,exclude,S2 stimuli are not audio or video (text or still images),
R01853,S2,exclude,"S2 not an empirical study (review, survey of methods, commentary, legal or policy analysis)",
R01854,S2,exclude,"S2 no human real-vs-fake judgment of AI-generated stimuli (detector, generator, dataset or other study)",
R01855,S2,exclude,S2 stimuli are not audio or video (text or still images),
R01856,S3,include,Preprint of Somoray & Miller experiment: participants categorized 10 real and 10 deepfake videos,full_text
R01857,S2,exclude,"S2 no human real-vs-fake judgment of AI-generated stimuli (detector, generator, dataset or other study)",
R01858,S1,exclude,"S1: no audio, video or deepfake term in title or abstract",
R01859,S1,exclude,"S1: no audio, video or deepfake term in title or abstract",
R01860,S2,exclude,"S2 no human real-vs-fake judgment of AI-generated stimuli (detector, generator, dataset or other study)",
R01861,S1,exclude,"S1: no audio, video or deepfake term in title or abstract",
R01862,S1,exclude,"S1: no audio, video or deepfake term in title or abstract",
R01863,S1b,exclude,S1b: no human-study term in title or abstract,
R01864,S1b,exclude,S1b: no human-study term in title or abstract,
R01865,S2,exclude,"S2 no human real-vs-fake judgment of AI-generated stimuli (detector, generator, dataset or other study)",
R01866,S1b,exclude,S1b: no human-study term in title or abstract,
R01867,S1,exclude,"S1: no audio, video or deepfake term in title or abstract",
R01868,S1b,exclude,S1b: no human-study term in title or abstract,
R01869,S1b,exclude,S1b: no human-study term in title or abstract,
R01870,S2,exclude,"S2 not an empirical study (review, survey of methods, commentary, legal or policy analysis)",
R01871,S2,exclude,"S2 no human real-vs-fake judgment of AI-generated stimuli (detector, generator, dataset or other study)",
R01872,S2,exclude,S2 stimuli are not audio or video (text or still images),
R01873,S3,include,54 native Spanish/Japanese listeners classified 40 natural vs 40 ElevenLabs samples; compared with ResNet18,include
R01874,S1,exclude,"S1: no audio, video or deepfake term in title or abstract",
R01875,S1,exclude,"S1: no audio, video or deepfake term in title or abstract",
R01876,S1,exclude,"S1: no audio, video or deepfake term in title or abstract",
R01877,S1,exclude,"S1: no audio, video or deepfake term in title or abstract",
R01878,S2,exclude,S2 stimuli are not audio or video (text or still images),
R01879,S1,exclude,"S1: no audio, video or deepfake term in title or abstract",
R01880,S3,include,Think-aloud task: social media users identify AI-generated vs authentic videos,full_text
R01881,S2,exclude,S2 stimuli are not audio or video (text or still images),
R01882,S2,exclude,S2 stimuli are not audio or video (text or still images),
R01883,S1,exclude,"S1: no audio, video or deepfake term in title or abstract",
R01884,S1,exclude,"S1: no audio, video or deepfake term in title or abstract",
R01885,S2,exclude,"S2 no human real-vs-fake judgment of AI-generated stimuli (detector, generator, dataset or other study)",
R01886,S1b,exclude,S1b: no human-study term in title or abstract,
R01887,S1,exclude,"S1: no audio, video or deepfake term in title or abstract",
R01888,S1,exclude,"S1: no audio, video or deepfake term in title or abstract",
R01889,S2,exclude,S2 stimuli are not audio or video (text or still images),
R01890,S1b,exclude,S1b: no human-study term in title or abstract,
R01891,S1,exclude,"S1: no audio, video or deepfake term in title or abstract",
R01892,S2,exclude,S2 stimuli are not audio or video (text or still images),
R01893,S2,exclude,"S2 no human real-vs-fake judgment of AI-generated stimuli (detector, generator, dataset or other study)",
R01894,S1b,exclude,S1b: no human-study term in title or abstract,
R01895,S2,exclude,"S2 no human real-vs-fake judgment of AI-generated stimuli (detector, generator, dataset or other study)",
R01896,S3,exclude,"E4: RCT of AI voice-cloned vs recorded lecture audio; outcomes are learning, satisfaction; no real-vs-AI judgment",full_text
R01897,S2,exclude,"S2 no human real-vs-fake judgment of AI-generated stimuli (detector, generator, dataset or other study)",
R01898,S3,include,Credamo participants judged deepfake videos with/without mouth-movement manipulation,include
R01899,S3,include,Students rated authenticity of three political deepfake videos,full_text
R01900,S1,exclude,"S1: no audio, video or deepfake term in title or abstract",
R01901,S2,exclude,S2 stimuli are not audio or video (text or still images),
R01902,S1,exclude,"S1: no audio, video or deepfake term in title or abstract",
R01903,S2,exclude,"S2 no human real-vs-fake judgment of AI-generated stimuli (detector, generator, dataset or other study)",
R01904,S2,exclude,"S2 not an empirical study (review, survey of methods, commentary, legal or policy analysis)",
R01905,S3,not_retrieved,"Conference abstract, no accessible text; modality and task unknown",full_text
R01906,S2,exclude,"S2 not an empirical study (review, survey of methods, commentary, legal or policy analysis)",
R01907,S2,exclude,S2 stimuli are not audio or video (text or still images),
R01908,S1,exclude,"S1: no audio, video or deepfake term in title or abstract",
R01909,S1,exclude,"S1: no audio, video or deepfake term in title or abstract",
R01910,S3,include,"Reddit r/RealOrAI community judgments of real vs AI media, video subset reported separately",full_text
R01911,S1,exclude,"S1: no audio, video or deepfake term in title or abstract",
R01912,S2,exclude,S2 stimuli are not audio or video (text or still images),
R01913,S1,exclude,"S1: no audio, video or deepfake term in title or abstract",
R01914,S2,exclude,S2 stimuli are not audio or video (text or still images),
R01915,S2,exclude,"S2 no human real-vs-fake judgment of AI-generated stimuli (detector, generator, dataset or other study)",
R01916,S2,exclude,"S2 no human real-vs-fake judgment of AI-generated stimuli (detector, generator, dataset or other study)",
R01917,S1b,exclude,S1b: no human-study term in title or abstract,
R01918,S1,exclude,"S1: no audio, video or deepfake term in title or abstract",
R01919,S1,exclude,"S1: no audio, video or deepfake term in title or abstract",
R01920,S3,include,"Survey participants heard human, advanced machine (Duplex-like) and simple machine voices and judged human vs machine",full_text
R01921,S2,exclude,"S2 not an empirical study (review, survey of methods, commentary, legal or policy analysis)",
R01922,S1,exclude,"S1: no audio, video or deepfake term in title or abstract",
R01923,S2,exclude,S2 stimuli are not audio or video (text or still images),
R01924,S2,exclude,"S2 not an empirical study (review, survey of methods, commentary, legal or policy analysis)",
R01925,S2,exclude,"S2 no human real-vs-fake judgment of AI-generated stimuli (detector, generator, dataset or other study)",
R01926,S2,exclude,S2 stimuli are not audio or video (text or still images),
R01927,S2,exclude,"S2 no human real-vs-fake judgment of AI-generated stimuli (detector, generator, dataset or other study)",
R01928,S1,exclude,"S1: no audio, video or deepfake term in title or abstract",
R01929,S1,exclude,"S1: no audio, video or deepfake term in title or abstract",
R01930,S1,exclude,"S1: no audio, video or deepfake term in title or abstract",
R01931,S1,exclude,"S1: no audio, video or deepfake term in title or abstract",
R01932,S1,exclude,"S1: no audio, video or deepfake term in title or abstract",
R01933,S2,exclude,"S2 humans rate quality or naturalness only, no real-vs-fake judgment",
R01934,S1,exclude,"S1: no audio, video or deepfake term in title or abstract",
R01935,S2,exclude,"S2 not an empirical study (review, survey of methods, commentary, legal or policy analysis)",
R01936,S1,exclude,"S1: no audio, video or deepfake term in title or abstract",
R01937,S1,exclude,"S1: no audio, video or deepfake term in title or abstract",
R01938,S2,exclude,"S2 not an empirical study (review, survey of methods, commentary, legal or policy analysis)",
R01939,S1,exclude,"S1: no audio, video or deepfake term in title or abstract",
R01940,S1,exclude,"S1: no audio, video or deepfake term in title or abstract",
R01941,S1b,exclude,S1b: no human-study term in title or abstract,
R01942,S2,exclude,"S2 no human real-vs-fake judgment of AI-generated stimuli (detector, generator, dataset or other study)",
R01943,S3,include,"Pilot: adults judged manipulated vs authentic text, photos and video",full_text
R01944,S1,exclude,"S1: no audio, video or deepfake term in title or abstract",
R01945,S2,exclude,S2 stimuli are not audio or video (text or still images),
R01946,S2,exclude,"S2 no human real-vs-fake judgment of AI-generated stimuli (detector, generator, dataset or other study)",
R01947,S1b,exclude,S1b: no human-study term in title or abstract,
R01948,S1,exclude,"S1: no audio, video or deepfake term in title or abstract",
R01949,S2,exclude,"S2 no human real-vs-fake judgment of AI-generated stimuli (detector, generator, dataset or other study)",
R01950,S2,exclude,"S2 no human real-vs-fake judgment of AI-generated stimuli (detector, generator, dataset or other study)",
R01951,S1,exclude,"S1: no audio, video or deepfake term in title or abstract",
R01952,S2,exclude,"S2 no human real-vs-fake judgment of AI-generated stimuli (detector, generator, dataset or other study)",
R01953,S2,exclude,"S2 no human real-vs-fake judgment of AI-generated stimuli (detector, generator, dataset or other study)",
R01954,S1,exclude,"S1: no audio, video or deepfake term in title or abstract",
R01955,S2,exclude,"S2 no human real-vs-fake judgment of AI-generated stimuli (detector, generator, dataset or other study)",
R01956,S1,exclude,"S1: no audio, video or deepfake term in title or abstract",
R01957,S1,exclude,"S1: no audio, video or deepfake term in title or abstract",
R01958,S3,include,Prior experiment: real vs deepfake videos (visually rich and point-light) classified; new study preregistered,full_text
R01959,S2,exclude,S2 stimuli are not audio or video (text or still images),
R01960,S1,exclude,"S1: no audio, video or deepfake term in title or abstract",
R01961,S3,include,450 participants classified Paraguayan journalists' real vs ElevenLabs-cloned Spanish audio,include
R01962,S1,exclude,"S1: no audio, video or deepfake term in title or abstract",
R01963,S2,exclude,"S2 no human real-vs-fake judgment of AI-generated stimuli (detector, generator, dataset or other study)",
R01964,S1,exclude,"S1: no audio, video or deepfake term in title or abstract",
R01965,S1,exclude,"S1: no audio, video or deepfake term in title or abstract",
R01966,S2,exclude,"S2 no human real-vs-fake judgment of AI-generated stimuli (detector, generator, dataset or other study)",
R01967,S1b,exclude,S1b: no human-study term in title or abstract,
R01968,S1,exclude,"S1: no audio, video or deepfake term in title or abstract",
R01969,S2,exclude,"S2 no human real-vs-fake judgment of AI-generated stimuli (detector, generator, dataset or other study)",
R01970,S1b,exclude,S1b: no human-study term in title or abstract,
R01971,S3,include,Participants classified real vs TorToise-cloned newsreader voices under cognitive load,include
R01972,S1,exclude,"S1: no audio, video or deepfake term in title or abstract",
R01973,S1,exclude,"S1: no audio, video or deepfake term in title or abstract",
R01974,S3,include,Music students did forced-choice AI vs human authorship on 30 excerpts,include
R01975,S2,exclude,"S2 not an empirical study (review, survey of methods, commentary, legal or policy analysis)",
R01976,S1,exclude,"S1: no audio, video or deepfake term in title or abstract",
R01977,S2,exclude,S2 stimuli are not audio or video (text or still images),
R01978,S2,exclude,"S2 no human real-vs-fake judgment of AI-generated stimuli (detector, generator, dataset or other study)",
R01979,S1,exclude,"S1: no audio, video or deepfake term in title or abstract",
R01980,S1,exclude,"S1: no audio, video or deepfake term in title or abstract",
R01981,S1,exclude,"S1: no audio, video or deepfake term in title or abstract",
R01982,S2,exclude,S2 stimuli are not audio or video (text or still images),
R01983,S2,exclude,S2 stimuli are not audio or video (text or still images),
R01984,S2,exclude,"S2 no human real-vs-fake judgment of AI-generated stimuli (detector, generator, dataset or other study)",
R01985,S1,exclude,"S1: no audio, video or deepfake term in title or abstract",
R01986,S1,exclude,"S1: no audio, video or deepfake term in title or abstract",
R01987,S1,exclude,"S1: no audio, video or deepfake term in title or abstract",
R01988,S2,exclude,"S2 not an empirical study (review, survey of methods, commentary, legal or policy analysis)",
R01989,S2,exclude,"S2 not an empirical study (review, survey of methods, commentary, legal or policy analysis)",
R01990,S3,not_retrieved,Face-swap deepfake vs authentic videos with credibility ratings; unclear whether a real/fake judgment was made,full_text
R01991,S1,exclude,"S1: no audio, video or deepfake term in title or abstract",
R01992,S1,exclude,"S1: no audio, video or deepfake term in title or abstract",
R01993,S1,exclude,"S1: no audio, video or deepfake term in title or abstract",
R01994,S1b,exclude,S1b: no human-study term in title or abstract,
R01995,S1b,exclude,S1b: no human-study term in title or abstract,
R01996,S3,include,"Human deepfake detection across still images, silent videos and videos with audio",full_text
R01997,S2,exclude,S2 stimuli are not audio or video (text or still images),
R01998,S2,exclude,S2 stimuli are not audio or video (text or still images),
R01999,S2,exclude,S2 stimuli are not audio or video (text or still images),
R02000,S1,exclude,"S1: no audio, video or deepfake term in title or abstract",
R02001,S2,exclude,"S2 not an empirical study (review, survey of methods, commentary, legal or policy analysis)",
R02002,S1,exclude,"S1: no audio, video or deepfake term in title or abstract",
R02003,S3,include,492 university students classified five videos as real or fake,include
R02004,S1,exclude,"S1: no audio, video or deepfake term in title or abstract",
R02005,S2,exclude,"S2 no human real-vs-fake judgment of AI-generated stimuli (detector, generator, dataset or other study)",
R02006,S1,exclude,"S1: no audio, video or deepfake term in title or abstract",
R02007,S2,exclude,"S2 no human real-vs-fake judgment of AI-generated stimuli (detector, generator, dataset or other study)",
R02008,S2,exclude,"S2 no human real-vs-fake judgment of AI-generated stimuli (detector, generator, dataset or other study)",
R02009,S1,exclude,"S1: no audio, video or deepfake term in title or abstract",
R02010,S1,exclude,"S1: no audio, video or deepfake term in title or abstract",
R02011,S2,exclude,"S2 no human real-vs-fake judgment of AI-generated stimuli (detector, generator, dataset or other study)",
R02012,S2,exclude,S2 stimuli are not audio or video (text or still images),
R02013,S2,exclude,S2 stimuli are not audio or video (text or still images),
R02014,S1,exclude,"S1: no audio, video or deepfake term in title or abstract",
R02015,S1b,exclude,S1b: no human-study term in title or abstract,
R02016,S3,include,ArEnAV dataset paper with human evaluation of real vs fake audiovisual videos,full_text
R02017,S1,exclude,"S1: no audio, video or deepfake term in title or abstract",
R02018,S2,exclude,"S2 no human real-vs-fake judgment of AI-generated stimuli (detector, generator, dataset or other study)",
R02019,S2,exclude,"S2 no human real-vs-fake judgment of AI-generated stimuli (detector, generator, dataset or other study)",
R02020,S1,exclude,"S1: no audio, video or deepfake term in title or abstract",
R02021,S1,exclude,"S1: no audio, video or deepfake term in title or abstract",
R02022,S2,exclude,"S2 no human real-vs-fake judgment of AI-generated stimuli (detector, generator, dataset or other study)",
R02023,S1b,exclude,S1b: no human-study term in title or abstract,
R02024,S2,exclude,S2 stimuli are not audio or video (text or still images),
R02025,S2,exclude,"S2 no human real-vs-fake judgment of AI-generated stimuli (detector, generator, dataset or other study)",
R02026,S2,exclude,S2 stimuli are not audio or video (text or still images),
R02027,S1,exclude,"S1: no audio, video or deepfake term in title or abstract",
R02028,S1,exclude,"S1: no audio, video or deepfake term in title or abstract",
R02029,S2,exclude,S2 stimuli are not audio or video (text or still images),
R02030,S1b,exclude,S1b: no human-study term in title or abstract,
R02031,S1,exclude,"S1: no audio, video or deepfake term in title or abstract",
R02032,S2,exclude,S2 stimuli are not audio or video (text or still images),
R02033,S2,exclude,S2 stimuli are not audio or video (text or still images),
R02034,S2,exclude,"S2 not an empirical study (review, survey of methods, commentary, legal or policy analysis)",
R02035,S1,exclude,"S1: no audio, video or deepfake term in title or abstract",
R02036,S2,exclude,S2 stimuli are not audio or video (text or still images),
R02037,S1,exclude,"S1: no audio, video or deepfake term in title or abstract",
R02038,S2,exclude,S2 stimuli are not audio or video (text or still images),
R02039,S2,exclude,S2 stimuli are not audio or video (text or still images),
R02040,S1,exclude,"S1: no audio, video or deepfake term in title or abstract",
R02041,S2,exclude,"S2 no human real-vs-fake judgment of AI-generated stimuli (detector, generator, dataset or other study)",
R02042,S1b,exclude,S1b: no human-study term in title or abstract,
R02043,S2,exclude,"S2 no human real-vs-fake judgment of AI-generated stimuli (detector, generator, dataset or other study)",
R02044,S2,exclude,"S2 no human real-vs-fake judgment of AI-generated stimuli (detector, generator, dataset or other study)",
R02045,S1,exclude,"S1: no audio, video or deepfake term in title or abstract",
R02046,S2,exclude,S2 stimuli are not audio or video (text or still images),
R02047,S2,exclude,"S2 no human real-vs-fake judgment of AI-generated stimuli (detector, generator, dataset or other study)",
R02048,S1b,exclude,S1b: no human-study term in title or abstract,
R02049,S1,exclude,"S1: no audio, video or deepfake term in title or abstract",
R02050,S1,exclude,"S1: no audio, video or deepfake term in title or abstract",
R02051,S2,exclude,"S2 not an empirical study (review, survey of methods, commentary, legal or policy analysis)",
R02052,S1,exclude,"S1: no audio, video or deepfake term in title or abstract",
R02053,S1,exclude,"S1: no audio, video or deepfake term in title or abstract",
R02054,S2,exclude,S2 stimuli are not audio or video (text or still images),
R02055,S1,exclude,"S1: no audio, video or deepfake term in title or abstract",
R02056,S1,exclude,"S1: no audio, video or deepfake term in title or abstract",
R02057,S2,exclude,"S2 no human real-vs-fake judgment of AI-generated stimuli (detector, generator, dataset or other study)",
R02058,S1,exclude,"S1: no audio, video or deepfake term in title or abstract",
R02059,S1,exclude,"S1: no audio, video or deepfake term in title or abstract",
R02060,S2,exclude,S2 stimuli are not audio or video (text or still images),
R02061,S1,exclude,"S1: no audio, video or deepfake term in title or abstract",
R02062,S2,exclude,"S2 humans rate quality or naturalness only, no real-vs-fake judgment",
R02063,S1,exclude,"S1: no audio, video or deepfake term in title or abstract",
R02064,S2,exclude,"S2 no human real-vs-fake judgment of AI-generated stimuli (detector, generator, dataset or other study)",
R02065,S2,exclude,"S2 no human real-vs-fake judgment of AI-generated stimuli (detector, generator, dataset or other study)",
R02066,S2,exclude,"S2 no human real-vs-fake judgment of AI-generated stimuli (detector, generator, dataset or other study)",
R02067,S1,exclude,"S1: no audio, video or deepfake term in title or abstract",
R02068,S1,exclude,"S1: no audio, video or deepfake term in title or abstract",
R02069,S3,exclude,E2: human participants judged real vs deepfake images,full_text
R02070,S2,exclude,"S2 no human real-vs-fake judgment of AI-generated stimuli (detector, generator, dataset or other study)",
R02071,S1,exclude,"S1: no audio, video or deepfake term in title or abstract",
R02072,S1,exclude,"S1: no audio, video or deepfake term in title or abstract",
R02073,S2,exclude,S2 stimuli are not audio or video (text or still images),
R02074,S2,exclude,S2 stimuli are not audio or video (text or still images),
R02075,S1,exclude,"S1: no audio, video or deepfake term in title or abstract",
R02076,S2,exclude,S2 stimuli are not audio or video (text or still images),
R02077,S2,exclude,"S2 no human real-vs-fake judgment of AI-generated stimuli (detector, generator, dataset or other study)",
R02078,S1,exclude,"S1: no audio, video or deepfake term in title or abstract",
R02079,S2,exclude,"S2 no human real-vs-fake judgment of AI-generated stimuli (detector, generator, dataset or other study)",
R02080,S1,exclude,"S1: no audio, video or deepfake term in title or abstract",
R02081,S2,exclude,S2 stimuli are not audio or video (text or still images),
R02082,S2,exclude,"S2 no human real-vs-fake judgment of AI-generated stimuli (detector, generator, dataset or other study)",
R02083,S1,exclude,"S1: no audio, video or deepfake term in title or abstract",
R02084,S1b,exclude,S1b: no human-study term in title or abstract,
R02085,S2,exclude,"S2 no human real-vs-fake judgment of AI-generated stimuli (detector, generator, dataset or other study)",
R02086,S2,exclude,S2 stimuli are not audio or video (text or still images),
R02087,S3,include,Preregistered RT study where listeners judge human-composed vs AI-generated music excerpts,full_text
R02088,S1,exclude,"S1: no audio, video or deepfake term in title or abstract",
R02089,S1,exclude,"S1: no audio, video or deepfake term in title or abstract",
R02090,S1b,exclude,S1b: no human-study term in title or abstract,
R02091,S1,exclude,"S1: no audio, video or deepfake term in title or abstract",
R02092,S1,exclude,"S1: no audio, video or deepfake term in title or abstract",
R02093,S3,not_retrieved,EEG hyperscanning while pairs viewed authentic and AI (image-to-video) videos; unclear whether behavioral real/fake judgments were reported,full_text
R02094,S2,exclude,"S2 no human real-vs-fake judgment of AI-generated stimuli (detector, generator, dataset or other study)",
R02095,S2,exclude,"S2 no human real-vs-fake judgment of AI-generated stimuli (detector, generator, dataset or other study)",
R02096,S2,exclude,"S2 not an empirical study (review, survey of methods, commentary, legal or policy analysis)",
R02097,S1,exclude,"S1: no audio, video or deepfake term in title or abstract",
R02098,S1,exclude,"S1: no audio, video or deepfake term in title or abstract",
R02099,S1b,exclude,S1b: no human-study term in title or abstract,
R02100,S1,exclude,"S1: no audio, video or deepfake term in title or abstract",
R02101,S1,exclude,"S1: no audio, video or deepfake term in title or abstract",
R02102,S2,exclude,"S2 no human real-vs-fake judgment of AI-generated stimuli (detector, generator, dataset or other study)",
R02103,S2,exclude,S2 stimuli are not audio or video (text or still images),
R02104,S2,exclude,S2 stimuli are not audio or video (text or still images),
R02105,S1,exclude,"S1: no audio, video or deepfake term in title or abstract",
R02106,S2,exclude,S2 stimuli are not audio or video (text or still images),
R02107,S2,exclude,S2 stimuli are not audio or video (text or still images),
R02108,S1,exclude,"S1: no audio, video or deepfake term in title or abstract",
R02109,S3,not_retrieved,OSF supporting materials for a submitted IJHCI manuscript on human perception in deepfake detection; no results or stimulus details,full_text
R02110,S2,exclude,"S2 no human real-vs-fake judgment of AI-generated stimuli (detector, generator, dataset or other study)",
R02111,S2,exclude,"S2 no human real-vs-fake judgment of AI-generated stimuli (detector, generator, dataset or other study)",
R02112,S3,include,"Prolific listeners marked synthetic segments in authentic, fully and partially synthetic utterances",include
R02113,S3,exclude,"E2: stimuli are binary coin-flip sequences, not audio or video",full_text
R02114,S1,exclude,"S1: no audio, video or deepfake term in title or abstract",
R02115,S1,exclude,"S1: no audio, video or deepfake term in title or abstract",
R02116,S2,exclude,"S2 not an empirical study (review, survey of methods, commentary, legal or policy analysis)",
R02117,S3,exclude,"E2: EEG of one participant viewing deepfake facial images (FaceForensics++), used as classifier features",full_text
R02118,S1,exclude,"S1: no audio, video or deepfake term in title or abstract",
R02119,S2,exclude,"S2 no human real-vs-fake judgment of AI-generated stimuli (detector, generator, dataset or other study)",
R02120,S3,include,Five reviewers judged generated crisis videos as real or generated (RA-Bench HumanProof),full_text
R02121,S1,exclude,"S1: no audio, video or deepfake term in title or abstract",
R02122,S1,exclude,"S1: no audio, video or deepfake term in title or abstract",
R02123,S1,exclude,"S1: no audio, video or deepfake term in title or abstract",
R02124,S1,exclude,"S1: no audio, video or deepfake term in title or abstract",
R02125,S1b,exclude,S1b: no human-study term in title or abstract,
R02126,S2,exclude,"S2 no human real-vs-fake judgment of AI-generated stimuli (detector, generator, dataset or other study)",
R02127,S3,exclude,E2: human vs AI tools on AI-generated images (Israel-Hamas),full_text
R02128,S2,exclude,"S2 not an empirical study (review, survey of methods, commentary, legal or policy analysis)",
R02129,S1b,exclude,S1b: no human-study term in title or abstract,
R02130,S1,exclude,"S1: no audio, video or deepfake term in title or abstract",
R02131,S1,exclude,"S1: no audio, video or deepfake term in title or abstract",
R02132,S2,exclude,S2 stimuli are not audio or video (text or still images),
R02133,S1b,exclude,S1b: no human-study term in title or abstract,
R02134,S1,exclude,"S1: no audio, video or deepfake term in title or abstract",
R02135,S2,exclude,S2 stimuli are not audio or video (text or still images),
R02136,S2,exclude,S2 stimuli are not audio or video (text or still images),
R02137,S1,exclude,"S1: no audio, video or deepfake term in title or abstract",
R02138,S2,exclude,"S2 no human real-vs-fake judgment of AI-generated stimuli (detector, generator, dataset or other study)",
R02139,S2,exclude,S2 stimuli are not audio or video (text or still images),
R02140,S2,exclude,"S2 not an empirical study (review, survey of methods, commentary, legal or policy analysis)",
R02141,S2,exclude,S2 stimuli are not audio or video (text or still images),
R02142,S1,exclude,"S1: no audio, video or deepfake term in title or abstract",
R02143,S3,include,Listeners discriminated human vs AI Mandarin speech before and after short labeled training,include
R02144,S1,exclude,"S1: no audio, video or deepfake term in title or abstract",
R02145,S1,exclude,"S1: no audio, video or deepfake term in title or abstract",
R02146,S2,exclude,"S2 humans rate quality or naturalness only, no real-vs-fake judgment",
R02147,S2,exclude,"S2 no human real-vs-fake judgment of AI-generated stimuli (detector, generator, dataset or other study)",
R02148,S1,exclude,"S1: no audio, video or deepfake term in title or abstract",
R02149,S2,exclude,S2 stimuli are not audio or video (text or still images),
R02150,S1,exclude,"S1: no audio, video or deepfake term in title or abstract",
R02151,S1,exclude,"S1: no audio, video or deepfake term in title or abstract",
R02152,S1,exclude,"S1: no audio, video or deepfake term in title or abstract",
R02153,S2,exclude,S2 stimuli are not audio or video (text or still images),
R02154,S1,exclude,"S1: no audio, video or deepfake term in title or abstract",
R02155,S1,exclude,"S1: no audio, video or deepfake term in title or abstract",
R02156,S2,exclude,"S2 not an empirical study (review, survey of methods, commentary, legal or policy analysis)",
R02157,S1,exclude,"S1: no audio, video or deepfake term in title or abstract",
R02158,S2,exclude,"S2 not an empirical study (review, survey of methods, commentary, legal or policy analysis)",
R02159,S2,exclude,"S2 humans rate quality or naturalness only, no real-vs-fake judgment",
R02160,S2,exclude,S2 stimuli are not audio or video (text or still images),
R02161,S2,exclude,S2 stimuli are not audio or video (text or still images),
R02162,S2,exclude,S2 stimuli are not audio or video (text or still images),
R02163,S2,exclude,"S2 no human real-vs-fake judgment of AI-generated stimuli (detector, generator, dataset or other study)",
R02164,S2,exclude,"S2 no human real-vs-fake judgment of AI-generated stimuli (detector, generator, dataset or other study)",
R02165,S1,exclude,"S1: no audio, video or deepfake term in title or abstract",
R02166,S1,exclude,"S1: no audio, video or deepfake term in title or abstract",
R02167,S1b,exclude,S1b: no human-study term in title or abstract,
R02168,S1,exclude,"S1: no audio, video or deepfake term in title or abstract",
R02169,S1b,exclude,S1b: no human-study term in title or abstract,
R02170,S3,include,Prolific participants rated 60 videos each from DF40 and CharadesDF as real vs fake,include
R02171,S1,exclude,"S1: no audio, video or deepfake term in title or abstract",
R02172,S1b,exclude,S1b: no human-study term in title or abstract,
R02173,S1,exclude,"S1: no audio, video or deepfake term in title or abstract",
R02174,S2,exclude,"S2 no human real-vs-fake judgment of AI-generated stimuli (detector, generator, dataset or other study)",
R02175,S1,exclude,"S1: no audio, video or deepfake term in title or abstract",
R02176,S2,exclude,S2 stimuli are not audio or video (text or still images),
R02177,S1,exclude,"S1: no audio, video or deepfake term in title or abstract",
R02178,S1,exclude,"S1: no audio, video or deepfake term in title or abstract",
R02179,S2,exclude,"S2 no human real-vs-fake judgment of AI-generated stimuli (detector, generator, dataset or other study)",
R02180,S1,exclude,"S1: no audio, video or deepfake term in title or abstract",
R02181,S1,exclude,"S1: no audio, video or deepfake term in title or abstract",
R02182,S2,exclude,"S2 not an empirical study (review, survey of methods, commentary, legal or policy analysis)",
R02183,S2,exclude,"S2 no human real-vs-fake judgment of AI-generated stimuli (detector, generator, dataset or other study)",
R02184,S1,exclude,"S1: no audio, video or deepfake term in title or abstract",
R02185,S1,exclude,"S1: no audio, video or deepfake term in title or abstract",
R02186,S1,exclude,"S1: no audio, video or deepfake term in title or abstract",
R02187,S3,include,Master's report: participants detected deepfakes from FaceForensics++ videos,include
R02188,S2,exclude,"S2 no human real-vs-fake judgment of AI-generated stimuli (detector, generator, dataset or other study)",
R02189,S2,exclude,"S2 not an empirical study (review, survey of methods, commentary, legal or policy analysis)",
R02190,S2,exclude,S2 stimuli are not audio or video (text or still images),
R02191,S1,exclude,"S1: no audio, video or deepfake term in title or abstract",
R02192,S1b,exclude,S1b: no human-study term in title or abstract,
R02193,S1,exclude,"S1: no audio, video or deepfake term in title or abstract",
R02194,S1,exclude,"S1: no audio, video or deepfake term in title or abstract",
R02195,S1,exclude,"S1: no audio, video or deepfake term in title or abstract",
R02196,S3,exclude,E1: AI-generated music tested only on AI detectors plus expert interview content analysis,full_text
R02197,S2,exclude,S2 stimuli are not audio or video (text or still images),
R02198,S1,exclude,"S1: no audio, video or deepfake term in title or abstract",
R02199,S1,exclude,"S1: no audio, video or deepfake term in title or abstract",
R02200,S2,exclude,"S2 no human real-vs-fake judgment of AI-generated stimuli (detector, generator, dataset or other study)",
R02201,S2,exclude,"S2 no human real-vs-fake judgment of AI-generated stimuli (detector, generator, dataset or other study)",
R02202,S2,exclude,S2 stimuli are not audio or video (text or still images),
R02203,S1,exclude,"S1: no audio, video or deepfake term in title or abstract",
R02204,S2,exclude,"S2 no human real-vs-fake judgment of AI-generated stimuli (detector, generator, dataset or other study)",
R02205,S2,exclude,S2 stimuli are not audio or video (text or still images),
R02206,S1,exclude,"S1: no audio, video or deepfake term in title or abstract",
R02207,S2,exclude,"S2 no human real-vs-fake judgment of AI-generated stimuli (detector, generator, dataset or other study)",
R02208,S2,exclude,S2 stimuli are not audio or video (text or still images),
R02209,S2,exclude,"S2 no human real-vs-fake judgment of AI-generated stimuli (detector, generator, dataset or other study)",
R02210,S2,exclude,S2 stimuli are not audio or video (text or still images),
R02211,S1,exclude,"S1: no audio, video or deepfake term in title or abstract",
R02212,S2,exclude,"S2 no human real-vs-fake judgment of AI-generated stimuli (detector, generator, dataset or other study)",
R02213,S2,exclude,S2 stimuli are not audio or video (text or still images),
R02214,S2,exclude,S2 stimuli are not audio or video (text or still images),
R02215,S1,exclude,"S1: no audio, video or deepfake term in title or abstract",
R02216,S1,exclude,"S1: no audio, video or deepfake term in title or abstract",
R02217,S2,exclude,S2 stimuli are not audio or video (text or still images),
R02218,S2,exclude,S2 stimuli are not audio or video (text or still images),
R02219,S1,exclude,"S1: no audio, video or deepfake term in title or abstract",
R02220,S1,exclude,"S1: no audio, video or deepfake term in title or abstract",
R02221,S2,exclude,"S2 humans rate quality or naturalness only, no real-vs-fake judgment",
R02222,S1,exclude,"S1: no audio, video or deepfake term in title or abstract",
R02223,S1,exclude,"S1: no audio, video or deepfake term in title or abstract",
R02224,S2,exclude,"S2 no human real-vs-fake judgment of AI-generated stimuli (detector, generator, dataset or other study)",
R02225,S1b,exclude,S1b: no human-study term in title or abstract,
R02226,S2,exclude,"S2 no human real-vs-fake judgment of AI-generated stimuli (detector, generator, dataset or other study)",
R02227,S2,exclude,S2 stimuli are not audio or video (text or still images),
R02228,S1b,exclude,S1b: no human-study term in title or abstract,
R02229,S2,exclude,S2 stimuli are not audio or video (text or still images),
R02230,S2,exclude,"S2 no human real-vs-fake judgment of AI-generated stimuli (detector, generator, dataset or other study)",
R02231,S1,exclude,"S1: no audio, video or deepfake term in title or abstract",
R02232,S3,exclude,E4: EEG while listening to human vs cloned voices with voice source task-irrelevant; no explicit real-vs-AI judgment,full_text
R02233,S2,exclude,S2 stimuli are not audio or video (text or still images),
R02234,S3,include,"Online participants judged real and deepfake videos; accuracy related to self-efficacy, critical thinking, media literacy",include
R02235,S1,exclude,"S1: no audio, video or deepfake term in title or abstract",
R02236,S1,exclude,"S1: no audio, video or deepfake term in title or abstract",
R02237,S1,exclude,"S1: no audio, video or deepfake term in title or abstract",
R02238,S2,exclude,S2 stimuli are not audio or video (text or still images),
R02239,S2,exclude,"S2 not an empirical study (review, survey of methods, commentary, legal or policy analysis)",
R02240,S1,exclude,"S1: no audio, video or deepfake term in title or abstract",
R02241,S1b,exclude,S1b: no human-study term in title or abstract,
R02242,S1b,exclude,S1b: no human-study term in title or abstract,
R02243,S2,exclude,"S2 no human real-vs-fake judgment of AI-generated stimuli (detector, generator, dataset or other study)",
R02244,S2,exclude,"S2 no human real-vs-fake judgment of AI-generated stimuli (detector, generator, dataset or other study)",
R02245,S1,exclude,"S1: no audio, video or deepfake term in title or abstract",
R02246,S2,exclude,"S2 no human real-vs-fake judgment of AI-generated stimuli (detector, generator, dataset or other study)",
R02247,S1,exclude,"S1: no audio, video or deepfake term in title or abstract",
R02248,S2,exclude,S2 stimuli are not audio or video (text or still images),
R02249,S2,exclude,"S2 no human real-vs-fake judgment of AI-generated stimuli (detector, generator, dataset or other study)",
R02250,S2,exclude,"S2 no human real-vs-fake judgment of AI-generated stimuli (detector, generator, dataset or other study)",
R02251,S1b,exclude,S1b: no human-study term in title or abstract,
R02252,S1,exclude,"S1: no audio, video or deepfake term in title or abstract",
R02253,S3,include,10 annotators judged real vs AI-generated ASMR videos (with audio),full_text
R02254,S2,exclude,"S2 not an empirical study (review, survey of methods, commentary, legal or policy analysis)",
R02255,S2,exclude,"S2 humans rate quality or naturalness only, no real-vs-fake judgment",
R02256,S2,exclude,S2 stimuli are not audio or video (text or still images),
R02257,S1b,exclude,S1b: no human-study term in title or abstract,
R02258,S1,exclude,"S1: no audio, video or deepfake term in title or abstract",
R02259,S1,exclude,"S1: no audio, video or deepfake term in title or abstract",
R02260,S2,exclude,"S2 no human real-vs-fake judgment of AI-generated stimuli (detector, generator, dataset or other study)",
R02261,S1b,exclude,S1b: no human-study term in title or abstract,
R02262,S2,exclude,"S2 no human real-vs-fake judgment of AI-generated stimuli (detector, generator, dataset or other study)",
R02263,S2,exclude,"S2 not an empirical study (review, survey of methods, commentary, legal or policy analysis)",
R02264,S1,exclude,"S1: no audio, video or deepfake term in title or abstract",
R02265,S2,exclude,"S2 no human real-vs-fake judgment of AI-generated stimuli (detector, generator, dataset or other study)",
R02266,S2,exclude,S2 stimuli are not audio or video (text or still images),
R02267,S1,exclude,"S1: no audio, video or deepfake term in title or abstract",
R02268,S2,exclude,"S2 no human real-vs-fake judgment of AI-generated stimuli (detector, generator, dataset or other study)",
R02269,S1,exclude,"S1: no audio, video or deepfake term in title or abstract",
R02270,S1,exclude,"S1: no audio, video or deepfake term in title or abstract",
R02271,S1b,exclude,S1b: no human-study term in title or abstract,
R02272,S2,exclude,S2 stimuli are not audio or video (text or still images),
R02273,S2,exclude,"S2 no human real-vs-fake judgment of AI-generated stimuli (detector, generator, dataset or other study)",
R02274,S1,exclude,"S1: no audio, video or deepfake term in title or abstract",
R02275,S1b,exclude,S1b: no human-study term in title or abstract,
R02276,S1,exclude,"S1: no audio, video or deepfake term in title or abstract",
R02277,S1,exclude,"S1: no audio, video or deepfake term in title or abstract",
R02278,S3,include,FakeSound paper: human evaluators judged real vs manipulated general audio,include
R02279,S1,exclude,"S1: no audio, video or deepfake term in title or abstract",
R02280,S1b,exclude,S1b: no human-study term in title or abstract,
R02281,S2,exclude,"S2 no human real-vs-fake judgment of AI-generated stimuli (detector, generator, dataset or other study)",
R02282,S2,exclude,S2 stimuli are not audio or video (text or still images),
R02283,S2,exclude,"S2 no human real-vs-fake judgment of AI-generated stimuli (detector, generator, dataset or other study)",
R02284,S2,exclude,"S2 no human real-vs-fake judgment of AI-generated stimuli (detector, generator, dataset or other study)",
R02285,S2,exclude,S2 stimuli are not audio or video (text or still images),
R02286,S1,exclude,"S1: no audio, video or deepfake term in title or abstract",
R02287,S1,exclude,"S1: no audio, video or deepfake term in title or abstract",
R02288,S1b,exclude,S1b: no human-study term in title or abstract,
R02289,S2,exclude,"S2 no human real-vs-fake judgment of AI-generated stimuli (detector, generator, dataset or other study)",
R02290,S2,exclude,"S2 no human real-vs-fake judgment of AI-generated stimuli (detector, generator, dataset or other study)",
R02291,S1b,exclude,S1b: no human-study term in title or abstract,
R02292,S2,exclude,"S2 not an empirical study (review, survey of methods, commentary, legal or policy analysis)",
R02293,S1,exclude,"S1: no audio, video or deepfake term in title or abstract",
R02294,S2,exclude,S2 stimuli are not audio or video (text or still images),
R02295,S1,exclude,"S1: no audio, video or deepfake term in title or abstract",
R02296,S1,exclude,"S1: no audio, video or deepfake term in title or abstract",
R02297,S1,exclude,"S1: no audio, video or deepfake term in title or abstract",
R02298,S1,exclude,"S1: no audio, video or deepfake term in title or abstract",
R02299,S1b,exclude,S1b: no human-study term in title or abstract,
R02300,S2,exclude,"S2 no human real-vs-fake judgment of AI-generated stimuli (detector, generator, dataset or other study)",
R02301,S1,exclude,"S1: no audio, video or deepfake term in title or abstract",
R02302,S2,exclude,"S2 no human real-vs-fake judgment of AI-generated stimuli (detector, generator, dataset or other study)",
R02303,S2,exclude,S2 stimuli are not audio or video (text or still images),
R02304,S1,exclude,"S1: no audio, video or deepfake term in title or abstract",
R02305,S2,exclude,S2 stimuli are not audio or video (text or still images),
R02306,S1,exclude,"S1: no audio, video or deepfake term in title or abstract",
R02307,S2,exclude,S2 stimuli are not audio or video (text or still images),
R02308,S1,exclude,"S1: no audio, video or deepfake term in title or abstract",
R02309,S2,exclude,"S2 no human real-vs-fake judgment of AI-generated stimuli (detector, generator, dataset or other study)",
R02310,S1b,exclude,S1b: no human-study term in title or abstract,
R02311,S1,exclude,"S1: no audio, video or deepfake term in title or abstract",
R02312,S1b,exclude,S1b: no human-study term in title or abstract,
R02313,S1b,exclude,S1b: no human-study term in title or abstract,
R02314,S1b,exclude,S1b: no human-study term in title or abstract,
R02315,S3,not_retrieved,Fake News and deepfake 15-item test; modality and generative nature of items unclear,full_text
R02316,S1b,exclude,S1b: no human-study term in title or abstract,
R02317,S3,exclude,E2: digital-literacy interventions for discerning real vs fake images,full_text
R02318,S1,exclude,"S1: no audio, video or deepfake term in title or abstract",
R02319,S1,exclude,"S1: no audio, video or deepfake term in title or abstract",
R02320,S1,exclude,"S1: no audio, video or deepfake term in title or abstract",
R02321,S1,exclude,"S1: no audio, video or deepfake term in title or abstract",
R02322,S2,exclude,"S2 no human real-vs-fake judgment of AI-generated stimuli (detector, generator, dataset or other study)",
R02323,S1b,exclude,S1b: no human-study term in title or abstract,
R02324,S2,exclude,"S2 no human real-vs-fake judgment of AI-generated stimuli (detector, generator, dataset or other study)",
R02325,S1,exclude,"S1: no audio, video or deepfake term in title or abstract",
R02326,S3,include,MTurk/Prolific participants judged silent real vs deepfake face videos,full_text
R02327,S1,exclude,"S1: no audio, video or deepfake term in title or abstract",
R02328,S1,exclude,"S1: no audio, video or deepfake term in title or abstract",
R02329,S1,exclude,"S1: no audio, video or deepfake term in title or abstract",
R02330,S2,exclude,S2 stimuli are not audio or video (text or still images),
R02331,S2,exclude,S2 stimuli are not audio or video (text or still images),
R02332,S2,exclude,S2 stimuli are not audio or video (text or still images),
R02333,S1,exclude,"S1: no audio, video or deepfake term in title or abstract",
R02334,S2,exclude,"S2 no human real-vs-fake judgment of AI-generated stimuli (detector, generator, dataset or other study)",
R02335,S2,exclude,"S2 no human real-vs-fake judgment of AI-generated stimuli (detector, generator, dataset or other study)",
R02336,S1,exclude,"S1: no audio, video or deepfake term in title or abstract",
R02337,S2,exclude,"S2 no human real-vs-fake judgment of AI-generated stimuli (detector, generator, dataset or other study)",
R02338,S1,exclude,"S1: no audio, video or deepfake term in title or abstract",
R02339,S2,exclude,"S2 no human real-vs-fake judgment of AI-generated stimuli (detector, generator, dataset or other study)",
R02340,S1b,exclude,S1b: no human-study term in title or abstract,
R02341,S1b,exclude,S1b: no human-study term in title or abstract,
R02342,S1,exclude,"S1: no audio, video or deepfake term in title or abstract",
R02343,S1,exclude,"S1: no audio, video or deepfake term in title or abstract",
R02344,S2,exclude,S2 stimuli are not audio or video (text or still images),
R02345,S1,exclude,"S1: no audio, video or deepfake term in title or abstract",
R02346,S1b,exclude,S1b: no human-study term in title or abstract,
R02347,S2,exclude,S2 stimuli are not audio or video (text or still images),
R02348,S1,exclude,"S1: no audio, video or deepfake term in title or abstract",
R02349,S2,exclude,S2 stimuli are not audio or video (text or still images),
R02350,S1,exclude,"S1: no audio, video or deepfake term in title or abstract",
R02351,S2,exclude,S2 stimuli are not audio or video (text or still images),
R02352,S1b,exclude,S1b: no human-study term in title or abstract,
R02353,S2,exclude,S2 stimuli are not audio or video (text or still images),
R02354,S1b,exclude,S1b: no human-study term in title or abstract,
R02355,S1,exclude,"S1: no audio, video or deepfake term in title or abstract",
R02356,S1,exclude,"S1: no audio, video or deepfake term in title or abstract",
R02357,S2,exclude,S2 stimuli are not audio or video (text or still images),
R02358,S2,exclude,"S2 not an empirical study (review, survey of methods, commentary, legal or policy analysis)",
R02359,S2,exclude,S2 stimuli are not audio or video (text or still images),
R02360,S2,exclude,"S2 no human real-vs-fake judgment of AI-generated stimuli (detector, generator, dataset or other study)",
R02361,S1,exclude,"S1: no audio, video or deepfake term in title or abstract",
R02362,S1,exclude,"S1: no audio, video or deepfake term in title or abstract",
R02363,S1,exclude,"S1: no audio, video or deepfake term in title or abstract",
R02364,S1,exclude,"S1: no audio, video or deepfake term in title or abstract",
R02365,S1,exclude,"S1: no audio, video or deepfake term in title or abstract",
R02366,S2,exclude,S2 stimuli are not audio or video (text or still images),
R02367,S1,exclude,"S1: no audio, video or deepfake term in title or abstract",
R02368,S2,exclude,"S2 no human real-vs-fake judgment of AI-generated stimuli (detector, generator, dataset or other study)",
R02369,S1,exclude,"S1: no audio, video or deepfake term in title or abstract",
R02370,S2,exclude,S2 stimuli are not audio or video (text or still images),
R02371,S1,exclude,"S1: no audio, video or deepfake term in title or abstract",
R02372,S1,exclude,"S1: no audio, video or deepfake term in title or abstract",
R02373,S2,exclude,"S2 no human real-vs-fake judgment of AI-generated stimuli (detector, generator, dataset or other study)",
R02374,S1,exclude,"S1: no audio, video or deepfake term in title or abstract",
R02375,S1,exclude,"S1: no audio, video or deepfake term in title or abstract",
R02376,S1,exclude,"S1: no audio, video or deepfake term in title or abstract",
R02377,S1b,exclude,S1b: no human-study term in title or abstract,
R02378,S2,exclude,S2 stimuli are not audio or video (text or still images),
R02379,S1,exclude,"S1: no audio, video or deepfake term in title or abstract",
R02380,S1,exclude,"S1: no audio, video or deepfake term in title or abstract",
R02381,S1,exclude,"S1: no audio, video or deepfake term in title or abstract",
R02382,S1,exclude,"S1: no audio, video or deepfake term in title or abstract",
R02383,S1,exclude,"S1: no audio, video or deepfake term in title or abstract",
R02384,S1,exclude,"S1: no audio, video or deepfake term in title or abstract",
R02385,S1,exclude,"S1: no audio, video or deepfake term in title or abstract",
R02386,S2,exclude,"S2 no human real-vs-fake judgment of AI-generated stimuli (detector, generator, dataset or other study)",
R02387,S2,exclude,"S2 no human real-vs-fake judgment of AI-generated stimuli (detector, generator, dataset or other study)",
R02388,S1b,exclude,S1b: no human-study term in title or abstract,
R02389,S2,exclude,"S2 not an empirical study (review, survey of methods, commentary, legal or policy analysis)",
R02390,S1,exclude,"S1: no audio, video or deepfake term in title or abstract",
R02391,S1,exclude,"S1: no audio, video or deepfake term in title or abstract",
R02392,S1,exclude,"S1: no audio, video or deepfake term in title or abstract",
R02393,S1,exclude,"S1: no audio, video or deepfake term in title or abstract",
R02394,S1,exclude,"S1: no audio, video or deepfake term in title or abstract",
R02395,S2,exclude,"S2 no human real-vs-fake judgment of AI-generated stimuli (detector, generator, dataset or other study)",
R02396,S1,exclude,"S1: no audio, video or deepfake term in title or abstract",
R02397,S2,exclude,"S2 no human real-vs-fake judgment of AI-generated stimuli (detector, generator, dataset or other study)",
R02398,S1,exclude,"S1: no audio, video or deepfake term in title or abstract",
R02399,S1,exclude,"S1: no audio, video or deepfake term in title or abstract",
R02400,S3,include,Trial-level dataset of the R02112 synthetic speech localization study,full_text
R02401,S1,exclude,"S1: no audio, video or deepfake term in title or abstract",
R02402,S1,exclude,"S1: no audio, video or deepfake term in title or abstract",
R02403,S1,exclude,"S1: no audio, video or deepfake term in title or abstract",
R02404,S1b,exclude,S1b: no human-study term in title or abstract,
R02405,S1,exclude,"S1: no audio, video or deepfake term in title or abstract",
R02406,S2,exclude,"S2 no human real-vs-fake judgment of AI-generated stimuli (detector, generator, dataset or other study)",
R02407,S2,exclude,"S2 not an empirical study (review, survey of methods, commentary, legal or policy analysis)",
R02408,S2,exclude,"S2 no human real-vs-fake judgment of AI-generated stimuli (detector, generator, dataset or other study)",
R02409,S1,exclude,"S1: no audio, video or deepfake term in title or abstract",
R02410,S1b,exclude,S1b: no human-study term in title or abstract,
R02411,S2,exclude,"S2 no human real-vs-fake judgment of AI-generated stimuli (detector, generator, dataset or other study)",
R02412,S2,exclude,"S2 no human real-vs-fake judgment of AI-generated stimuli (detector, generator, dataset or other study)",
R02413,S1,exclude,"S1: no audio, video or deepfake term in title or abstract",
R02414,S1b,exclude,S1b: no human-study term in title or abstract,
R02415,S2,exclude,"S2 no human real-vs-fake judgment of AI-generated stimuli (detector, generator, dataset or other study)",
R02416,S1,exclude,"S1: no audio, video or deepfake term in title or abstract",
R02417,S1,exclude,"S1: no audio, video or deepfake term in title or abstract",
R02418,S1,exclude,"S1: no audio, video or deepfake term in title or abstract",
R02419,S1,exclude,"S1: no audio, video or deepfake term in title or abstract",
R02420,S2,exclude,"S2 no human real-vs-fake judgment of AI-generated stimuli (detector, generator, dataset or other study)",
R02421,S2,exclude,"S2 humans rate quality or naturalness only, no real-vs-fake judgment",
R02422,S1,exclude,"S1: no audio, video or deepfake term in title or abstract",
R02423,S1,exclude,"S1: no audio, video or deepfake term in title or abstract",
R02424,S1,exclude,"S1: no audio, video or deepfake term in title or abstract",
R02425,S1,exclude,"S1: no audio, video or deepfake term in title or abstract",
R02426,S2,exclude,"S2 no human real-vs-fake judgment of AI-generated stimuli (detector, generator, dataset or other study)",
R02427,S1,exclude,"S1: no audio, video or deepfake term in title or abstract",
R02428,S1,exclude,"S1: no audio, video or deepfake term in title or abstract",
R02429,S2,exclude,"S2 no human real-vs-fake judgment of AI-generated stimuli (detector, generator, dataset or other study)",
R02430,S2,exclude,S2 stimuli are not audio or video (text or still images),
R02431,S1b,exclude,S1b: no human-study term in title or abstract,
R02432,S1,exclude,"S1: no audio, video or deepfake term in title or abstract",
R02433,S1b,exclude,S1b: no human-study term in title or abstract,
R02434,S2,exclude,"S2 not an empirical study (review, survey of methods, commentary, legal or policy analysis)",
R02435,S1b,exclude,S1b: no human-study term in title or abstract,
R02436,S1,exclude,"S1: no audio, video or deepfake term in title or abstract",
R02437,S1,exclude,"S1: no audio, video or deepfake term in title or abstract",
R02438,S1,exclude,"S1: no audio, video or deepfake term in title or abstract",
R02439,S1,exclude,"S1: no audio, video or deepfake term in title or abstract",
R02440,S1b,exclude,S1b: no human-study term in title or abstract,
R02441,S2,exclude,"S2 no human real-vs-fake judgment of AI-generated stimuli (detector, generator, dataset or other study)",
R02442,S1,exclude,"S1: no audio, video or deepfake term in title or abstract",
R02443,S3,include,Prolific workers judged authentic vs manipulated audiovisual videos,include
R02444,S1,exclude,"S1: no audio, video or deepfake term in title or abstract",
R02445,S1,exclude,"S1: no audio, video or deepfake term in title or abstract",
R02446,S1,exclude,"S1: no audio, video or deepfake term in title or abstract",
R02447,S1,exclude,"S1: no audio, video or deepfake term in title or abstract",
R02448,S1,exclude,"S1: no audio, video or deepfake term in title or abstract",
R02449,S1b,exclude,S1b: no human-study term in title or abstract,
R02450,S1,exclude,"S1: no audio, video or deepfake term in title or abstract",
R02451,S1b,exclude,S1b: no human-study term in title or abstract,
R02452,S1,exclude,"S1: no audio, video or deepfake term in title or abstract",
R02453,S2,exclude,S2 stimuli are not audio or video (text or still images),
R02454,S1,exclude,"S1: no audio, video or deepfake term in title or abstract",
R02455,S1b,exclude,S1b: no human-study term in title or abstract,
R02456,S1b,exclude,S1b: no human-study term in title or abstract,
R02457,S2,exclude,S2 stimuli are not audio or video (text or still images),
R02458,S2,exclude,"S2 no human real-vs-fake judgment of AI-generated stimuli (detector, generator, dataset or other study)",
R02459,S1,exclude,"S1: no audio, video or deepfake term in title or abstract",
R02460,S1b,exclude,S1b: no human-study term in title or abstract,
R02461,S1,exclude,"S1: no audio, video or deepfake term in title or abstract",
R02462,S1,exclude,"S1: no audio, video or deepfake term in title or abstract",
R02463,S2,exclude,"S2 no human real-vs-fake judgment of AI-generated stimuli (detector, generator, dataset or other study)",
R02464,S2,exclude,S2 stimuli are not audio or video (text or still images),
R02465,S1,exclude,"S1: no audio, video or deepfake term in title or abstract",
R02466,S2,exclude,S2 stimuli are not audio or video (text or still images),
R02467,S1,exclude,"S1: no audio, video or deepfake term in title or abstract",
R02468,S2,exclude,S2 stimuli are not audio or video (text or still images),
R02469,S2,exclude,S2 stimuli are not audio or video (text or still images),
R02470,S1,exclude,"S1: no audio, video or deepfake term in title or abstract",
R02471,S2,exclude,S2 stimuli are not audio or video (text or still images),
R02472,S1,exclude,"S1: no audio, video or deepfake term in title or abstract",
R02473,S1,exclude,"S1: no audio, video or deepfake term in title or abstract",
R02474,S2,exclude,"S2 not an empirical study (review, survey of methods, commentary, legal or policy analysis)",
R02475,S2,exclude,"S2 no human real-vs-fake judgment of AI-generated stimuli (detector, generator, dataset or other study)",
R02476,S2,exclude,S2 stimuli are not audio or video (text or still images),
R02477,S1b,exclude,S1b: no human-study term in title or abstract,
R02478,S2,exclude,S2 stimuli are not audio or video (text or still images),
R02479,S1,exclude,"S1: no audio, video or deepfake term in title or abstract",
R02480,S2,exclude,"S2 not an empirical study (review, survey of methods, commentary, legal or policy analysis)",
R02481,S1,exclude,"S1: no audio, video or deepfake term in title or abstract",
R02482,S1,exclude,"S1: no audio, video or deepfake term in title or abstract",
R02483,S2,exclude,"S2 no human real-vs-fake judgment of AI-generated stimuli (detector, generator, dataset or other study)",
R02484,S1b,exclude,S1b: no human-study term in title or abstract,
R02485,S3,include,Participants with and without ASD performed a deepfake video detection task,include
R02486,S1b,exclude,S1b: no human-study term in title or abstract,
R02487,S2,exclude,"S2 no human real-vs-fake judgment of AI-generated stimuli (detector, generator, dataset or other study)",
R02488,S1,exclude,"S1: no audio, video or deepfake term in title or abstract",
R02489,S1,exclude,"S1: no audio, video or deepfake term in title or abstract",
R02490,S2,exclude,S2 stimuli are not audio or video (text or still images),
R02491,S1b,exclude,S1b: no human-study term in title or abstract,
R02492,S2,exclude,"S2 no human real-vs-fake judgment of AI-generated stimuli (detector, generator, dataset or other study)",
R02493,S2,exclude,"S2 no human real-vs-fake judgment of AI-generated stimuli (detector, generator, dataset or other study)",
R02494,S2,exclude,"S2 not an empirical study (review, survey of methods, commentary, legal or policy analysis)",
R02495,S1,exclude,"S1: no audio, video or deepfake term in title or abstract",
R02496,S1b,exclude,S1b: no human-study term in title or abstract,
R02497,S1,exclude,"S1: no audio, video or deepfake term in title or abstract",
R02498,S1,exclude,"S1: no audio, video or deepfake term in title or abstract",
R02499,S1b,exclude,S1b: no human-study term in title or abstract,
R02500,S1b,exclude,S1b: no human-study term in title or abstract,
R02501,S2,exclude,"S2 no human real-vs-fake judgment of AI-generated stimuli (detector, generator, dataset or other study)",
R02502,S3,exclude,E2: participants distinguished AI-generated vs human-authored texts,full_text
R02503,S1,exclude,"S1: no audio, video or deepfake term in title or abstract",
R02504,S1,exclude,"S1: no audio, video or deepfake term in title or abstract",
R02505,S1b,exclude,S1b: no human-study term in title or abstract,
R02506,S1b,exclude,S1b: no human-study term in title or abstract,
R02507,S2,exclude,"S2 no human real-vs-fake judgment of AI-generated stimuli (detector, generator, dataset or other study)",
R02508,S1,exclude,"S1: no audio, video or deepfake term in title or abstract",
R02509,S1,exclude,"S1: no audio, video or deepfake term in title or abstract",
R02510,S2,exclude,S2 stimuli are not audio or video (text or still images),
R02511,S1b,exclude,S1b: no human-study term in title or abstract,
R02512,S1b,exclude,S1b: no human-study term in title or abstract,
R02513,S1,exclude,"S1: no audio, video or deepfake term in title or abstract",
R02514,S2,exclude,"S2 no human real-vs-fake judgment of AI-generated stimuli (detector, generator, dataset or other study)",
R02515,S2,exclude,S2 stimuli are not audio or video (text or still images),
R02516,S1,exclude,"S1: no audio, video or deepfake term in title or abstract",
R02517,S2,exclude,S2 stimuli are not audio or video (text or still images),
R02518,S1,exclude,"S1: no audio, video or deepfake term in title or abstract",
R02519,S2,exclude,"S2 no human real-vs-fake judgment of AI-generated stimuli (detector, generator, dataset or other study)",
R02520,S1,exclude,"S1: no audio, video or deepfake term in title or abstract",
R02521,S1b,exclude,S1b: no human-study term in title or abstract,
R02522,S2,exclude,"S2 no human real-vs-fake judgment of AI-generated stimuli (detector, generator, dataset or other study)",
R02523,S2,exclude,"S2 no human real-vs-fake judgment of AI-generated stimuli (detector, generator, dataset or other study)",
R02524,S1,exclude,"S1: no audio, video or deepfake term in title or abstract",
R02525,S2,exclude,"S2 no human real-vs-fake judgment of AI-generated stimuli (detector, generator, dataset or other study)",
R02526,S2,exclude,"S2 not an empirical study (review, survey of methods, commentary, legal or policy analysis)",
R02527,S1,exclude,"S1: no audio, video or deepfake term in title or abstract",
R02528,S2,exclude,S2 stimuli are not audio or video (text or still images),
R02529,S1,exclude,"S1: no audio, video or deepfake term in title or abstract",
R02530,S2,exclude,"S2 no human real-vs-fake judgment of AI-generated stimuli (detector, generator, dataset or other study)",
R02531,S1,exclude,"S1: no audio, video or deepfake term in title or abstract",
R02532,S3,include,Saudi undergraduates classified genuine vs AI images and videos; video accuracy reported separately,full_text
R02533,S1,exclude,"S1: no audio, video or deepfake term in title or abstract",
R02534,S1,exclude,"S1: no audio, video or deepfake term in title or abstract",
R02535,S2,exclude,S2 stimuli are not audio or video (text or still images),
R02536,S1,exclude,"S1: no audio, video or deepfake term in title or abstract",
R02537,S2,exclude,S2 stimuli are not audio or video (text or still images),
R02538,S2,exclude,"S2 no human real-vs-fake judgment of AI-generated stimuli (detector, generator, dataset or other study)",
R02539,S2,exclude,S2 stimuli are not audio or video (text or still images),
R02540,S1,exclude,"S1: no audio, video or deepfake term in title or abstract",
R02541,S2,exclude,S2 stimuli are not audio or video (text or still images),
R02542,S1b,exclude,S1b: no human-study term in title or abstract,
R02543,S1,exclude,"S1: no audio, video or deepfake term in title or abstract",
R02544,S1,exclude,"S1: no audio, video or deepfake term in title or abstract",
R02545,S1,exclude,"S1: no audio, video or deepfake term in title or abstract",
R02546,S2,exclude,"S2 not an empirical study (review, survey of methods, commentary, legal or policy analysis)",
R02547,S2,exclude,"S2 no human real-vs-fake judgment of AI-generated stimuli (detector, generator, dataset or other study)",
R02548,S1b,exclude,S1b: no human-study term in title or abstract,
R02549,S2,exclude,"S2 no human real-vs-fake judgment of AI-generated stimuli (detector, generator, dataset or other study)",
R02550,S1,exclude,"S1: no audio, video or deepfake term in title or abstract",
R02551,S2,exclude,"S2 not an empirical study (review, survey of methods, commentary, legal or policy analysis)",
R02552,S2,exclude,S2 stimuli are not audio or video (text or still images),
R02553,S2,exclude,S2 stimuli are not audio or video (text or still images),
R02554,S1,exclude,"S1: no audio, video or deepfake term in title or abstract",
R02555,S2,exclude,"S2 no human real-vs-fake judgment of AI-generated stimuli (detector, generator, dataset or other study)",
R02556,S2,exclude,"S2 no human real-vs-fake judgment of AI-generated stimuli (detector, generator, dataset or other study)",
R02557,S2,exclude,S2 stimuli are not audio or video (text or still images),
R02558,S2,exclude,"S2 not an empirical study (review, survey of methods, commentary, legal or policy analysis)",
R02559,S2,exclude,"S2 no human real-vs-fake judgment of AI-generated stimuli (detector, generator, dataset or other study)",
R02560,S1,exclude,"S1: no audio, video or deepfake term in title or abstract",
R02561,S1,exclude,"S1: no audio, video or deepfake term in title or abstract",
R02562,S2,exclude,"S2 no human real-vs-fake judgment of AI-generated stimuli (detector, generator, dataset or other study)",
R02563,S1,exclude,"S1: no audio, video or deepfake term in title or abstract",
R02564,S1b,exclude,S1b: no human-study term in title or abstract,
R02565,S1,exclude,"S1: no audio, video or deepfake term in title or abstract",
R02566,S2,exclude,"S2 no human real-vs-fake judgment of AI-generated stimuli (detector, generator, dataset or other study)",
R02567,S1,exclude,"S1: no audio, video or deepfake term in title or abstract",
R02568,S2,exclude,S2 stimuli are not audio or video (text or still images),
R02569,S1,exclude,"S1: no audio, video or deepfake term in title or abstract",
R02570,S1,exclude,"S1: no audio, video or deepfake term in title or abstract",
R02571,S1,exclude,"S1: no audio, video or deepfake term in title or abstract",
R02572,S2,exclude,S2 stimuli are not audio or video (text or still images),
R02573,S1,exclude,"S1: no audio, video or deepfake term in title or abstract",
R02574,S1b,exclude,S1b: no human-study term in title or abstract,
R02575,S1b,exclude,S1b: no human-study term in title or abstract,
R02576,S2,exclude,S2 stimuli are not audio or video (text or still images),
R02577,S2,exclude,S2 stimuli are not audio or video (text or still images),
R02578,S2,exclude,"S2 no human real-vs-fake judgment of AI-generated stimuli (detector, generator, dataset or other study)",
R02579,S2,exclude,S2 stimuli are not audio or video (text or still images),
R02580,S1b,exclude,S1b: no human-study term in title or abstract,
R02581,S2,exclude,"S2 no human real-vs-fake judgment of AI-generated stimuli (detector, generator, dataset or other study)",
R02582,S2,exclude,S2 stimuli are not audio or video (text or still images),
R02583,S1,exclude,"S1: no audio, video or deepfake term in title or abstract",
R02584,S1b,exclude,S1b: no human-study term in title or abstract,
R02585,S2,exclude,"S2 no human real-vs-fake judgment of AI-generated stimuli (detector, generator, dataset or other study)",
R02586,S2,exclude,S2 stimuli are not audio or video (text or still images),
R02587,S1b,exclude,S1b: no human-study term in title or abstract,
R02588,S2,exclude,"S2 no human real-vs-fake judgment of AI-generated stimuli (detector, generator, dataset or other study)",
R02589,S2,exclude,"S2 no human real-vs-fake judgment of AI-generated stimuli (detector, generator, dataset or other study)",
R02590,S2,exclude,S2 stimuli are not audio or video (text or still images),
R02591,S3,exclude,E2: human vs DeepDect platform detection of deepfake face images,full_text
R02592,S1b,exclude,S1b: no human-study term in title or abstract,
R02593,S2,exclude,"S2 no human real-vs-fake judgment of AI-generated stimuli (detector, generator, dataset or other study)",
R02594,S1,exclude,"S1: no audio, video or deepfake term in title or abstract",
R02595,S3,exclude,"E1: automated detectors compared with a human baseline cited from FaceForensics++, no new human study",full_text
R02596,S2,exclude,"S2 no human real-vs-fake judgment of AI-generated stimuli (detector, generator, dataset or other study)",
R02597,S1,exclude,"S1: no audio, video or deepfake term in title or abstract",
R02598,S2,exclude,"S2 not an empirical study (review, survey of methods, commentary, legal or policy analysis)",
R02599,S1,exclude,"S1: no audio, video or deepfake term in title or abstract",
R02600,S2,exclude,"S2 no human real-vs-fake judgment of AI-generated stimuli (detector, generator, dataset or other study)",
R02601,S1,exclude,"S1: no audio, video or deepfake term in title or abstract",
R02602,S1,exclude,"S1: no audio, video or deepfake term in title or abstract",
R02603,S2,exclude,"S2 no human real-vs-fake judgment of AI-generated stimuli (detector, generator, dataset or other study)",
R02604,S1,exclude,"S1: no audio, video or deepfake term in title or abstract",
R02605,S1,exclude,"S1: no audio, video or deepfake term in title or abstract",
R02606,S2,exclude,"S2 no human real-vs-fake judgment of AI-generated stimuli (detector, generator, dataset or other study)",
R02607,S2,exclude,"S2 no human real-vs-fake judgment of AI-generated stimuli (detector, generator, dataset or other study)",
R02608,S2,exclude,"S2 no human real-vs-fake judgment of AI-generated stimuli (detector, generator, dataset or other study)",
R02609,S2,exclude,"S2 not an empirical study (review, survey of methods, commentary, legal or policy analysis)",
R02610,S1,exclude,"S1: no audio, video or deepfake term in title or abstract",
R02611,S2,exclude,"S2 not an empirical study (review, survey of methods, commentary, legal or policy analysis)",
R02612,S2,exclude,"S2 no human real-vs-fake judgment of AI-generated stimuli (detector, generator, dataset or other study)",
R02613,S1,exclude,"S1: no audio, video or deepfake term in title or abstract",
R02614,S1,exclude,"S1: no audio, video or deepfake term in title or abstract",
R02615,S1,exclude,"S1: no audio, video or deepfake term in title or abstract",
R02616,S2,exclude,"S2 no human real-vs-fake judgment of AI-generated stimuli (detector, generator, dataset or other study)",
R02617,S3,not_retrieved,Interview chapter on how Singapore participants identify real and deepfake videos; unclear whether a classification task with outcomes exists,full_text
R02618,S3,include,Adults judged 2 real + 2 deepfake videos each (real vs fake) with confidence and cue reports,include
R02619,S2,exclude,"S2 no human real-vs-fake judgment of AI-generated stimuli (detector, generator, dataset or other study)",
R02620,S2,exclude,S2 stimuli are not audio or video (text or still images),
R02621,S1,exclude,"S1: no audio, video or deepfake term in title or abstract",
R02622,S1,exclude,"S1: no audio, video or deepfake term in title or abstract",
R02623,S1,exclude,"S1: no audio, video or deepfake term in title or abstract",
R02624,S2,exclude,"S2 no human real-vs-fake judgment of AI-generated stimuli (detector, generator, dataset or other study)",
R02625,S1,exclude,"S1: no audio, video or deepfake term in title or abstract",
R02626,S3,include,"40 participants watched 2 real + 2 deepfake videos (Obama, Musk) and rated whether each was authentic, with FaceReader facial coding",full_text
R02627,S2,exclude,"S2 not an empirical study (review, survey of methods, commentary, legal or policy analysis)",
R02628,S1,exclude,"S1: no audio, video or deepfake term in title or abstract",
R02629,S3,include,Listeners judged whether pop music was AI-composed or human-made,include
R02630,S1,exclude,"S1: no audio, video or deepfake term in title or abstract",
R02631,S1,exclude,"S1: no audio, video or deepfake term in title or abstract",
R02632,S2,exclude,"S2 no human real-vs-fake judgment of AI-generated stimuli (detector, generator, dataset or other study)",
R02633,S2,exclude,"S2 not an empirical study (review, survey of methods, commentary, legal or policy analysis)",
R02634,S2,exclude,S2 stimuli are not audio or video (text or still images),
R02635,S1b,exclude,S1b: no human-study term in title or abstract,
R02636,S2,exclude,S2 stimuli are not audio or video (text or still images),
R02637,S3,include,"120 participants classified 720 excerpts from 6 genres as human or AI-generated (Suno, Udio)",include
R02638,S1,exclude,"S1: no audio, video or deepfake term in title or abstract",
R02639,S2,exclude,"S2 no human real-vs-fake judgment of AI-generated stimuli (detector, generator, dataset or other study)",
R02640,S1,exclude,"S1: no audio, video or deepfake term in title or abstract",
R02641,S1b,exclude,S1b: no human-study term in title or abstract,
R02642,S2,exclude,"S2 no human real-vs-fake judgment of AI-generated stimuli (detector, generator, dataset or other study)",
R02643,S2,exclude,"S2 no human real-vs-fake judgment of AI-generated stimuli (detector, generator, dataset or other study)",
R02644,S1,exclude,"S1: no audio, video or deepfake term in title or abstract",
R02645,S1,exclude,"S1: no audio, video or deepfake term in title or abstract",
R02646,S2,exclude,"S2 no human real-vs-fake judgment of AI-generated stimuli (detector, generator, dataset or other study)",
R02647,S3,include,Laypeople and police officers classified real vs AI-generated images and videos,full_text
R02648,S2,exclude,"S2 no human real-vs-fake judgment of AI-generated stimuli (detector, generator, dataset or other study)",
R02649,S2,exclude,"S2 not an empirical study (review, survey of methods, commentary, legal or policy analysis)",
R02650,S1,exclude,"S1: no audio, video or deepfake term in title or abstract",
R02651,S1,exclude,"S1: no audio, video or deepfake term in title or abstract",
R02652,S1,exclude,"S1: no audio, video or deepfake term in title or abstract",
R02653,S3,exclude,E2: abstract states participants distinguished authentic vs manipulated images (training intervention); no audio/video indicated,full_text
R02654,S2,exclude,"S2 no human real-vs-fake judgment of AI-generated stimuli (detector, generator, dataset or other study)",
R02655,S1,exclude,"S1: no audio, video or deepfake term in title or abstract",
R02656,S2,exclude,"S2 no human real-vs-fake judgment of AI-generated stimuli (detector, generator, dataset or other study)",
R02657,S1b,exclude,S1b: no human-study term in title or abstract,
R02658,S2,exclude,"S2 no human real-vs-fake judgment of AI-generated stimuli (detector, generator, dataset or other study)",
R02659,S2,exclude,"S2 no human real-vs-fake judgment of AI-generated stimuli (detector, generator, dataset or other study)",
R02660,S1,exclude,"S1: no audio, video or deepfake term in title or abstract",
R02661,S1b,exclude,S1b: no human-study term in title or abstract,
R02662,S1,exclude,"S1: no audio, video or deepfake term in title or abstract",
R02663,S1,exclude,"S1: no audio, video or deepfake term in title or abstract",
R02664,S2,exclude,S2 stimuli are not audio or video (text or still images),
R02665,S1b,exclude,S1b: no human-study term in title or abstract,
R02666,S2,exclude,"S2 not an empirical study (review, survey of methods, commentary, legal or policy analysis)",
R02667,S2,exclude,S2 stimuli are not audio or video (text or still images),
R02668,S1,exclude,"S1: no audio, video or deepfake term in title or abstract",
R02669,S1,exclude,"S1: no audio, video or deepfake term in title or abstract",
R02670,S2,exclude,S2 stimuli are not audio or video (text or still images),
R02671,S2,exclude,"S2 no human real-vs-fake judgment of AI-generated stimuli (detector, generator, dataset or other study)",
R02672,S1b,exclude,S1b: no human-study term in title or abstract,
R02673,S2,exclude,"S2 no human real-vs-fake judgment of AI-generated stimuli (detector, generator, dataset or other study)",
R02674,S2,exclude,"S2 no human real-vs-fake judgment of AI-generated stimuli (detector, generator, dataset or other study)",
R02675,S1,exclude,"S1: no audio, video or deepfake term in title or abstract",
R02676,S1,exclude,"S1: no audio, video or deepfake term in title or abstract",
R02677,S1,exclude,"S1: no audio, video or deepfake term in title or abstract",
R02678,S2,exclude,S2 stimuli are not audio or video (text or still images),
R02679,S1,exclude,"S1: no audio, video or deepfake term in title or abstract",
R02680,S2,exclude,S2 stimuli are not audio or video (text or still images),
R02681,S2,exclude,S2 stimuli are not audio or video (text or still images),
R02682,S2,exclude,"S2 humans rate quality or naturalness only, no real-vs-fake judgment",
R02683,S1,exclude,"S1: no audio, video or deepfake term in title or abstract",
R02684,S2,exclude,"S2 no human real-vs-fake judgment of AI-generated stimuli (detector, generator, dataset or other study)",
R02685,S2,exclude,"S2 not an empirical study (review, survey of methods, commentary, legal or policy analysis)",
R02686,S2,exclude,"S2 humans rate quality or naturalness only, no real-vs-fake judgment",
R02687,S1,exclude,"S1: no audio, video or deepfake term in title or abstract",
R02688,S1,exclude,"S1: no audio, video or deepfake term in title or abstract",
R02689,S3,include,"Participants from UK, Slovenia, Italy viewed political deepfake videos varying in plausibility; detection measured",include
R02690,S2,exclude,"S2 no human real-vs-fake judgment of AI-generated stimuli (detector, generator, dataset or other study)",
R02691,S2,exclude,"S2 no human real-vs-fake judgment of AI-generated stimuli (detector, generator, dataset or other study)",
R02692,S1,exclude,"S1: no audio, video or deepfake term in title or abstract",
R02693,S1,exclude,"S1: no audio, video or deepfake term in title or abstract",
R02694,S2,exclude,"S2 no human real-vs-fake judgment of AI-generated stimuli (detector, generator, dataset or other study)",
R02695,S2,exclude,"S2 no human real-vs-fake judgment of AI-generated stimuli (detector, generator, dataset or other study)",
R02696,S2,exclude,"S2 not an empirical study (review, survey of methods, commentary, legal or policy analysis)",
R02697,S2,exclude,"S2 no human real-vs-fake judgment of AI-generated stimuli (detector, generator, dataset or other study)",
R02698,S1,exclude,"S1: no audio, video or deepfake term in title or abstract",
R02699,S2,exclude,"S2 no human real-vs-fake judgment of AI-generated stimuli (detector, generator, dataset or other study)",
R02700,S1b,exclude,S1b: no human-study term in title or abstract,
R02701,S2,exclude,"S2 no human real-vs-fake judgment of AI-generated stimuli (detector, generator, dataset or other study)",
R02702,S2,exclude,"S2 no human real-vs-fake judgment of AI-generated stimuli (detector, generator, dataset or other study)",
R02703,S2,exclude,"S2 no human real-vs-fake judgment of AI-generated stimuli (detector, generator, dataset or other study)",
R02704,S2,exclude,"S2 no human real-vs-fake judgment of AI-generated stimuli (detector, generator, dataset or other study)",
R02705,S2,exclude,"S2 no human real-vs-fake judgment of AI-generated stimuli (detector, generator, dataset or other study)",
R02706,S1,exclude,"S1: no audio, video or deepfake term in title or abstract",
R02707,S2,exclude,"S2 not an empirical study (review, survey of methods, commentary, legal or policy analysis)",
R02708,S2,exclude,"S2 not an empirical study (review, survey of methods, commentary, legal or policy analysis)",
R02709,S2,exclude,S2 stimuli are not audio or video (text or still images),
R02710,S1b,exclude,S1b: no human-study term in title or abstract,
R02711,S2,exclude,"S2 no human real-vs-fake judgment of AI-generated stimuli (detector, generator, dataset or other study)",
R02712,S2,exclude,"S2 no human real-vs-fake judgment of AI-generated stimuli (detector, generator, dataset or other study)",
R02713,S2,exclude,"S2 no human real-vs-fake judgment of AI-generated stimuli (detector, generator, dataset or other study)",
R02714,S2,exclude,"S2 no human real-vs-fake judgment of AI-generated stimuli (detector, generator, dataset or other study)",
R02715,S2,exclude,S2 stimuli are not audio or video (text or still images),
R02716,S3,include,"Thesis: 89 participants judged 10 videos (5 real, 5 deepfake) as real or fake under time pressure",full_text
R02717,S2,exclude,"S2 no human real-vs-fake judgment of AI-generated stimuli (detector, generator, dataset or other study)",
R02718,S1,exclude,"S1: no audio, video or deepfake term in title or abstract",
R02719,S2,exclude,"S2 no human real-vs-fake judgment of AI-generated stimuli (detector, generator, dataset or other study)",
R02720,S1b,exclude,S1b: no human-study term in title or abstract,
R02721,S1,exclude,"S1: no audio, video or deepfake term in title or abstract",
R02722,S2,exclude,"S2 no human real-vs-fake judgment of AI-generated stimuli (detector, generator, dataset or other study)",
R02723,S2,exclude,"S2 no human real-vs-fake judgment of AI-generated stimuli (detector, generator, dataset or other study)",
R02724,S1,exclude,"S1: no audio, video or deepfake term in title or abstract",
R02725,S2,exclude,"S2 no human real-vs-fake judgment of AI-generated stimuli (detector, generator, dataset or other study)",
R02726,S1,exclude,"S1: no audio, video or deepfake term in title or abstract",
R02727,S2,exclude,S2 stimuli are not audio or video (text or still images),
R02728,S3,include,Title/metadata indicate a study of human accuracy in identifying deepfake videos,full_text
R02729,S1b,exclude,S1b: no human-study term in title or abstract,
R02730,S2,exclude,"S2 no human real-vs-fake judgment of AI-generated stimuli (detector, generator, dataset or other study)",
R02731,S1,exclude,"S1: no audio, video or deepfake term in title or abstract",
R02732,S2,exclude,S2 stimuli are not audio or video (text or still images),
R02733,S1,exclude,"S1: no audio, video or deepfake term in title or abstract",
R02734,S2,exclude,"S2 no human real-vs-fake judgment of AI-generated stimuli (detector, generator, dataset or other study)",
R02735,S2,exclude,"S2 no human real-vs-fake judgment of AI-generated stimuli (detector, generator, dataset or other study)",
R02736,S2,exclude,S2 stimuli are not audio or video (text or still images),
R02737,S1b,exclude,S1b: no human-study term in title or abstract,
R02738,S1,exclude,"S1: no audio, video or deepfake term in title or abstract",
R02739,S1,exclude,"S1: no audio, video or deepfake term in title or abstract",
R02740,S2,exclude,S2 stimuli are not audio or video (text or still images),
R02741,S1,exclude,"S1: no audio, video or deepfake term in title or abstract",
R02742,S2,exclude,S2 stimuli are not audio or video (text or still images),
R02743,S1,exclude,"S1: no audio, video or deepfake term in title or abstract",
R02744,S1,exclude,"S1: no audio, video or deepfake term in title or abstract",
R02745,S3,include,"1,768 participants judged genuine vs TTS/VC audio (35,532 judgments) in a web listening game",include
R02746,S2,exclude,"S2 no human real-vs-fake judgment of AI-generated stimuli (detector, generator, dataset or other study)",
R02747,S1,exclude,"S1: no audio, video or deepfake term in title or abstract",
R02748,S2,exclude,S2 stimuli are not audio or video (text or still images),
R02749,S1,exclude,"S1: no audio, video or deepfake term in title or abstract",
R02750,S2,exclude,S2 stimuli are not audio or video (text or still images),
R02751,S3,include,Close replication of Fooled Twice (real vs deepfake video classification),include
R02752,S2,exclude,"S2 no human real-vs-fake judgment of AI-generated stimuli (detector, generator, dataset or other study)",
R02753,S2,exclude,"S2 no human real-vs-fake judgment of AI-generated stimuli (detector, generator, dataset or other study)",
R02754,S2,exclude,"S2 not an empirical study (review, survey of methods, commentary, legal or policy analysis)",
R02755,S2,exclude,S2 stimuli are not audio or video (text or still images),
R02756,S2,exclude,"S2 no human real-vs-fake judgment of AI-generated stimuli (detector, generator, dataset or other study)",
R02757,S1b,exclude,S1b: no human-study term in title or abstract,
R02758,S1b,exclude,S1b: no human-study term in title or abstract,
R02759,S1b,exclude,S1b: no human-study term in title or abstract,
R02760,S2,exclude,"S2 humans rate quality or naturalness only, no real-vs-fake judgment",
R02761,S2,exclude,"S2 no human real-vs-fake judgment of AI-generated stimuli (detector, generator, dataset or other study)",
R02762,S1b,exclude,S1b: no human-study term in title or abstract,
R02763,S1b,exclude,S1b: no human-study term in title or abstract,
R02764,S1b,exclude,S1b: no human-study term in title or abstract,
R02765,S1,exclude,"S1: no audio, video or deepfake term in title or abstract",
R02766,S1,exclude,"S1: no audio, video or deepfake term in title or abstract",
R02767,S2,exclude,"S2 not an empirical study (review, survey of methods, commentary, legal or policy analysis)",
R02768,S2,exclude,S2 stimuli are not audio or video (text or still images),
R02769,S1b,exclude,S1b: no human-study term in title or abstract,
R02770,S1,exclude,"S1: no audio, video or deepfake term in title or abstract",
R02771,S1,exclude,"S1: no audio, video or deepfake term in title or abstract",
R02772,S2,exclude,"S2 not an empirical study (review, survey of methods, commentary, legal or policy analysis)",
R02773,S1,exclude,"S1: no audio, video or deepfake term in title or abstract",
R02774,S1,exclude,"S1: no audio, video or deepfake term in title or abstract",
R02775,S2,exclude,"S2 no human real-vs-fake judgment of AI-generated stimuli (detector, generator, dataset or other study)",
R02776,S1,exclude,"S1: no audio, video or deepfake term in title or abstract",
R02777,S2,exclude,"S2 no human real-vs-fake judgment of AI-generated stimuli (detector, generator, dataset or other study)",
R02778,S2,exclude,"S2 no human real-vs-fake judgment of AI-generated stimuli (detector, generator, dataset or other study)",
R02779,S1,exclude,"S1: no audio, video or deepfake term in title or abstract",
R02780,S2,exclude,"S2 no human real-vs-fake judgment of AI-generated stimuli (detector, generator, dataset or other study)",
R02781,S2,exclude,"S2 not an empirical study (review, survey of methods, commentary, legal or policy analysis)",
R02782,S2,exclude,"S2 no human real-vs-fake judgment of AI-generated stimuli (detector, generator, dataset or other study)",
R02783,S1,exclude,"S1: no audio, video or deepfake term in title or abstract",
R02784,S2,exclude,"S2 no human real-vs-fake judgment of AI-generated stimuli (detector, generator, dataset or other study)",
R02785,S1,exclude,"S1: no audio, video or deepfake term in title or abstract",
R02786,S1b,exclude,S1b: no human-study term in title or abstract,
R02787,S1,exclude,"S1: no audio, video or deepfake term in title or abstract",
R02788,S1b,exclude,S1b: no human-study term in title or abstract,
R02789,S2,exclude,"S2 no human real-vs-fake judgment of AI-generated stimuli (detector, generator, dataset or other study)",
R02790,S1,exclude,"S1: no audio, video or deepfake term in title or abstract",
R02791,S1,exclude,"S1: no audio, video or deepfake term in title or abstract",
R02792,S2,exclude,"S2 no human real-vs-fake judgment of AI-generated stimuli (detector, generator, dataset or other study)",
R02793,S3,include,80 participants of differing hearing ability judged authenticity of 30 audio/audiovisual clips,include
R02794,S2,exclude,"S2 no human real-vs-fake judgment of AI-generated stimuli (detector, generator, dataset or other study)",
R02795,S1b,exclude,S1b: no human-study term in title or abstract,
R02796,S1b,exclude,S1b: no human-study term in title or abstract,
R02797,S2,exclude,S2 stimuli are not audio or video (text or still images),
R02798,S1,exclude,"S1: no audio, video or deepfake term in title or abstract",
R02799,S2,exclude,"S2 no human real-vs-fake judgment of AI-generated stimuli (detector, generator, dataset or other study)",
R02800,S1b,exclude,S1b: no human-study term in title or abstract,
R02801,S2,exclude,"S2 no human real-vs-fake judgment of AI-generated stimuli (detector, generator, dataset or other study)",
R02802,S1b,exclude,S1b: no human-study term in title or abstract,
R02803,S2,exclude,"S2 no human real-vs-fake judgment of AI-generated stimuli (detector, generator, dataset or other study)",
R02804,S2,exclude,"S2 no human real-vs-fake judgment of AI-generated stimuli (detector, generator, dataset or other study)",
R02805,S2,exclude,"S2 no human real-vs-fake judgment of AI-generated stimuli (detector, generator, dataset or other study)",
R02806,S1,exclude,"S1: no audio, video or deepfake term in title or abstract",
R02807,S2,exclude,"S2 no human real-vs-fake judgment of AI-generated stimuli (detector, generator, dataset or other study)",
R02808,S2,exclude,"S2 no human real-vs-fake judgment of AI-generated stimuli (detector, generator, dataset or other study)",
R02809,S1,exclude,"S1: no audio, video or deepfake term in title or abstract",
R02810,S1b,exclude,S1b: no human-study term in title or abstract,
R02811,S1,exclude,"S1: no audio, video or deepfake term in title or abstract",
R02812,S2,exclude,"S2 not an empirical study (review, survey of methods, commentary, legal or policy analysis)",
R02813,S2,exclude,"S2 no human real-vs-fake judgment of AI-generated stimuli (detector, generator, dataset or other study)",
R02814,S1,exclude,"S1: no audio, video or deepfake term in title or abstract",
R02815,S1,exclude,"S1: no audio, video or deepfake term in title or abstract",
R02816,S1,exclude,"S1: no audio, video or deepfake term in title or abstract",
R02817,S2,exclude,"S2 no human real-vs-fake judgment of AI-generated stimuli (detector, generator, dataset or other study)",
R02818,S1,exclude,"S1: no audio, video or deepfake term in title or abstract",
R02819,S3,include,Participants viewed real and puppetry-deepfake emotional face videos (EEG); explicit detection task after disclosure,full_text
R02820,S1,exclude,"S1: no audio, video or deepfake term in title or abstract",
R02821,S2,exclude,"S2 no human real-vs-fake judgment of AI-generated stimuli (detector, generator, dataset or other study)",
R02822,S2,exclude,"S2 no human real-vs-fake judgment of AI-generated stimuli (detector, generator, dataset or other study)",
R02823,S1b,exclude,S1b: no human-study term in title or abstract,
R02824,S1,exclude,"S1: no audio, video or deepfake term in title or abstract",
R02825,S1,exclude,"S1: no audio, video or deepfake term in title or abstract",
R02826,S1,exclude,"S1: no audio, video or deepfake term in title or abstract",
R02827,S1,exclude,"S1: no audio, video or deepfake term in title or abstract",
R02828,S2,exclude,S2 stimuli are not audio or video (text or still images),
R02829,S1,exclude,"S1: no audio, video or deepfake term in title or abstract",
R02830,S2,exclude,"S2 not an empirical study (review, survey of methods, commentary, legal or policy analysis)",
R02831,S1b,exclude,S1b: no human-study term in title or abstract,
R02832,S1,exclude,"S1: no audio, video or deepfake term in title or abstract",
R02833,S1b,exclude,S1b: no human-study term in title or abstract,
R02834,S2,exclude,"S2 no human real-vs-fake judgment of AI-generated stimuli (detector, generator, dataset or other study)",
R02835,S1b,exclude,S1b: no human-study term in title or abstract,
R02836,S2,exclude,S2 stimuli are not audio or video (text or still images),
R02837,S2,exclude,"S2 no human real-vs-fake judgment of AI-generated stimuli (detector, generator, dataset or other study)",
R02838,S1,exclude,"S1: no audio, video or deepfake term in title or abstract",
R02839,S2,exclude,"S2 no human real-vs-fake judgment of AI-generated stimuli (detector, generator, dataset or other study)",
R02840,S2,exclude,"S2 no human real-vs-fake judgment of AI-generated stimuli (detector, generator, dataset or other study)",
R02841,S2,exclude,"S2 no human real-vs-fake judgment of AI-generated stimuli (detector, generator, dataset or other study)",
R02842,S2,exclude,"S2 no human real-vs-fake judgment of AI-generated stimuli (detector, generator, dataset or other study)",
R02843,S1b,exclude,S1b: no human-study term in title or abstract,
R02844,S2,exclude,"S2 no human real-vs-fake judgment of AI-generated stimuli (detector, generator, dataset or other study)",
R02845,S2,exclude,"S2 no human real-vs-fake judgment of AI-generated stimuli (detector, generator, dataset or other study)",
R02846,S1,exclude,"S1: no audio, video or deepfake term in title or abstract",
R02847,S2,exclude,"S2 not an empirical study (review, survey of methods, commentary, legal or policy analysis)",
R02848,S1,exclude,"S1: no audio, video or deepfake term in title or abstract",
R02849,S2,exclude,"S2 no human real-vs-fake judgment of AI-generated stimuli (detector, generator, dataset or other study)",
R02850,S1,exclude,"S1: no audio, video or deepfake term in title or abstract",
R02851,S1,exclude,"S1: no audio, video or deepfake term in title or abstract",
R02852,S1,exclude,"S1: no audio, video or deepfake term in title or abstract",
R02853,S2,exclude,"S2 no human real-vs-fake judgment of AI-generated stimuli (detector, generator, dataset or other study)",
R02854,S2,exclude,"S2 no human real-vs-fake judgment of AI-generated stimuli (detector, generator, dataset or other study)",
R02855,S1,exclude,"S1: no audio, video or deepfake term in title or abstract",
R02856,S1,exclude,"S1: no audio, video or deepfake term in title or abstract",
R02857,S1,exclude,"S1: no audio, video or deepfake term in title or abstract",
R02858,S3,include,Participants judged their own real voice vs an on-site TTS clone of it,full_text
R02859,S2,exclude,"S2 no human real-vs-fake judgment of AI-generated stimuli (detector, generator, dataset or other study)",
R02860,S1b,exclude,S1b: no human-study term in title or abstract,
R02861,S2,exclude,S2 stimuli are not audio or video (text or still images),
R02862,S2,exclude,"S2 no human real-vs-fake judgment of AI-generated stimuli (detector, generator, dataset or other study)",
R02863,S1b,exclude,S1b: no human-study term in title or abstract,
R02864,S1,exclude,"S1: no audio, video or deepfake term in title or abstract",
R02865,S2,exclude,"S2 no human real-vs-fake judgment of AI-generated stimuli (detector, generator, dataset or other study)",
R02866,S2,exclude,"S2 humans rate quality or naturalness only, no real-vs-fake judgment",
R02867,S2,exclude,"S2 no human real-vs-fake judgment of AI-generated stimuli (detector, generator, dataset or other study)",
R02868,S1,exclude,"S1: no audio, video or deepfake term in title or abstract",
R02869,S1,exclude,"S1: no audio, video or deepfake term in title or abstract",
R02870,S1b,exclude,S1b: no human-study term in title or abstract,
R02871,S1,exclude,"S1: no audio, video or deepfake term in title or abstract",
R02872,S2,exclude,S2 stimuli are not audio or video (text or still images),
R02873,S1,exclude,"S1: no audio, video or deepfake term in title or abstract",
R02874,S1,exclude,"S1: no audio, video or deepfake term in title or abstract",
R02875,S1,exclude,"S1: no audio, video or deepfake term in title or abstract",
R02876,S1b,exclude,S1b: no human-study term in title or abstract,
R02877,S1,exclude,"S1: no audio, video or deepfake term in title or abstract",
R02878,S2,exclude,"S2 no human real-vs-fake judgment of AI-generated stimuli (detector, generator, dataset or other study)",
R02879,S1,exclude,"S1: no audio, video or deepfake term in title or abstract",
R02880,S2,exclude,S2 stimuli are not audio or video (text or still images),
R02881,S1,exclude,"S1: no audio, video or deepfake term in title or abstract",
R02882,S3,exclude,E4: auditory-perceptual speaker comparison (same-speaker similarity) of real vs Qwen3-TTS clones by forensic analysts; no real-vs-fake detection task reported,full_text
R02883,S3,exclude,"E2: young and older adults classified 120 faces (half diffusion-generated) as genuine or artificial; face images, not video",full_text
R02884,S2,exclude,S2 stimuli are not audio or video (text or still images),
R02885,S1,exclude,"S1: no audio, video or deepfake term in title or abstract",
R02886,S2,exclude,"S2 no human real-vs-fake judgment of AI-generated stimuli (detector, generator, dataset or other study)",
R02887,S3,exclude,E3: OSF study registration (preregistration) on emotional deepfakes; no results reported,full_text
R02888,S2,exclude,"S2 not an empirical study (review, survey of methods, commentary, legal or policy analysis)",
R02889,S3,include,Preregistered inoculation experiment; participants classified 10 videos as real or deepfake,include
R02890,S1,exclude,"S1: no audio, video or deepfake term in title or abstract",
R02891,S1,exclude,"S1: no audio, video or deepfake term in title or abstract",
R02892,S1b,exclude,S1b: no human-study term in title or abstract,
R02893,S2,exclude,"S2 not an empirical study (review, survey of methods, commentary, legal or policy analysis)",
R02894,S2,exclude,"S2 no human real-vs-fake judgment of AI-generated stimuli (detector, generator, dataset or other study)",
R02895,S2,exclude,"S2 no human real-vs-fake judgment of AI-generated stimuli (detector, generator, dataset or other study)",
R02896,S1b,exclude,S1b: no human-study term in title or abstract,
R02897,S1,exclude,"S1: no audio, video or deepfake term in title or abstract",
R02898,S2,exclude,S2 stimuli are not audio or video (text or still images),
R02899,S2,exclude,S2 stimuli are not audio or video (text or still images),
R02900,S2,exclude,"S2 no human real-vs-fake judgment of AI-generated stimuli (detector, generator, dataset or other study)",
R02901,S2,exclude,"S2 no human real-vs-fake judgment of AI-generated stimuli (detector, generator, dataset or other study)",
R02902,S2,exclude,"S2 not an empirical study (review, survey of methods, commentary, legal or policy analysis)",
R02903,S1b,exclude,S1b: no human-study term in title or abstract,
R02904,S1,exclude,"S1: no audio, video or deepfake term in title or abstract",
R02905,S2,exclude,"S2 no human real-vs-fake judgment of AI-generated stimuli (detector, generator, dataset or other study)",
R02906,S1b,exclude,S1b: no human-study term in title or abstract,
R02907,S2,exclude,"S2 humans rate quality or naturalness only, no real-vs-fake judgment",
R02908,S1,exclude,"S1: no audio, video or deepfake term in title or abstract",
R02909,S2,exclude,"S2 no human real-vs-fake judgment of AI-generated stimuli (detector, generator, dataset or other study)",
R02910,S2,exclude,"S2 not an empirical study (review, survey of methods, commentary, legal or policy analysis)",
R02911,S1,exclude,"S1: no audio, video or deepfake term in title or abstract",
R02912,S2,exclude,"S2 no human real-vs-fake judgment of AI-generated stimuli (detector, generator, dataset or other study)",
R02913,S1,exclude,"S1: no audio, video or deepfake term in title or abstract",
R02914,S1,exclude,"S1: no audio, video or deepfake term in title or abstract",
R02915,S2,exclude,"S2 no human real-vs-fake judgment of AI-generated stimuli (detector, generator, dataset or other study)",
R02916,S2,exclude,"S2 no human real-vs-fake judgment of AI-generated stimuli (detector, generator, dataset or other study)",
R02917,S1,exclude,"S1: no audio, video or deepfake term in title or abstract",
R02918,S1,exclude,"S1: no audio, video or deepfake term in title or abstract",
R02919,S1,exclude,"S1: no audio, video or deepfake term in title or abstract",
R02920,S3,exclude,E4: 22 students viewed only Sora-generated videos and gave emotional/perceptual reactions; no real-vs-AI judgment task or rate judged real,full_text
R02921,S2,exclude,"S2 not an empirical study (review, survey of methods, commentary, legal or policy analysis)",
R02922,S2,exclude,"S2 no human real-vs-fake judgment of AI-generated stimuli (detector, generator, dataset or other study)",
R02923,S1,exclude,"S1: no audio, video or deepfake term in title or abstract",
R02924,S2,exclude,"S2 not an empirical study (review, survey of methods, commentary, legal or policy analysis)",
R02925,S1,exclude,"S1: no audio, video or deepfake term in title or abstract",
R02926,S1b,exclude,S1b: no human-study term in title or abstract,
R02927,S2,exclude,"S2 no human real-vs-fake judgment of AI-generated stimuli (detector, generator, dataset or other study)",
R02928,S2,exclude,"S2 no human real-vs-fake judgment of AI-generated stimuli (detector, generator, dataset or other study)",
R02929,S2,exclude,"S2 not an empirical study (review, survey of methods, commentary, legal or policy analysis)",
R02930,S1,exclude,"S1: no audio, video or deepfake term in title or abstract",
R02931,S1,exclude,"S1: no audio, video or deepfake term in title or abstract",
R02932,S2,exclude,"S2 no human real-vs-fake judgment of AI-generated stimuli (detector, generator, dataset or other study)",
R02933,S2,exclude,S2 stimuli are not audio or video (text or still images),
R02934,S1,exclude,"S1: no audio, video or deepfake term in title or abstract",
R02935,S2,exclude,"S2 not an empirical study (review, survey of methods, commentary, legal or policy analysis)",
R02936,S2,exclude,S2 stimuli are not audio or video (text or still images),
R02937,S2,exclude,"S2 not an empirical study (review, survey of methods, commentary, legal or policy analysis)",
R02938,S2,exclude,"S2 no human real-vs-fake judgment of AI-generated stimuli (detector, generator, dataset or other study)",
R02939,S1,exclude,"S1: no audio, video or deepfake term in title or abstract",
R02940,S1,exclude,"S1: no audio, video or deepfake term in title or abstract",
R02941,S2,exclude,"S2 no human real-vs-fake judgment of AI-generated stimuli (detector, generator, dataset or other study)",
R02942,S2,exclude,"S2 not an empirical study (review, survey of methods, commentary, legal or policy analysis)",
R02943,S1b,exclude,S1b: no human-study term in title or abstract,
R02944,S1,exclude,"S1: no audio, video or deepfake term in title or abstract",
R02945,S2,exclude,"S2 no human real-vs-fake judgment of AI-generated stimuli (detector, generator, dataset or other study)",
R02946,S2,exclude,"S2 no human real-vs-fake judgment of AI-generated stimuli (detector, generator, dataset or other study)",
R02947,S2,exclude,"S2 no human real-vs-fake judgment of AI-generated stimuli (detector, generator, dataset or other study)",
R02948,S2,exclude,"S2 humans rate quality or naturalness only, no real-vs-fake judgment",
R02949,S2,exclude,S2 stimuli are not audio or video (text or still images),
R02950,S1b,exclude,S1b: no human-study term in title or abstract,
R02951,S3,not_retrieved,Closed conference paper with no abstract; unclear whether a real-vs-fake judgment task or modality is involved,full_text
R02952,S1,exclude,"S1: no audio, video or deepfake term in title or abstract",
R02953,S2,exclude,S2 stimuli are not audio or video (text or still images),
R02954,S1,exclude,"S1: no audio, video or deepfake term in title or abstract",
R02955,S1,exclude,"S1: no audio, video or deepfake term in title or abstract",
R02956,S2,exclude,"S2 no human real-vs-fake judgment of AI-generated stimuli (detector, generator, dataset or other study)",
R02957,S1,exclude,"S1: no audio, video or deepfake term in title or abstract",
R02958,S2,exclude,"S2 no human real-vs-fake judgment of AI-generated stimuli (detector, generator, dataset or other study)",
R02959,S2,exclude,"S2 not an empirical study (review, survey of methods, commentary, legal or policy analysis)",
R02960,S2,exclude,"S2 no human real-vs-fake judgment of AI-generated stimuli (detector, generator, dataset or other study)",
R02961,S1,exclude,"S1: no audio, video or deepfake term in title or abstract",
R02962,S1,exclude,"S1: no audio, video or deepfake term in title or abstract",
R02963,S1b,exclude,S1b: no human-study term in title or abstract,
R02964,S1,exclude,"S1: no audio, video or deepfake term in title or abstract",
R02965,S2,exclude,"S2 not an empirical study (review, survey of methods, commentary, legal or policy analysis)",
R02966,S1b,exclude,S1b: no human-study term in title or abstract,
R02967,S1,exclude,"S1: no audio, video or deepfake term in title or abstract",
R02968,S3,exclude,E1: EEG hyperscanning data decoded by Hyper-GST model (90.47% model accuracy); no behavioral human detection accuracy reported,full_text
R02969,S2,exclude,"S2 not an empirical study (review, survey of methods, commentary, legal or policy analysis)",
R02970,S1,exclude,"S1: no audio, video or deepfake term in title or abstract",
R02971,S1,exclude,"S1: no audio, video or deepfake term in title or abstract",
R02972,S1,exclude,"S1: no audio, video or deepfake term in title or abstract",
R02973,S2,exclude,"S2 no human real-vs-fake judgment of AI-generated stimuli (detector, generator, dataset or other study)",
R02974,S1,exclude,"S1: no audio, video or deepfake term in title or abstract",
R02975,S1,exclude,"S1: no audio, video or deepfake term in title or abstract",
R02976,S1,exclude,"S1: no audio, video or deepfake term in title or abstract",
R02977,S1b,exclude,S1b: no human-study term in title or abstract,
R02978,S2,exclude,"S2 no human real-vs-fake judgment of AI-generated stimuli (detector, generator, dataset or other study)",
R02979,S2,exclude,"S2 not an empirical study (review, survey of methods, commentary, legal or policy analysis)",
R02980,S1,exclude,"S1: no audio, video or deepfake term in title or abstract",
R02981,S2,exclude,"S2 not an empirical study (review, survey of methods, commentary, legal or policy analysis)",
R02982,S2,exclude,"S2 not an empirical study (review, survey of methods, commentary, legal or policy analysis)",
R02983,S2,exclude,S2 stimuli are not audio or video (text or still images),
R02984,S2,exclude,S2 stimuli are not audio or video (text or still images),
R02985,S2,exclude,"S2 not an empirical study (review, survey of methods, commentary, legal or policy analysis)",
R02986,S1,exclude,"S1: no audio, video or deepfake term in title or abstract",
R02987,S1,exclude,"S1: no audio, video or deepfake term in title or abstract",
R02988,S1,exclude,"S1: no audio, video or deepfake term in title or abstract",
R02989,S1,exclude,"S1: no audio, video or deepfake term in title or abstract",
R02990,S1,exclude,"S1: no audio, video or deepfake term in title or abstract",
R02991,S2,exclude,"S2 no human real-vs-fake judgment of AI-generated stimuli (detector, generator, dataset or other study)",
R02992,S2,exclude,"S2 no human real-vs-fake judgment of AI-generated stimuli (detector, generator, dataset or other study)",
R02993,S1,exclude,"S1: no audio, video or deepfake term in title or abstract",
R02994,S2,exclude,"S2 not an empirical study (review, survey of methods, commentary, legal or policy analysis)",
R02995,S2,exclude,"S2 no human real-vs-fake judgment of AI-generated stimuli (detector, generator, dataset or other study)",
R02996,S1b,exclude,S1b: no human-study term in title or abstract,
R02997,S1,exclude,"S1: no audio, video or deepfake term in title or abstract",
R02998,S1,exclude,"S1: no audio, video or deepfake term in title or abstract",
R02999,S2,exclude,"S2 no human real-vs-fake judgment of AI-generated stimuli (detector, generator, dataset or other study)",
R03000,S3,include,"78 listeners judged bona fide, spoofed and PhonemeFake speech samples (about 93 each)",full_text
R03001,S1b,exclude,S1b: no human-study term in title or abstract,
R03002,S2,exclude,"S2 no human real-vs-fake judgment of AI-generated stimuli (detector, generator, dataset or other study)",
R03003,S3,exclude,E2: study of AI-generated explanations for altered/synthetic imagery; image stimuli,full_text
R03004,S2,exclude,"S2 no human real-vs-fake judgment of AI-generated stimuli (detector, generator, dataset or other study)",
R03005,S1b,exclude,S1b: no human-study term in title or abstract,
R03006,S1,exclude,"S1: no audio, video or deepfake term in title or abstract",
R03007,S1,exclude,"S1: no audio, video or deepfake term in title or abstract",
R03008,S1,exclude,"S1: no audio, video or deepfake term in title or abstract",
R03009,S2,exclude,S2 stimuli are not audio or video (text or still images),
R03010,S1,exclude,"S1: no audio, video or deepfake term in title or abstract",
R03011,S2,exclude,"S2 not an empirical study (review, survey of methods, commentary, legal or policy analysis)",
R03012,S1,exclude,"S1: no audio, video or deepfake term in title or abstract",
R03013,S2,exclude,S2 stimuli are not audio or video (text or still images),
R03014,S2,exclude,S2 stimuli are not audio or video (text or still images),
R03015,S1,exclude,"S1: no audio, video or deepfake term in title or abstract",
R03016,S3,include,"28 adults evaluated real and manipulated text, image and video items for deception (deepfake focus)",full_text
R03017,S2,exclude,"S2 not an empirical study (review, survey of methods, commentary, legal or policy analysis)",
R03018,S1b,exclude,S1b: no human-study term in title or abstract,
R03019,S2,exclude,"S2 no human real-vs-fake judgment of AI-generated stimuli (detector, generator, dataset or other study)",
R03020,S2,exclude,"S2 no human real-vs-fake judgment of AI-generated stimuli (detector, generator, dataset or other study)",
R03021,S2,exclude,"S2 not an empirical study (review, survey of methods, commentary, legal or policy analysis)",
R03022,S1,exclude,"S1: no audio, video or deepfake term in title or abstract",
R03023,S1,exclude,"S1: no audio, video or deepfake term in title or abstract",
R03024,S2,exclude,S2 stimuli are not audio or video (text or still images),
R03025,S1b,exclude,S1b: no human-study term in title or abstract,
R03026,S1,exclude,"S1: no audio, video or deepfake term in title or abstract",
R03027,S1b,exclude,S1b: no human-study term in title or abstract,
R03028,S1,exclude,"S1: no audio, video or deepfake term in title or abstract",
R03029,S1,exclude,"S1: no audio, video or deepfake term in title or abstract",
R03030,S1,exclude,"S1: no audio, video or deepfake term in title or abstract",
R03031,S2,exclude,"S2 no human real-vs-fake judgment of AI-generated stimuli (detector, generator, dataset or other study)",
R03032,S2,exclude,"S2 not an empirical study (review, survey of methods, commentary, legal or policy analysis)",
R03033,S1,exclude,"S1: no audio, video or deepfake term in title or abstract",
R03034,S2,exclude,S2 stimuli are not audio or video (text or still images),
R03035,S1b,exclude,S1b: no human-study term in title or abstract,
R03036,S2,exclude,"S2 humans rate quality or naturalness only, no real-vs-fake judgment",
R03037,S1,exclude,"S1: no audio, video or deepfake term in title or abstract",
R03038,S1b,exclude,S1b: no human-study term in title or abstract,
R03039,S1b,exclude,S1b: no human-study term in title or abstract,
R03040,S1b,exclude,S1b: no human-study term in title or abstract,
R03041,S2,exclude,"S2 no human real-vs-fake judgment of AI-generated stimuli (detector, generator, dataset or other study)",
R03042,S1,exclude,"S1: no audio, video or deepfake term in title or abstract",
R03043,S1,exclude,"S1: no audio, video or deepfake term in title or abstract",
R03044,S2,exclude,"S2 no human real-vs-fake judgment of AI-generated stimuli (detector, generator, dataset or other study)",
R03045,S2,exclude,S2 stimuli are not audio or video (text or still images),
R03046,S1,exclude,"S1: no audio, video or deepfake term in title or abstract",
R03047,S1b,exclude,S1b: no human-study term in title or abstract,
R03048,S1b,exclude,S1b: no human-study term in title or abstract,
R03049,S1,exclude,"S1: no audio, video or deepfake term in title or abstract",
R03050,S2,exclude,"S2 no human real-vs-fake judgment of AI-generated stimuli (detector, generator, dataset or other study)",
R03051,S1,exclude,"S1: no audio, video or deepfake term in title or abstract",
R03052,S1,exclude,"S1: no audio, video or deepfake term in title or abstract",
R03053,S1,exclude,"S1: no audio, video or deepfake term in title or abstract",
R03054,S2,exclude,"S2 not an empirical study (review, survey of methods, commentary, legal or policy analysis)",
R03055,S1b,exclude,S1b: no human-study term in title or abstract,
R03056,S2,exclude,S2 stimuli are not audio or video (text or still images),
R03057,S1,exclude,"S1: no audio, video or deepfake term in title or abstract",
R03058,S2,exclude,S2 stimuli are not audio or video (text or still images),
R03059,S2,exclude,"S2 no human real-vs-fake judgment of AI-generated stimuli (detector, generator, dataset or other study)",
R03060,S1b,exclude,S1b: no human-study term in title or abstract,
R03061,S2,exclude,S2 stimuli are not audio or video (text or still images),
R03062,S1,exclude,"S1: no audio, video or deepfake term in title or abstract",
R03063,S2,exclude,S2 stimuli are not audio or video (text or still images),
R03064,S1,exclude,"S1: no audio, video or deepfake term in title or abstract",
R03065,S1b,exclude,S1b: no human-study term in title or abstract,
R03066,S2,exclude,"S2 not an empirical study (review, survey of methods, commentary, legal or policy analysis)",
R03067,S1,exclude,"S1: no audio, video or deepfake term in title or abstract",
R03068,S2,exclude,"S2 no human real-vs-fake judgment of AI-generated stimuli (detector, generator, dataset or other study)",
R03069,S1,exclude,"S1: no audio, video or deepfake term in title or abstract",
R03070,S1,exclude,"S1: no audio, video or deepfake term in title or abstract",
R03071,S2,exclude,"S2 not an empirical study (review, survey of methods, commentary, legal or policy analysis)",
R03072,S2,exclude,"S2 no human real-vs-fake judgment of AI-generated stimuli (detector, generator, dataset or other study)",
R03073,S2,exclude,"S2 no human real-vs-fake judgment of AI-generated stimuli (detector, generator, dataset or other study)",
R03074,S1,exclude,"S1: no audio, video or deepfake term in title or abstract",
R03075,S2,exclude,"S2 no human real-vs-fake judgment of AI-generated stimuli (detector, generator, dataset or other study)",
R03076,S1b,exclude,S1b: no human-study term in title or abstract,
R03077,S3,exclude,E2: human evaluators (professional investigators) vs tools on images only,full_text
R03078,S2,exclude,"S2 no human real-vs-fake judgment of AI-generated stimuli (detector, generator, dataset or other study)",
R03079,S2,exclude,"S2 no human real-vs-fake judgment of AI-generated stimuli (detector, generator, dataset or other study)",
R03080,S2,exclude,"S2 no human real-vs-fake judgment of AI-generated stimuli (detector, generator, dataset or other study)",
R03081,S1b,exclude,S1b: no human-study term in title or abstract,
R03082,S1,exclude,"S1: no audio, video or deepfake term in title or abstract",
R03083,S1,exclude,"S1: no audio, video or deepfake term in title or abstract",
R03084,S1,exclude,"S1: no audio, video or deepfake term in title or abstract",
R03085,S2,exclude,"S2 not an empirical study (review, survey of methods, commentary, legal or policy analysis)",
R03086,S2,exclude,"S2 no human real-vs-fake judgment of AI-generated stimuli (detector, generator, dataset or other study)",
R03087,S1,exclude,"S1: no audio, video or deepfake term in title or abstract",
R03088,S2,exclude,S2 stimuli are not audio or video (text or still images),
R03089,S1,exclude,"S1: no audio, video or deepfake term in title or abstract",
R03090,S1,exclude,"S1: no audio, video or deepfake term in title or abstract",
R03091,S1,exclude,"S1: no audio, video or deepfake term in title or abstract",
R03092,S2,exclude,"S2 not an empirical study (review, survey of methods, commentary, legal or policy analysis)",
R03093,S2,exclude,"S2 no human real-vs-fake judgment of AI-generated stimuli (detector, generator, dataset or other study)",
R03094,S1,exclude,"S1: no audio, video or deepfake term in title or abstract",
R03095,S2,exclude,"S2 no human real-vs-fake judgment of AI-generated stimuli (detector, generator, dataset or other study)",
R03096,S2,exclude,"S2 no human real-vs-fake judgment of AI-generated stimuli (detector, generator, dataset or other study)",
R03097,S2,exclude,"S2 no human real-vs-fake judgment of AI-generated stimuli (detector, generator, dataset or other study)",
R03098,S1,exclude,"S1: no audio, video or deepfake term in title or abstract",
R03099,S2,exclude,"S2 not an empirical study (review, survey of methods, commentary, legal or policy analysis)",
R03100,S2,exclude,S2 stimuli are not audio or video (text or still images),
R03101,S1,exclude,"S1: no audio, video or deepfake term in title or abstract",
R03102,S2,exclude,S2 stimuli are not audio or video (text or still images),
R03103,S2,exclude,"S2 no human real-vs-fake judgment of AI-generated stimuli (detector, generator, dataset or other study)",
R03104,S1b,exclude,S1b: no human-study term in title or abstract,
R03105,S1,exclude,"S1: no audio, video or deepfake term in title or abstract",
R03106,S1,exclude,"S1: no audio, video or deepfake term in title or abstract",
R03107,S1b,exclude,S1b: no human-study term in title or abstract,
R03108,S2,exclude,"S2 no human real-vs-fake judgment of AI-generated stimuli (detector, generator, dataset or other study)",
R03109,S2,exclude,"S2 not an empirical study (review, survey of methods, commentary, legal or policy analysis)",
R03110,S1,exclude,"S1: no audio, video or deepfake term in title or abstract",
R03111,S1b,exclude,S1b: no human-study term in title or abstract,
R03112,S1,exclude,"S1: no audio, video or deepfake term in title or abstract",
R03113,S1,exclude,"S1: no audio, video or deepfake term in title or abstract",
R03114,S2,exclude,"S2 no human real-vs-fake judgment of AI-generated stimuli (detector, generator, dataset or other study)",
R03115,S1,exclude,"S1: no audio, video or deepfake term in title or abstract",
R03116,S2,exclude,"S2 no human real-vs-fake judgment of AI-generated stimuli (detector, generator, dataset or other study)",
R03117,S1,exclude,"S1: no audio, video or deepfake term in title or abstract",
R03118,S2,exclude,"S2 no human real-vs-fake judgment of AI-generated stimuli (detector, generator, dataset or other study)",
R03119,S1,exclude,"S1: no audio, video or deepfake term in title or abstract",
R03120,S1,exclude,"S1: no audio, video or deepfake term in title or abstract",
R03121,S2,exclude,"S2 no human real-vs-fake judgment of AI-generated stimuli (detector, generator, dataset or other study)",
R03122,S1,exclude,"S1: no audio, video or deepfake term in title or abstract",
R03123,S2,exclude,S2 stimuli are not audio or video (text or still images),
R03124,S2,exclude,"S2 not an empirical study (review, survey of methods, commentary, legal or policy analysis)",
R03125,S2,exclude,S2 stimuli are not audio or video (text or still images),
R03126,S2,exclude,"S2 not an empirical study (review, survey of methods, commentary, legal or policy analysis)",
R03127,S1b,exclude,S1b: no human-study term in title or abstract,
R03128,S1,exclude,"S1: no audio, video or deepfake term in title or abstract",
R03129,S1,exclude,"S1: no audio, video or deepfake term in title or abstract",
R03130,S3,exclude,"E2: aesthetic Turing test of AI-generated Instapoetry (text), not music or audio",full_text
R03131,S1b,exclude,S1b: no human-study term in title or abstract,
R03132,S2,exclude,"S2 no human real-vs-fake judgment of AI-generated stimuli (detector, generator, dataset or other study)",
R03133,S1,exclude,"S1: no audio, video or deepfake term in title or abstract",
R03134,S2,exclude,"S2 no human real-vs-fake judgment of AI-generated stimuli (detector, generator, dataset or other study)",
R03135,S2,exclude,"S2 humans rate quality or naturalness only, no real-vs-fake judgment",
R03136,S1,exclude,"S1: no audio, video or deepfake term in title or abstract",
R03137,S1,exclude,"S1: no audio, video or deepfake term in title or abstract",
R03138,S1,exclude,"S1: no audio, video or deepfake term in title or abstract",
R03139,S1,exclude,"S1: no audio, video or deepfake term in title or abstract",
R03140,S1,exclude,"S1: no audio, video or deepfake term in title or abstract",
R03141,S2,exclude,S2 stimuli are not audio or video (text or still images),
R03142,S2,exclude,"S2 no human real-vs-fake judgment of AI-generated stimuli (detector, generator, dataset or other study)",
R03143,S2,exclude,S2 stimuli are not audio or video (text or still images),
R03144,S2,exclude,S2 stimuli are not audio or video (text or still images),
R03145,S1,exclude,"S1: no audio, video or deepfake term in title or abstract",
R03146,S1,exclude,"S1: no audio, video or deepfake term in title or abstract",
R03147,S1,exclude,"S1: no audio, video or deepfake term in title or abstract",
R03148,S1,exclude,"S1: no audio, video or deepfake term in title or abstract",
R03149,S2,exclude,"S2 no human real-vs-fake judgment of AI-generated stimuli (detector, generator, dataset or other study)",
R03150,S1,exclude,"S1: no audio, video or deepfake term in title or abstract",
R03151,S1,exclude,"S1: no audio, video or deepfake term in title or abstract",
R03152,S1,exclude,"S1: no audio, video or deepfake term in title or abstract",
R03153,S2,exclude,S2 stimuli are not audio or video (text or still images),
R03154,S1,exclude,"S1: no audio, video or deepfake term in title or abstract",
R03155,S1,exclude,"S1: no audio, video or deepfake term in title or abstract",
R03156,S1,exclude,"S1: no audio, video or deepfake term in title or abstract",
R03157,S2,exclude,"S2 no human real-vs-fake judgment of AI-generated stimuli (detector, generator, dataset or other study)",
R03158,S1b,exclude,S1b: no human-study term in title or abstract,
R03159,S2,exclude,"S2 no human real-vs-fake judgment of AI-generated stimuli (detector, generator, dataset or other study)",
R03160,S2,exclude,"S2 no human real-vs-fake judgment of AI-generated stimuli (detector, generator, dataset or other study)",
R03161,S2,exclude,"S2 no human real-vs-fake judgment of AI-generated stimuli (detector, generator, dataset or other study)",
R03162,S2,exclude,"S2 not an empirical study (review, survey of methods, commentary, legal or policy analysis)",
R03163,S1,exclude,"S1: no audio, video or deepfake term in title or abstract",
R03164,S2,exclude,"S2 no human real-vs-fake judgment of AI-generated stimuli (detector, generator, dataset or other study)",
R03165,S1,exclude,"S1: no audio, video or deepfake term in title or abstract",
R03166,S2,exclude,"S2 not an empirical study (review, survey of methods, commentary, legal or policy analysis)",
R03167,S2,exclude,S2 stimuli are not audio or video (text or still images),
R03168,S1,exclude,"S1: no audio, video or deepfake term in title or abstract",
R03169,S3,exclude,"E3: OSF study registration (Spain panel, N=1,700) of fact-check/literacy interventions; no results, and it focuses on AI images",full_text
R03170,S2,exclude,"S2 no human real-vs-fake judgment of AI-generated stimuli (detector, generator, dataset or other study)",
R03171,S1,exclude,"S1: no audio, video or deepfake term in title or abstract",
R03172,S2,exclude,"S2 not an empirical study (review, survey of methods, commentary, legal or policy analysis)",
R03173,S2,exclude,S2 stimuli are not audio or video (text or still images),
R03174,S2,exclude,S2 stimuli are not audio or video (text or still images),
R03175,S2,exclude,S2 stimuli are not audio or video (text or still images),
R03176,S2,exclude,S2 stimuli are not audio or video (text or still images),
R03177,S1,exclude,"S1: no audio, video or deepfake term in title or abstract",
R03178,S2,exclude,S2 stimuli are not audio or video (text or still images),
R03179,S1b,exclude,S1b: no human-study term in title or abstract,
R03180,S1b,exclude,S1b: no human-study term in title or abstract,
R03181,S2,exclude,"S2 no human real-vs-fake judgment of AI-generated stimuli (detector, generator, dataset or other study)",
R03182,S1,exclude,"S1: no audio, video or deepfake term in title or abstract",
R03183,S1,exclude,"S1: no audio, video or deepfake term in title or abstract",
R03184,S1,exclude,"S1: no audio, video or deepfake term in title or abstract",
R03185,S2,exclude,"S2 no human real-vs-fake judgment of AI-generated stimuli (detector, generator, dataset or other study)",
R03186,S1,exclude,"S1: no audio, video or deepfake term in title or abstract",
R03187,S1,exclude,"S1: no audio, video or deepfake term in title or abstract",
R03188,S1,exclude,"S1: no audio, video or deepfake term in title or abstract",
R03189,S1,exclude,"S1: no audio, video or deepfake term in title or abstract",
R03190,S1,exclude,"S1: no audio, video or deepfake term in title or abstract",
R03191,S2,exclude,"S2 no human real-vs-fake judgment of AI-generated stimuli (detector, generator, dataset or other study)",
R03192,S3,exclude,"E4: book chapter on Perceived Deepfake Trustworthiness Questionnaire; trustworthiness ratings, not real-vs-fake detection",full_text
R03193,S2,exclude,"S2 no human real-vs-fake judgment of AI-generated stimuli (detector, generator, dataset or other study)",
R03194,S1b,exclude,S1b: no human-study term in title or abstract,
R03195,S1,exclude,"S1: no audio, video or deepfake term in title or abstract",
R03196,S2,exclude,S2 stimuli are not audio or video (text or still images),
R03197,S2,exclude,S2 stimuli are not audio or video (text or still images),
R03198,S2,exclude,"S2 not an empirical study (review, survey of methods, commentary, legal or policy analysis)",
R03199,S1,exclude,"S1: no audio, video or deepfake term in title or abstract",
R03200,S3,include,"Priming experiment on distinguishing authentic vs deepfake content across text, image and multimedia",full_text
R03201,S2,exclude,S2 stimuli are not audio or video (text or still images),
R03202,S2,exclude,"S2 no human real-vs-fake judgment of AI-generated stimuli (detector, generator, dataset or other study)",
R03203,S1,exclude,"S1: no audio, video or deepfake term in title or abstract",
R03204,S2,exclude,S2 stimuli are not audio or video (text or still images),
R03205,S1,exclude,"S1: no audio, video or deepfake term in title or abstract",
R03206,S2,exclude,"S2 no human real-vs-fake judgment of AI-generated stimuli (detector, generator, dataset or other study)",
R03207,S2,exclude,S2 stimuli are not audio or video (text or still images),
R03208,S1b,exclude,S1b: no human-study term in title or abstract,
R03209,S1,exclude,"S1: no audio, video or deepfake term in title or abstract",
R03210,S1,exclude,"S1: no audio, video or deepfake term in title or abstract",
R03211,S2,exclude,"S2 not an empirical study (review, survey of methods, commentary, legal or policy analysis)",
R03212,S2,exclude,"S2 no human real-vs-fake judgment of AI-generated stimuli (detector, generator, dataset or other study)",
R03213,S1,exclude,"S1: no audio, video or deepfake term in title or abstract",
R03214,S1,exclude,"S1: no audio, video or deepfake term in title or abstract",
R03215,S1,exclude,"S1: no audio, video or deepfake term in title or abstract",
R03216,S1,exclude,"S1: no audio, video or deepfake term in title or abstract",
R03217,S1,exclude,"S1: no audio, video or deepfake term in title or abstract",
R03218,S1,exclude,"S1: no audio, video or deepfake term in title or abstract",
R03219,S1,exclude,"S1: no audio, video or deepfake term in title or abstract",
R03220,S1,exclude,"S1: no audio, video or deepfake term in title or abstract",
R03221,S1,exclude,"S1: no audio, video or deepfake term in title or abstract",
R03222,S1,exclude,"S1: no audio, video or deepfake term in title or abstract",
R03223,S2,exclude,"S2 no human real-vs-fake judgment of AI-generated stimuli (detector, generator, dataset or other study)",
R03224,S1,exclude,"S1: no audio, video or deepfake term in title or abstract",
R03225,S1,exclude,"S1: no audio, video or deepfake term in title or abstract",
R03226,S1,exclude,"S1: no audio, video or deepfake term in title or abstract",
R03227,S1,exclude,"S1: no audio, video or deepfake term in title or abstract",
R03228,S1,exclude,"S1: no audio, video or deepfake term in title or abstract",
R03229,S2,exclude,S2 stimuli are not audio or video (text or still images),
R03230,S1b,exclude,S1b: no human-study term in title or abstract,
R03231,S1,exclude,"S1: no audio, video or deepfake term in title or abstract",
R03232,S1,exclude,"S1: no audio, video or deepfake term in title or abstract",
R03233,S2,exclude,"S2 no human real-vs-fake judgment of AI-generated stimuli (detector, generator, dataset or other study)",
R03234,S1,exclude,"S1: no audio, video or deepfake term in title or abstract",
R03235,S2,exclude,"S2 no human real-vs-fake judgment of AI-generated stimuli (detector, generator, dataset or other study)",
R03236,S1,exclude,"S1: no audio, video or deepfake term in title or abstract",
R03237,S1,exclude,"S1: no audio, video or deepfake term in title or abstract",
R03238,S1,exclude,"S1: no audio, video or deepfake term in title or abstract",
R03239,S2,exclude,S2 stimuli are not audio or video (text or still images),
R03240,S2,exclude,"S2 not an empirical study (review, survey of methods, commentary, legal or policy analysis)",
R03241,S2,exclude,"S2 no human real-vs-fake judgment of AI-generated stimuli (detector, generator, dataset or other study)",
R03242,S1b,exclude,S1b: no human-study term in title or abstract,
R03243,S1,exclude,"S1: no audio, video or deepfake term in title or abstract",
R03244,S3,include,89 participants rated 20 real and 20 face-swap deepfake videos (point-light facial dynamics) on a real-fake scale,full_text
R03245,S2,exclude,S2 stimuli are not audio or video (text or still images),
R03246,S1,exclude,"S1: no audio, video or deepfake term in title or abstract",
R03247,S1,exclude,"S1: no audio, video or deepfake term in title or abstract",
R03248,S1,exclude,"S1: no audio, video or deepfake term in title or abstract",
R03249,S2,exclude,"S2 no human real-vs-fake judgment of AI-generated stimuli (detector, generator, dataset or other study)",
R03250,S3,exclude,"E4: identity-recognition thresholds for altered faces (is it still the same person), not a real-vs-fake judgment",full_text
R03251,S2,exclude,S2 stimuli are not audio or video (text or still images),
R03252,S1,exclude,"S1: no audio, video or deepfake term in title or abstract",
R03253,S2,exclude,S2 stimuli are not audio or video (text or still images),
R03254,S2,exclude,"S2 no human real-vs-fake judgment of AI-generated stimuli (detector, generator, dataset or other study)",
R03255,S1,exclude,"S1: no audio, video or deepfake term in title or abstract",
R03256,S1,exclude,"S1: no audio, video or deepfake term in title or abstract",
R03257,S2,exclude,"S2 no human real-vs-fake judgment of AI-generated stimuli (detector, generator, dataset or other study)",
R03258,S2,exclude,S2 stimuli are not audio or video (text or still images),
R03259,S1,exclude,"S1: no audio, video or deepfake term in title or abstract",
R03260,S2,exclude,"S2 no human real-vs-fake judgment of AI-generated stimuli (detector, generator, dataset or other study)",
R03261,S2,exclude,"S2 no human real-vs-fake judgment of AI-generated stimuli (detector, generator, dataset or other study)",
R03262,S1,exclude,"S1: no audio, video or deepfake term in title or abstract",
R03263,S1,exclude,"S1: no audio, video or deepfake term in title or abstract",
R03264,S1,exclude,"S1: no audio, video or deepfake term in title or abstract",
R03265,S1,exclude,"S1: no audio, video or deepfake term in title or abstract",
R03266,S1,exclude,"S1: no audio, video or deepfake term in title or abstract",
R03267,S1,exclude,"S1: no audio, video or deepfake term in title or abstract",
R03268,S2,exclude,"S2 no human real-vs-fake judgment of AI-generated stimuli (detector, generator, dataset or other study)",
R03269,S2,exclude,S2 stimuli are not audio or video (text or still images),
R03270,S1,exclude,"S1: no audio, video or deepfake term in title or abstract",
R03271,S2,exclude,"S2 no human real-vs-fake judgment of AI-generated stimuli (detector, generator, dataset or other study)",
R03272,S2,exclude,"S2 no human real-vs-fake judgment of AI-generated stimuli (detector, generator, dataset or other study)",
R03273,S2,exclude,"S2 not an empirical study (review, survey of methods, commentary, legal or policy analysis)",
R03274,S2,exclude,S2 stimuli are not audio or video (text or still images),
R03275,S2,exclude,"S2 not an empirical study (review, survey of methods, commentary, legal or policy analysis)",
R03276,S2,exclude,"S2 humans rate quality or naturalness only, no real-vs-fake judgment",
R03277,S2,exclude,S2 stimuli are not audio or video (text or still images),
R03278,S2,exclude,S2 stimuli are not audio or video (text or still images),
R03279,S2,exclude,"S2 not an empirical study (review, survey of methods, commentary, legal or policy analysis)",
R03280,S2,exclude,"S2 not an empirical study (review, survey of methods, commentary, legal or policy analysis)",
R03281,S2,exclude,"S2 no human real-vs-fake judgment of AI-generated stimuli (detector, generator, dataset or other study)",
R03282,S2,exclude,"S2 not an empirical study (review, survey of methods, commentary, legal or policy analysis)",
R03283,S2,exclude,"S2 no human real-vs-fake judgment of AI-generated stimuli (detector, generator, dataset or other study)",
R03284,S1,exclude,"S1: no audio, video or deepfake term in title or abstract",
R03285,S1b,exclude,S1b: no human-study term in title or abstract,
R03286,S2,exclude,"S2 no human real-vs-fake judgment of AI-generated stimuli (detector, generator, dataset or other study)",
R03287,S2,exclude,"S2 no human real-vs-fake judgment of AI-generated stimuli (detector, generator, dataset or other study)",
R03288,S1,exclude,"S1: no audio, video or deepfake term in title or abstract",
R03289,S1,exclude,"S1: no audio, video or deepfake term in title or abstract",
R03290,S2,exclude,"S2 no human real-vs-fake judgment of AI-generated stimuli (detector, generator, dataset or other study)",
R03291,S2,exclude,"S2 no human real-vs-fake judgment of AI-generated stimuli (detector, generator, dataset or other study)",
R03292,S2,exclude,S2 stimuli are not audio or video (text or still images),
R03293,S1b,exclude,S1b: no human-study term in title or abstract,
R03294,S2,exclude,"S2 no human real-vs-fake judgment of AI-generated stimuli (detector, generator, dataset or other study)",
R03295,S2,exclude,"S2 no human real-vs-fake judgment of AI-generated stimuli (detector, generator, dataset or other study)",
R03296,S2,exclude,"S2 no human real-vs-fake judgment of AI-generated stimuli (detector, generator, dataset or other study)",
R03297,S2,exclude,"S2 no human real-vs-fake judgment of AI-generated stimuli (detector, generator, dataset or other study)",
R03298,S1,exclude,"S1: no audio, video or deepfake term in title or abstract",
R03299,S1,exclude,"S1: no audio, video or deepfake term in title or abstract",
R03300,S2,exclude,"S2 no human real-vs-fake judgment of AI-generated stimuli (detector, generator, dataset or other study)",
R03301,S1,exclude,"S1: no audio, video or deepfake term in title or abstract",
R03302,S3,exclude,E4: dissertation on credibility judgments of health deepfake videos (2x3 design); no real-vs-AI detection outcome,full_text
R03303,S2,exclude,"S2 no human real-vs-fake judgment of AI-generated stimuli (detector, generator, dataset or other study)",
R03304,S1,exclude,"S1: no audio, video or deepfake term in title or abstract",
R03305,S1b,exclude,S1b: no human-study term in title or abstract,
R03306,S1,exclude,"S1: no audio, video or deepfake term in title or abstract",
R03307,S2,exclude,"S2 not an empirical study (review, survey of methods, commentary, legal or policy analysis)",
R03308,S2,exclude,S2 stimuli are not audio or video (text or still images),
R03309,S1,exclude,"S1: no audio, video or deepfake term in title or abstract",
R03310,S3,not_retrieved,Mixed-methods deepfake detection study (N=31); modality and outcome numbers not available,full_text
R03311,S1,exclude,"S1: no audio, video or deepfake term in title or abstract",
R03312,S2,exclude,"S2 no human real-vs-fake judgment of AI-generated stimuli (detector, generator, dataset or other study)",
R03313,S2,exclude,S2 stimuli are not audio or video (text or still images),
R03314,S1,exclude,"S1: no audio, video or deepfake term in title or abstract",
R03315,S2,exclude,"S2 not an empirical study (review, survey of methods, commentary, legal or policy analysis)",
R03316,S1,exclude,"S1: no audio, video or deepfake term in title or abstract",
R03317,S3,exclude,"E3: OSF study registration (Romania panel, N=1,500) of fact-check/literacy interventions; no results",full_text
R03318,S2,exclude,"S2 no human real-vs-fake judgment of AI-generated stimuli (detector, generator, dataset or other study)",
R03319,S1,exclude,"S1: no audio, video or deepfake term in title or abstract",
R03320,S2,exclude,"S2 no human real-vs-fake judgment of AI-generated stimuli (detector, generator, dataset or other study)",
R03321,S1,exclude,"S1: no audio, video or deepfake term in title or abstract",
R03322,S1b,exclude,S1b: no human-study term in title or abstract,
R03323,S2,exclude,"S2 not an empirical study (review, survey of methods, commentary, legal or policy analysis)",
R03324,S1,exclude,"S1: no audio, video or deepfake term in title or abstract",
R03325,S1b,exclude,S1b: no human-study term in title or abstract,
R03326,S2,exclude,"S2 not an empirical study (review, survey of methods, commentary, legal or policy analysis)",
R03327,S1,exclude,"S1: no audio, video or deepfake term in title or abstract",
R03328,S1,exclude,"S1: no audio, video or deepfake term in title or abstract",
R03329,S2,exclude,"S2 no human real-vs-fake judgment of AI-generated stimuli (detector, generator, dataset or other study)",
R03330,S2,exclude,"S2 no human real-vs-fake judgment of AI-generated stimuli (detector, generator, dataset or other study)",
R03331,S2,exclude,S2 stimuli are not audio or video (text or still images),
R03332,S1,exclude,"S1: no audio, video or deepfake term in title or abstract",
R03333,S2,exclude,"S2 no human real-vs-fake judgment of AI-generated stimuli (detector, generator, dataset or other study)",
R03334,S2,exclude,"S2 not an empirical study (review, survey of methods, commentary, legal or policy analysis)",
R03335,S2,exclude,"S2 not an empirical study (review, survey of methods, commentary, legal or policy analysis)",
R03336,S2,exclude,"S2 no human real-vs-fake judgment of AI-generated stimuli (detector, generator, dataset or other study)",
R03337,S2,exclude,"S2 humans rate quality or naturalness only, no real-vs-fake judgment",
R03338,S1,exclude,"S1: no audio, video or deepfake term in title or abstract",
R03339,S3,exclude,"E4: participants rated face-swap and original videos on humanness, eeriness and attractiveness; no real-vs-fake judgment",full_text
R03340,S1,exclude,"S1: no audio, video or deepfake term in title or abstract",
R03341,S2,exclude,S2 stimuli are not audio or video (text or still images),
R03342,S2,exclude,S2 stimuli are not audio or video (text or still images),
R03343,S2,exclude,"S2 no human real-vs-fake judgment of AI-generated stimuli (detector, generator, dataset or other study)",
R03344,S2,exclude,"S2 no human real-vs-fake judgment of AI-generated stimuli (detector, generator, dataset or other study)",
R03345,S2,exclude,S2 stimuli are not audio or video (text or still images),
R03346,S2,exclude,S2 stimuli are not audio or video (text or still images),
R03347,S1,exclude,"S1: no audio, video or deepfake term in title or abstract",
R03348,S2,exclude,"S2 no human real-vs-fake judgment of AI-generated stimuli (detector, generator, dataset or other study)",
R03349,S1,exclude,"S1: no audio, video or deepfake term in title or abstract",
R03350,S3,include,Humans tested on distinguishing real vs AI-inpainted ballot images and videos,full_text
R03351,S1b,exclude,S1b: no human-study term in title or abstract,
R03352,S1,exclude,"S1: no audio, video or deepfake term in title or abstract",
R03353,S2,exclude,S2 stimuli are not audio or video (text or still images),
R03354,S1,exclude,"S1: no audio, video or deepfake term in title or abstract",
R03355,S1,exclude,"S1: no audio, video or deepfake term in title or abstract",
R03356,S2,exclude,"S2 not an empirical study (review, survey of methods, commentary, legal or policy analysis)",
R03357,S2,exclude,"S2 no human real-vs-fake judgment of AI-generated stimuli (detector, generator, dataset or other study)",
R03358,S2,exclude,"S2 not an empirical study (review, survey of methods, commentary, legal or policy analysis)",
R03359,S1,exclude,"S1: no audio, video or deepfake term in title or abstract",
R03360,S2,exclude,"S2 not an empirical study (review, survey of methods, commentary, legal or policy analysis)",
R03361,S2,exclude,S2 stimuli are not audio or video (text or still images),
R03362,S2,exclude,"S2 no human real-vs-fake judgment of AI-generated stimuli (detector, generator, dataset or other study)",
R03363,S1,exclude,"S1: no audio, video or deepfake term in title or abstract",
R03364,S2,exclude,S2 stimuli are not audio or video (text or still images),
R03365,S2,exclude,"S2 no human real-vs-fake judgment of AI-generated stimuli (detector, generator, dataset or other study)",
R03366,S2,exclude,"S2 not an empirical study (review, survey of methods, commentary, legal or policy analysis)",
R03367,S1,exclude,"S1: no audio, video or deepfake term in title or abstract",
R03368,S1,exclude,"S1: no audio, video or deepfake term in title or abstract",
R03369,S2,exclude,"S2 no human real-vs-fake judgment of AI-generated stimuli (detector, generator, dataset or other study)",
R03370,S2,exclude,"S2 no human real-vs-fake judgment of AI-generated stimuli (detector, generator, dataset or other study)",
R03371,S1b,exclude,S1b: no human-study term in title or abstract,
R03372,S2,exclude,"S2 no human real-vs-fake judgment of AI-generated stimuli (detector, generator, dataset or other study)",
R03373,S2,exclude,"S2 no human real-vs-fake judgment of AI-generated stimuli (detector, generator, dataset or other study)",
R03374,S1,exclude,"S1: no audio, video or deepfake term in title or abstract",
R03375,S1,exclude,"S1: no audio, video or deepfake term in title or abstract",
R03376,S1b,exclude,S1b: no human-study term in title or abstract,
R03377,S1b,exclude,S1b: no human-study term in title or abstract,
R03378,S1,exclude,"S1: no audio, video or deepfake term in title or abstract",
R03379,S2,exclude,"S2 not an empirical study (review, survey of methods, commentary, legal or policy analysis)",
R03380,S1,exclude,"S1: no audio, video or deepfake term in title or abstract",
R03381,S1b,exclude,S1b: no human-study term in title or abstract,
R03382,S1,exclude,"S1: no audio, video or deepfake term in title or abstract",
R03383,S2,exclude,"S2 not an empirical study (review, survey of methods, commentary, legal or policy analysis)",
R03384,S1b,exclude,S1b: no human-study term in title or abstract,
R03385,S1,exclude,"S1: no audio, video or deepfake term in title or abstract",
R03386,S2,exclude,"S2 not an empirical study (review, survey of methods, commentary, legal or policy analysis)",
R03387,S1,exclude,"S1: no audio, video or deepfake term in title or abstract",
R03388,S2,exclude,"S2 no human real-vs-fake judgment of AI-generated stimuli (detector, generator, dataset or other study)",
R03389,S2,exclude,"S2 no human real-vs-fake judgment of AI-generated stimuli (detector, generator, dataset or other study)",
R03390,S1,exclude,"S1: no audio, video or deepfake term in title or abstract",
R03391,S2,exclude,"S2 no human real-vs-fake judgment of AI-generated stimuli (detector, generator, dataset or other study)",
R03392,S2,exclude,"S2 no human real-vs-fake judgment of AI-generated stimuli (detector, generator, dataset or other study)",
R03393,S2,exclude,"S2 no human real-vs-fake judgment of AI-generated stimuli (detector, generator, dataset or other study)",
R03394,S1,exclude,"S1: no audio, video or deepfake term in title or abstract",
R03395,S1,exclude,"S1: no audio, video or deepfake term in title or abstract",
R03396,S1,exclude,"S1: no audio, video or deepfake term in title or abstract",
R03397,S1,exclude,"S1: no audio, video or deepfake term in title or abstract",
R03398,S2,exclude,"S2 not an empirical study (review, survey of methods, commentary, legal or policy analysis)",
R03399,S1b,exclude,S1b: no human-study term in title or abstract,
R03400,S2,exclude,"S2 not an empirical study (review, survey of methods, commentary, legal or policy analysis)",
R03401,S2,exclude,"S2 not an empirical study (review, survey of methods, commentary, legal or policy analysis)",
R03402,S2,exclude,"S2 no human real-vs-fake judgment of AI-generated stimuli (detector, generator, dataset or other study)",
R03403,S1,exclude,"S1: no audio, video or deepfake term in title or abstract",
R03404,S1,exclude,"S1: no audio, video or deepfake term in title or abstract",
R03405,S2,exclude,"S2 humans rate quality or naturalness only, no real-vs-fake judgment",
R03406,S2,exclude,"S2 no human real-vs-fake judgment of AI-generated stimuli (detector, generator, dataset or other study)",
R03407,S2,exclude,"S2 no human real-vs-fake judgment of AI-generated stimuli (detector, generator, dataset or other study)",
R03408,S1,exclude,"S1: no audio, video or deepfake term in title or abstract",
R03409,S1,exclude,"S1: no audio, video or deepfake term in title or abstract",
R03410,S2,exclude,"S2 no human real-vs-fake judgment of AI-generated stimuli (detector, generator, dataset or other study)",
R03411,S1,exclude,"S1: no audio, video or deepfake term in title or abstract",
R03412,S2,exclude,"S2 humans rate quality or naturalness only, no real-vs-fake judgment",
R03413,S2,exclude,"S2 no human real-vs-fake judgment of AI-generated stimuli (detector, generator, dataset or other study)",
R03414,S2,exclude,"S2 not an empirical study (review, survey of methods, commentary, legal or policy analysis)",
R03415,S2,exclude,"S2 humans rate quality or naturalness only, no real-vs-fake judgment",
R03416,S2,exclude,"S2 no human real-vs-fake judgment of AI-generated stimuli (detector, generator, dataset or other study)",
R03417,S2,exclude,"S2 no human real-vs-fake judgment of AI-generated stimuli (detector, generator, dataset or other study)",
R03418,S2,exclude,"S2 humans rate quality or naturalness only, no real-vs-fake judgment",
R03419,S1b,exclude,S1b: no human-study term in title or abstract,
R03420,S1b,exclude,S1b: no human-study term in title or abstract,
R03421,S2,exclude,S2 stimuli are not audio or video (text or still images),
R03422,S2,exclude,"S2 no human real-vs-fake judgment of AI-generated stimuli (detector, generator, dataset or other study)",
R03423,S2,exclude,"S2 no human real-vs-fake judgment of AI-generated stimuli (detector, generator, dataset or other study)",
R03424,S2,exclude,"S2 not an empirical study (review, survey of methods, commentary, legal or policy analysis)",
R03425,S2,exclude,"S2 no human real-vs-fake judgment of AI-generated stimuli (detector, generator, dataset or other study)",
R03426,S1b,exclude,S1b: no human-study term in title or abstract,
R03427,S2,exclude,S2 stimuli are not audio or video (text or still images),
R03428,S1,exclude,"S1: no audio, video or deepfake term in title or abstract",
R03429,S1,exclude,"S1: no audio, video or deepfake term in title or abstract",
R03430,S2,exclude,"S2 no human real-vs-fake judgment of AI-generated stimuli (detector, generator, dataset or other study)",
R03431,S1b,exclude,S1b: no human-study term in title or abstract,
R03432,S1b,exclude,S1b: no human-study term in title or abstract,
R03433,S1,exclude,"S1: no audio, video or deepfake term in title or abstract",
R03434,S2,exclude,"S2 no human real-vs-fake judgment of AI-generated stimuli (detector, generator, dataset or other study)",
R03435,S1,exclude,"S1: no audio, video or deepfake term in title or abstract",
R03436,S2,exclude,S2 stimuli are not audio or video (text or still images),
R03437,S1,exclude,"S1: no audio, video or deepfake term in title or abstract",
R03438,S1,exclude,"S1: no audio, video or deepfake term in title or abstract",
R03439,S1,exclude,"S1: no audio, video or deepfake term in title or abstract",
R03440,S1,exclude,"S1: no audio, video or deepfake term in title or abstract",
R03441,S1,exclude,"S1: no audio, video or deepfake term in title or abstract",
R03442,S2,exclude,"S2 not an empirical study (review, survey of methods, commentary, legal or policy analysis)",
R03443,S2,exclude,"S2 no human real-vs-fake judgment of AI-generated stimuli (detector, generator, dataset or other study)",
R03444,S2,exclude,"S2 no human real-vs-fake judgment of AI-generated stimuli (detector, generator, dataset or other study)",
R03445,S2,exclude,S2 stimuli are not audio or video (text or still images),
R03446,S2,exclude,"S2 no human real-vs-fake judgment of AI-generated stimuli (detector, generator, dataset or other study)",
R03447,S2,exclude,S2 stimuli are not audio or video (text or still images),
R03448,S1,exclude,"S1: no audio, video or deepfake term in title or abstract",
R03449,S2,exclude,S2 stimuli are not audio or video (text or still images),
R03450,S2,exclude,S2 stimuli are not audio or video (text or still images),
R03451,S2,exclude,"S2 not an empirical study (review, survey of methods, commentary, legal or policy analysis)",
R03452,S2,exclude,"S2 not an empirical study (review, survey of methods, commentary, legal or policy analysis)",
R03453,S1b,exclude,S1b: no human-study term in title or abstract,
R03454,S1b,exclude,S1b: no human-study term in title or abstract,
R03455,S2,exclude,"S2 no human real-vs-fake judgment of AI-generated stimuli (detector, generator, dataset or other study)",
R03456,S2,exclude,"S2 humans rate quality or naturalness only, no real-vs-fake judgment",
R03457,S2,exclude,"S2 no human real-vs-fake judgment of AI-generated stimuli (detector, generator, dataset or other study)",
R03458,S1,exclude,"S1: no audio, video or deepfake term in title or abstract",
R03459,S1b,exclude,S1b: no human-study term in title or abstract,
R03460,S2,exclude,"S2 not an empirical study (review, survey of methods, commentary, legal or policy analysis)",
R03461,S1,exclude,"S1: no audio, video or deepfake term in title or abstract",
R03462,S2,exclude,"S2 no human real-vs-fake judgment of AI-generated stimuli (detector, generator, dataset or other study)",
R03463,S1,exclude,"S1: no audio, video or deepfake term in title or abstract",
R03464,S2,exclude,"S2 no human real-vs-fake judgment of AI-generated stimuli (detector, generator, dataset or other study)",
R03465,S2,exclude,"S2 no human real-vs-fake judgment of AI-generated stimuli (detector, generator, dataset or other study)",
R03466,S2,exclude,"S2 no human real-vs-fake judgment of AI-generated stimuli (detector, generator, dataset or other study)",
R03467,S1,exclude,"S1: no audio, video or deepfake term in title or abstract",
R03468,S1,exclude,"S1: no audio, video or deepfake term in title or abstract",
R03469,S1b,exclude,S1b: no human-study term in title or abstract,
R03470,S2,exclude,"S2 no human real-vs-fake judgment of AI-generated stimuli (detector, generator, dataset or other study)",
R03471,S2,exclude,"S2 no human real-vs-fake judgment of AI-generated stimuli (detector, generator, dataset or other study)",
R03472,S1b,exclude,S1b: no human-study term in title or abstract,
R03473,S1,exclude,"S1: no audio, video or deepfake term in title or abstract",
R03474,S2,exclude,S2 stimuli are not audio or video (text or still images),
R03475,S1b,exclude,S1b: no human-study term in title or abstract,
R03476,S1,exclude,"S1: no audio, video or deepfake term in title or abstract",
R03477,S1,exclude,"S1: no audio, video or deepfake term in title or abstract",
R03478,S2,exclude,"S2 no human real-vs-fake judgment of AI-generated stimuli (detector, generator, dataset or other study)",
R03479,S1,exclude,"S1: no audio, video or deepfake term in title or abstract",
R03480,S2,exclude,"S2 no human real-vs-fake judgment of AI-generated stimuli (detector, generator, dataset or other study)",
R03481,S2,exclude,"S2 no human real-vs-fake judgment of AI-generated stimuli (detector, generator, dataset or other study)",
R03482,S2,exclude,"S2 no human real-vs-fake judgment of AI-generated stimuli (detector, generator, dataset or other study)",
R03483,S1,exclude,"S1: no audio, video or deepfake term in title or abstract",
R03484,S1,exclude,"S1: no audio, video or deepfake term in title or abstract",
R03485,S3,exclude,"E3: Zenodo dataset deposit, not a study report; the data are from the UC1 deepfake-video experiments reported in R02689",full_text
R03486,S2,exclude,S2 stimuli are not audio or video (text or still images),
R03487,S2,exclude,"S2 no human real-vs-fake judgment of AI-generated stimuli (detector, generator, dataset or other study)",
R03488,S1,exclude,"S1: no audio, video or deepfake term in title or abstract",
R03489,S2,exclude,"S2 no human real-vs-fake judgment of AI-generated stimuli (detector, generator, dataset or other study)",
R03490,S1b,exclude,S1b: no human-study term in title or abstract,
R03491,S1b,exclude,S1b: no human-study term in title or abstract,
R03492,S1,exclude,"S1: no audio, video or deepfake term in title or abstract",
R03493,S1,exclude,"S1: no audio, video or deepfake term in title or abstract",
R03494,S1,exclude,"S1: no audio, video or deepfake term in title or abstract",
R03495,S1,exclude,"S1: no audio, video or deepfake term in title or abstract",
R03496,S2,exclude,"S2 no human real-vs-fake judgment of AI-generated stimuli (detector, generator, dataset or other study)",
R03497,S3,include,"Listeners judged 80 stimuli (40 natural, 40 deepfake; dysphonic and control speakers, English/Spanish) as synthetic or human",include
R03498,S2,exclude,"S2 not an empirical study (review, survey of methods, commentary, legal or policy analysis)",
R03499,S2,exclude,"S2 no human real-vs-fake judgment of AI-generated stimuli (detector, generator, dataset or other study)",
R03500,S1,exclude,"S1: no audio, video or deepfake term in title or abstract",
R03501,S2,exclude,S2 stimuli are not audio or video (text or still images),
R03502,S1,exclude,"S1: no audio, video or deepfake term in title or abstract",
R03503,S2,exclude,"S2 no human real-vs-fake judgment of AI-generated stimuli (detector, generator, dataset or other study)",
R03504,S3,include,Subjective listening tests of human ability to distinguish synthetic from real voices (smart-assistant security study),full_text
R03505,S2,exclude,S2 stimuli are not audio or video (text or still images),
R03506,S1b,exclude,S1b: no human-study term in title or abstract,
R03507,S2,exclude,S2 stimuli are not audio or video (text or still images),
R03508,S2,exclude,"S2 no human real-vs-fake judgment of AI-generated stimuli (detector, generator, dataset or other study)",
R03509,S2,exclude,"S2 not an empirical study (review, survey of methods, commentary, legal or policy analysis)",
R03510,S3,exclude,E2: 136 lay participants judged authentic vs AI-generated evidentiary photographs; images only,full_text
R03511,S2,exclude,"S2 not an empirical study (review, survey of methods, commentary, legal or policy analysis)",
R03512,S1,exclude,"S1: no audio, video or deepfake term in title or abstract",
R03513,S2,exclude,S2 stimuli are not audio or video (text or still images),
R03514,S1,exclude,"S1: no audio, video or deepfake term in title or abstract",
R03515,S2,exclude,"S2 no human real-vs-fake judgment of AI-generated stimuli (detector, generator, dataset or other study)",
R03516,S2,exclude,"S2 no human real-vs-fake judgment of AI-generated stimuli (detector, generator, dataset or other study)",
R03517,S2,exclude,"S2 no human real-vs-fake judgment of AI-generated stimuli (detector, generator, dataset or other study)",
R03518,S2,exclude,"S2 not an empirical study (review, survey of methods, commentary, legal or policy analysis)",
R03519,S1,exclude,"S1: no audio, video or deepfake term in title or abstract",
R03520,S1b,exclude,S1b: no human-study term in title or abstract,
R03521,S1b,exclude,S1b: no human-study term in title or abstract,
R03522,S2,exclude,S2 stimuli are not audio or video (text or still images),
R03523,S1,exclude,"S1: no audio, video or deepfake term in title or abstract",
R03524,S1,exclude,"S1: no audio, video or deepfake term in title or abstract",
R03525,S1,exclude,"S1: no audio, video or deepfake term in title or abstract",
R03526,S3,include,Survey N=261 rated perceived authenticity of real vs deepfake political speech videos (US candidates),full_text
R03527,S1,exclude,"S1: no audio, video or deepfake term in title or abstract",
R03528,S2,exclude,"S2 no human real-vs-fake judgment of AI-generated stimuli (detector, generator, dataset or other study)",
R03529,S2,exclude,"S2 not an empirical study (review, survey of methods, commentary, legal or policy analysis)",
R03530,S1,exclude,"S1: no audio, video or deepfake term in title or abstract",
R03531,S2,exclude,"S2 no human real-vs-fake judgment of AI-generated stimuli (detector, generator, dataset or other study)",
R03532,S2,exclude,"S2 no human real-vs-fake judgment of AI-generated stimuli (detector, generator, dataset or other study)",
R03533,S2,exclude,"S2 not an empirical study (review, survey of methods, commentary, legal or policy analysis)",
R03534,S1,exclude,"S1: no audio, video or deepfake term in title or abstract",
R03535,S2,exclude,"S2 no human real-vs-fake judgment of AI-generated stimuli (detector, generator, dataset or other study)",
R03536,S1,exclude,"S1: no audio, video or deepfake term in title or abstract",
R03537,S1,exclude,"S1: no audio, video or deepfake term in title or abstract",
R03538,S1,exclude,"S1: no audio, video or deepfake term in title or abstract",
R03539,S2,exclude,S2 stimuli are not audio or video (text or still images),
R03540,S1,exclude,"S1: no audio, video or deepfake term in title or abstract",
R03541,S1,exclude,"S1: no audio, video or deepfake term in title or abstract",
R03542,S2,exclude,S2 stimuli are not audio or video (text or still images),
R03543,S1,exclude,"S1: no audio, video or deepfake term in title or abstract",
R03544,S2,exclude,"S2 no human real-vs-fake judgment of AI-generated stimuli (detector, generator, dataset or other study)",
R03545,S2,exclude,"S2 no human real-vs-fake judgment of AI-generated stimuli (detector, generator, dataset or other study)",
R03546,S1,exclude,"S1: no audio, video or deepfake term in title or abstract",
R03547,S2,exclude,"S2 not an empirical study (review, survey of methods, commentary, legal or policy analysis)",
R03548,S1,exclude,"S1: no audio, video or deepfake term in title or abstract",
R03549,S2,exclude,"S2 no human real-vs-fake judgment of AI-generated stimuli (detector, generator, dataset or other study)",
R03550,S1,exclude,"S1: no audio, video or deepfake term in title or abstract",
R03551,S2,exclude,"S2 no human real-vs-fake judgment of AI-generated stimuli (detector, generator, dataset or other study)",
R03552,S1b,exclude,S1b: no human-study term in title or abstract,
R03553,S2,exclude,"S2 not an empirical study (review, survey of methods, commentary, legal or policy analysis)",
R03554,S1,exclude,"S1: no audio, video or deepfake term in title or abstract",
R03555,S2,exclude,"S2 not an empirical study (review, survey of methods, commentary, legal or policy analysis)",
R03556,S1b,exclude,S1b: no human-study term in title or abstract,
R03557,S1,exclude,"S1: no audio, video or deepfake term in title or abstract",
R03558,S1,exclude,"S1: no audio, video or deepfake term in title or abstract",
R03559,S2,exclude,"S2 no human real-vs-fake judgment of AI-generated stimuli (detector, generator, dataset or other study)",
R03560,S1,exclude,"S1: no audio, video or deepfake term in title or abstract",
R03561,S2,exclude,"S2 not an empirical study (review, survey of methods, commentary, legal or policy analysis)",
R03562,S1b,exclude,S1b: no human-study term in title or abstract,
R03563,S2,exclude,"S2 no human real-vs-fake judgment of AI-generated stimuli (detector, generator, dataset or other study)",
R03564,S1,exclude,"S1: no audio, video or deepfake term in title or abstract",
R03565,S1b,exclude,S1b: no human-study term in title or abstract,
R03566,S2,exclude,"S2 no human real-vs-fake judgment of AI-generated stimuli (detector, generator, dataset or other study)",
R03567,S1,exclude,"S1: no audio, video or deepfake term in title or abstract",
R03568,S2,exclude,"S2 not an empirical study (review, survey of methods, commentary, legal or policy analysis)",
R03569,S1,exclude,"S1: no audio, video or deepfake term in title or abstract",
R03570,S2,exclude,"S2 not an empirical study (review, survey of methods, commentary, legal or policy analysis)",
R03571,S1,exclude,"S1: no audio, video or deepfake term in title or abstract",
R03572,S2,exclude,"S2 no human real-vs-fake judgment of AI-generated stimuli (detector, generator, dataset or other study)",
R03573,S1,exclude,"S1: no audio, video or deepfake term in title or abstract",
R03574,S2,exclude,"S2 no human real-vs-fake judgment of AI-generated stimuli (detector, generator, dataset or other study)",
R03575,S1,exclude,"S1: no audio, video or deepfake term in title or abstract",
R03576,S2,exclude,"S2 no human real-vs-fake judgment of AI-generated stimuli (detector, generator, dataset or other study)",
R03577,S2,exclude,"S2 no human real-vs-fake judgment of AI-generated stimuli (detector, generator, dataset or other study)",
R03578,S2,exclude,"S2 no human real-vs-fake judgment of AI-generated stimuli (detector, generator, dataset or other study)",
R03579,S2,exclude,"S2 no human real-vs-fake judgment of AI-generated stimuli (detector, generator, dataset or other study)",
R03580,S2,exclude,"S2 no human real-vs-fake judgment of AI-generated stimuli (detector, generator, dataset or other study)",
R03581,S2,exclude,"S2 not an empirical study (review, survey of methods, commentary, legal or policy analysis)",
R03582,S1,exclude,"S1: no audio, video or deepfake term in title or abstract",
R03583,S1b,exclude,S1b: no human-study term in title or abstract,
R03584,S1b,exclude,S1b: no human-study term in title or abstract,
R03585,S1,exclude,"S1: no audio, video or deepfake term in title or abstract",
R03586,S2,exclude,"S2 no human real-vs-fake judgment of AI-generated stimuli (detector, generator, dataset or other study)",
R03587,S2,exclude,"S2 no human real-vs-fake judgment of AI-generated stimuli (detector, generator, dataset or other study)",
R03588,S1,exclude,"S1: no audio, video or deepfake term in title or abstract",
R03589,S2,exclude,"S2 no human real-vs-fake judgment of AI-generated stimuli (detector, generator, dataset or other study)",
R03590,S2,exclude,"S2 not an empirical study (review, survey of methods, commentary, legal or policy analysis)",
R03591,S2,exclude,"S2 no human real-vs-fake judgment of AI-generated stimuli (detector, generator, dataset or other study)",
R03592,S1,exclude,"S1: no audio, video or deepfake term in title or abstract",
R03593,S1,exclude,"S1: no audio, video or deepfake term in title or abstract",
R03594,S1,exclude,"S1: no audio, video or deepfake term in title or abstract",
R03595,S2,exclude,"S2 not an empirical study (review, survey of methods, commentary, legal or policy analysis)",
R03596,S2,exclude,"S2 not an empirical study (review, survey of methods, commentary, legal or policy analysis)",
R03597,S1b,exclude,S1b: no human-study term in title or abstract,
R03598,S2,exclude,"S2 not an empirical study (review, survey of methods, commentary, legal or policy analysis)",
R03599,S1,exclude,"S1: no audio, video or deepfake term in title or abstract",
R03600,S2,exclude,"S2 not an empirical study (review, survey of methods, commentary, legal or policy analysis)",
R03601,S2,exclude,S2 stimuli are not audio or video (text or still images),
R03602,S2,exclude,"S2 not an empirical study (review, survey of methods, commentary, legal or policy analysis)",
R03603,S1b,exclude,S1b: no human-study term in title or abstract,
R03604,S2,exclude,S2 stimuli are not audio or video (text or still images),
R03605,S3,include,35 participants classified 40 real and AI-cloned voice recordings as real or synthesized,include
R03606,S2,exclude,S2 stimuli are not audio or video (text or still images),
R03607,S1b,exclude,S1b: no human-study term in title or abstract,
R03608,S1,exclude,"S1: no audio, video or deepfake term in title or abstract",
R03609,S1,exclude,"S1: no audio, video or deepfake term in title or abstract",
R03610,S2,exclude,"S2 no human real-vs-fake judgment of AI-generated stimuli (detector, generator, dataset or other study)",
R03611,S1,exclude,"S1: no audio, video or deepfake term in title or abstract",
R03612,S1,exclude,"S1: no audio, video or deepfake term in title or abstract",
R03613,S1,exclude,"S1: no audio, video or deepfake term in title or abstract",
R03614,S2,exclude,S2 stimuli are not audio or video (text or still images),
R03615,S2,exclude,"S2 no human real-vs-fake judgment of AI-generated stimuli (detector, generator, dataset or other study)",
R03616,S2,exclude,"S2 not an empirical study (review, survey of methods, commentary, legal or policy analysis)",
R03617,S1,exclude,"S1: no audio, video or deepfake term in title or abstract",
R03618,S1,exclude,"S1: no audio, video or deepfake term in title or abstract",
R03619,S1,exclude,"S1: no audio, video or deepfake term in title or abstract",
R03620,S1,exclude,"S1: no audio, video or deepfake term in title or abstract",
R03621,S1,exclude,"S1: no audio, video or deepfake term in title or abstract",
R03622,S2,exclude,S2 stimuli are not audio or video (text or still images),
R03623,S1b,exclude,S1b: no human-study term in title or abstract,
R03624,S2,exclude,"S2 no human real-vs-fake judgment of AI-generated stimuli (detector, generator, dataset or other study)",
R03625,S1b,exclude,S1b: no human-study term in title or abstract,
R03626,S2,exclude,"S2 no human real-vs-fake judgment of AI-generated stimuli (detector, generator, dataset or other study)",
R03627,S2,exclude,S2 stimuli are not audio or video (text or still images),
R03628,S2,exclude,"S2 no human real-vs-fake judgment of AI-generated stimuli (detector, generator, dataset or other study)",
R03629,S1b,exclude,S1b: no human-study term in title or abstract,
R03630,S1,exclude,"S1: no audio, video or deepfake term in title or abstract",
R03631,S1b,exclude,S1b: no human-study term in title or abstract,
R03632,S2,exclude,"S2 no human real-vs-fake judgment of AI-generated stimuli (detector, generator, dataset or other study)",
R03633,S2,exclude,"S2 no human real-vs-fake judgment of AI-generated stimuli (detector, generator, dataset or other study)",
R03634,S2,exclude,"S2 no human real-vs-fake judgment of AI-generated stimuli (detector, generator, dataset or other study)",
R03635,S1,exclude,"S1: no audio, video or deepfake term in title or abstract",
R03636,S2,exclude,"S2 no human real-vs-fake judgment of AI-generated stimuli (detector, generator, dataset or other study)",
R03637,S1b,exclude,S1b: no human-study term in title or abstract,
R03638,S2,exclude,"S2 no human real-vs-fake judgment of AI-generated stimuli (detector, generator, dataset or other study)",
R03639,S2,exclude,"S2 no human real-vs-fake judgment of AI-generated stimuli (detector, generator, dataset or other study)",
R03640,S2,exclude,"S2 no human real-vs-fake judgment of AI-generated stimuli (detector, generator, dataset or other study)",
R03641,S2,exclude,"S2 no human real-vs-fake judgment of AI-generated stimuli (detector, generator, dataset or other study)",
R03642,S2,exclude,"S2 no human real-vs-fake judgment of AI-generated stimuli (detector, generator, dataset or other study)",
R03643,S1b,exclude,S1b: no human-study term in title or abstract,
R03644,S1,exclude,"S1: no audio, video or deepfake term in title or abstract",
R03645,S2,exclude,"S2 no human real-vs-fake judgment of AI-generated stimuli (detector, generator, dataset or other study)",
R03646,S1,exclude,"S1: no audio, video or deepfake term in title or abstract",
R03647,S1,exclude,"S1: no audio, video or deepfake term in title or abstract",
R03648,S1,exclude,"S1: no audio, video or deepfake term in title or abstract",
R03649,S2,exclude,"S2 humans rate quality or naturalness only, no real-vs-fake judgment",
R03650,S1,exclude,"S1: no audio, video or deepfake term in title or abstract",
R03651,S2,exclude,"S2 humans rate quality or naturalness only, no real-vs-fake judgment",
R03652,S1,exclude,"S1: no audio, video or deepfake term in title or abstract",
R03653,S2,exclude,"S2 no human real-vs-fake judgment of AI-generated stimuli (detector, generator, dataset or other study)",
R03654,S1,exclude,"S1: no audio, video or deepfake term in title or abstract",
R03655,S1,exclude,"S1: no audio, video or deepfake term in title or abstract",
R03656,S1,exclude,"S1: no audio, video or deepfake term in title or abstract",
R03657,S1,exclude,"S1: no audio, video or deepfake term in title or abstract",
R03658,S3,exclude,"E2: 1,804 survey participants judged real vs fabricated news events with authentic or synthetic images",full_text
R03659,S1,exclude,"S1: no audio, video or deepfake term in title or abstract",
R03660,S2,exclude,"S2 no human real-vs-fake judgment of AI-generated stimuli (detector, generator, dataset or other study)",
R03661,S1,exclude,"S1: no audio, video or deepfake term in title or abstract",
R03662,S1,exclude,"S1: no audio, video or deepfake term in title or abstract",
R03663,S2,exclude,"S2 no human real-vs-fake judgment of AI-generated stimuli (detector, generator, dataset or other study)",
R03664,S2,exclude,"S2 no human real-vs-fake judgment of AI-generated stimuli (detector, generator, dataset or other study)",
R03665,S2,exclude,"S2 no human real-vs-fake judgment of AI-generated stimuli (detector, generator, dataset or other study)",
R03666,S2,exclude,"S2 no human real-vs-fake judgment of AI-generated stimuli (detector, generator, dataset or other study)",
R03667,S1,exclude,"S1: no audio, video or deepfake term in title or abstract",
R03668,S1b,exclude,S1b: no human-study term in title or abstract,
R03669,S1b,exclude,S1b: no human-study term in title or abstract,
R03670,S1b,exclude,S1b: no human-study term in title or abstract,
R03671,S2,exclude,"S2 no human real-vs-fake judgment of AI-generated stimuli (detector, generator, dataset or other study)",
R03672,S2,exclude,"S2 no human real-vs-fake judgment of AI-generated stimuli (detector, generator, dataset or other study)",
R03673,S2,exclude,"S2 no human real-vs-fake judgment of AI-generated stimuli (detector, generator, dataset or other study)",
R03674,S2,exclude,"S2 no human real-vs-fake judgment of AI-generated stimuli (detector, generator, dataset or other study)",
R03675,S2,exclude,"S2 no human real-vs-fake judgment of AI-generated stimuli (detector, generator, dataset or other study)",
R03676,S2,exclude,"S2 no human real-vs-fake judgment of AI-generated stimuli (detector, generator, dataset or other study)",
R03677,S2,exclude,"S2 no human real-vs-fake judgment of AI-generated stimuli (detector, generator, dataset or other study)",
R03678,S2,exclude,"S2 no human real-vs-fake judgment of AI-generated stimuli (detector, generator, dataset or other study)",
R03679,S1,exclude,"S1: no audio, video or deepfake term in title or abstract",
R03680,S1,exclude,"S1: no audio, video or deepfake term in title or abstract",
R03681,S2,exclude,"S2 no human real-vs-fake judgment of AI-generated stimuli (detector, generator, dataset or other study)",
R03682,S1,exclude,"S1: no audio, video or deepfake term in title or abstract",
R03683,S1,exclude,"S1: no audio, video or deepfake term in title or abstract",
R03684,S2,exclude,"S2 no human real-vs-fake judgment of AI-generated stimuli (detector, generator, dataset or other study)",
R03685,S1,exclude,"S1: no audio, video or deepfake term in title or abstract",
R03686,S1,exclude,"S1: no audio, video or deepfake term in title or abstract",
R03687,S1,exclude,"S1: no audio, video or deepfake term in title or abstract",
R03688,S2,exclude,"S2 no human real-vs-fake judgment of AI-generated stimuli (detector, generator, dataset or other study)",
R03689,S1,exclude,"S1: no audio, video or deepfake term in title or abstract",
R03690,S1,exclude,"S1: no audio, video or deepfake term in title or abstract",
R03691,S2,exclude,"S2 no human real-vs-fake judgment of AI-generated stimuli (detector, generator, dataset or other study)",
R03692,S2,exclude,"S2 no human real-vs-fake judgment of AI-generated stimuli (detector, generator, dataset or other study)",
R03693,S1,exclude,"S1: no audio, video or deepfake term in title or abstract",
R03694,S1,exclude,"S1: no audio, video or deepfake term in title or abstract",
R03695,S1,exclude,"S1: no audio, video or deepfake term in title or abstract",
R03696,S2,exclude,"S2 no human real-vs-fake judgment of AI-generated stimuli (detector, generator, dataset or other study)",
R03697,S2,exclude,"S2 no human real-vs-fake judgment of AI-generated stimuli (detector, generator, dataset or other study)",
R03698,S2,exclude,"S2 no human real-vs-fake judgment of AI-generated stimuli (detector, generator, dataset or other study)",
R03699,S1,exclude,"S1: no audio, video or deepfake term in title or abstract",
R03700,S2,exclude,"S2 not an empirical study (review, survey of methods, commentary, legal or policy analysis)",
R03701,S2,exclude,"S2 no human real-vs-fake judgment of AI-generated stimuli (detector, generator, dataset or other study)",
R03702,S2,exclude,"S2 no human real-vs-fake judgment of AI-generated stimuli (detector, generator, dataset or other study)",
R03703,S2,exclude,"S2 no human real-vs-fake judgment of AI-generated stimuli (detector, generator, dataset or other study)",
R03704,S2,exclude,"S2 no human real-vs-fake judgment of AI-generated stimuli (detector, generator, dataset or other study)",
R03705,S1b,exclude,S1b: no human-study term in title or abstract,
R03706,S1,exclude,"S1: no audio, video or deepfake term in title or abstract",
R03707,S2,exclude,"S2 not an empirical study (review, survey of methods, commentary, legal or policy analysis)",
R03708,S1,exclude,"S1: no audio, video or deepfake term in title or abstract",
R03709,S2,exclude,"S2 no human real-vs-fake judgment of AI-generated stimuli (detector, generator, dataset or other study)",
R03710,S2,exclude,"S2 no human real-vs-fake judgment of AI-generated stimuli (detector, generator, dataset or other study)",
R03711,S1,exclude,"S1: no audio, video or deepfake term in title or abstract",
R03712,S1,exclude,"S1: no audio, video or deepfake term in title or abstract",
R03713,S1,exclude,"S1: no audio, video or deepfake term in title or abstract",
R03714,S2,exclude,"S2 no human real-vs-fake judgment of AI-generated stimuli (detector, generator, dataset or other study)",
R03715,S1,exclude,"S1: no audio, video or deepfake term in title or abstract",
R03716,S2,exclude,"S2 no human real-vs-fake judgment of AI-generated stimuli (detector, generator, dataset or other study)",
R03717,S2,exclude,"S2 no human real-vs-fake judgment of AI-generated stimuli (detector, generator, dataset or other study)",
R03718,S1b,exclude,S1b: no human-study term in title or abstract,
R03719,S2,exclude,"S2 no human real-vs-fake judgment of AI-generated stimuli (detector, generator, dataset or other study)",
R03720,S1b,exclude,S1b: no human-study term in title or abstract,
R03721,S1,exclude,"S1: no audio, video or deepfake term in title or abstract",
R03722,S2,exclude,"S2 no human real-vs-fake judgment of AI-generated stimuli (detector, generator, dataset or other study)",
R03723,S1,exclude,"S1: no audio, video or deepfake term in title or abstract",
R03724,S1,exclude,"S1: no audio, video or deepfake term in title or abstract",
R03725,S2,exclude,"S2 no human real-vs-fake judgment of AI-generated stimuli (detector, generator, dataset or other study)",
R03726,S1,exclude,"S1: no audio, video or deepfake term in title or abstract",
R03727,S1,exclude,"S1: no audio, video or deepfake term in title or abstract",
R03728,S2,exclude,"S2 no human real-vs-fake judgment of AI-generated stimuli (detector, generator, dataset or other study)",
R03729,S1,exclude,"S1: no audio, video or deepfake term in title or abstract",
R03730,S2,exclude,"S2 no human real-vs-fake judgment of AI-generated stimuli (detector, generator, dataset or other study)",
R03731,S1b,exclude,S1b: no human-study term in title or abstract,
R03732,S2,exclude,"S2 no human real-vs-fake judgment of AI-generated stimuli (detector, generator, dataset or other study)",
R03733,S3,exclude,E3: OSF study protocol (illusion task + AI video detection); no results reported,full_text
R03734,S1b,exclude,S1b: no human-study term in title or abstract,
R03735,S1,exclude,"S1: no audio, video or deepfake term in title or abstract",
R03736,S1,exclude,"S1: no audio, video or deepfake term in title or abstract",
R03737,S2,exclude,"S2 no human real-vs-fake judgment of AI-generated stimuli (detector, generator, dataset or other study)",
R03738,S1b,exclude,S1b: no human-study term in title or abstract,
R03739,S1b,exclude,S1b: no human-study term in title or abstract,
R03740,S1,exclude,"S1: no audio, video or deepfake term in title or abstract",
R03741,S1,exclude,"S1: no audio, video or deepfake term in title or abstract",
R03742,S2,exclude,"S2 no human real-vs-fake judgment of AI-generated stimuli (detector, generator, dataset or other study)",
R03743,S2,exclude,"S2 no human real-vs-fake judgment of AI-generated stimuli (detector, generator, dataset or other study)",
R03744,S2,exclude,"S2 no human real-vs-fake judgment of AI-generated stimuli (detector, generator, dataset or other study)",
R03745,S2,exclude,"S2 no human real-vs-fake judgment of AI-generated stimuli (detector, generator, dataset or other study)",
R03746,S1,exclude,"S1: no audio, video or deepfake term in title or abstract",
R03747,S2,exclude,"S2 no human real-vs-fake judgment of AI-generated stimuli (detector, generator, dataset or other study)",
R03748,S1,exclude,"S1: no audio, video or deepfake term in title or abstract",
R03749,S2,exclude,"S2 no human real-vs-fake judgment of AI-generated stimuli (detector, generator, dataset or other study)",
R03750,S1,exclude,"S1: no audio, video or deepfake term in title or abstract",
R03751,S2,exclude,"S2 no human real-vs-fake judgment of AI-generated stimuli (detector, generator, dataset or other study)",
R03752,S2,exclude,"S2 no human real-vs-fake judgment of AI-generated stimuli (detector, generator, dataset or other study)",
R03753,S2,exclude,"S2 no human real-vs-fake judgment of AI-generated stimuli (detector, generator, dataset or other study)",
R03754,S2,exclude,"S2 no human real-vs-fake judgment of AI-generated stimuli (detector, generator, dataset or other study)",
R03755,S2,exclude,"S2 no human real-vs-fake judgment of AI-generated stimuli (detector, generator, dataset or other study)",
R03756,S1,exclude,"S1: no audio, video or deepfake term in title or abstract",
R03757,S1,exclude,"S1: no audio, video or deepfake term in title or abstract",
R03758,S2,exclude,"S2 no human real-vs-fake judgment of AI-generated stimuli (detector, generator, dataset or other study)",
R03759,S1,exclude,"S1: no audio, video or deepfake term in title or abstract",
R03760,S1,exclude,"S1: no audio, video or deepfake term in title or abstract",
R03761,S1,exclude,"S1: no audio, video or deepfake term in title or abstract",
R03762,S1,exclude,"S1: no audio, video or deepfake term in title or abstract",
R03763,S1b,exclude,S1b: no human-study term in title or abstract,
R03764,S2,exclude,"S2 no human real-vs-fake judgment of AI-generated stimuli (detector, generator, dataset or other study)",
R03765,S1,exclude,"S1: no audio, video or deepfake term in title or abstract",
R03766,S2,exclude,"S2 no human real-vs-fake judgment of AI-generated stimuli (detector, generator, dataset or other study)",
R03767,S1,exclude,"S1: no audio, video or deepfake term in title or abstract",
R03768,S1b,exclude,S1b: no human-study term in title or abstract,
R03769,S3,exclude,E3: OSF preregistration only (MimicBuddy); no results reported,full_text
R03770,S2,exclude,"S2 no human real-vs-fake judgment of AI-generated stimuli (detector, generator, dataset or other study)",
R03771,S2,exclude,"S2 no human real-vs-fake judgment of AI-generated stimuli (detector, generator, dataset or other study)",
R03772,S2,exclude,"S2 no human real-vs-fake judgment of AI-generated stimuli (detector, generator, dataset or other study)",
R03773,S2,exclude,"S2 no human real-vs-fake judgment of AI-generated stimuli (detector, generator, dataset or other study)",
R03774,S1,exclude,"S1: no audio, video or deepfake term in title or abstract",
R03775,S1,exclude,"S1: no audio, video or deepfake term in title or abstract",
R03776,S1,exclude,"S1: no audio, video or deepfake term in title or abstract",
R03777,S2,exclude,"S2 no human real-vs-fake judgment of AI-generated stimuli (detector, generator, dataset or other study)",
R03778,S1,exclude,"S1: no audio, video or deepfake term in title or abstract",
R03779,S2,exclude,"S2 no human real-vs-fake judgment of AI-generated stimuli (detector, generator, dataset or other study)",
R03780,S2,exclude,"S2 no human real-vs-fake judgment of AI-generated stimuli (detector, generator, dataset or other study)",
R03781,S2,exclude,"S2 no human real-vs-fake judgment of AI-generated stimuli (detector, generator, dataset or other study)",
R03782,S2,exclude,"S2 no human real-vs-fake judgment of AI-generated stimuli (detector, generator, dataset or other study)",
R03783,S1,exclude,"S1: no audio, video or deepfake term in title or abstract",
R03784,S2,exclude,"S2 no human real-vs-fake judgment of AI-generated stimuli (detector, generator, dataset or other study)",
R03785,S2,exclude,"S2 no human real-vs-fake judgment of AI-generated stimuli (detector, generator, dataset or other study)",
R03786,S1b,exclude,S1b: no human-study term in title or abstract,
R03787,S1,exclude,"S1: no audio, video or deepfake term in title or abstract",
R03788,S2,exclude,"S2 no human real-vs-fake judgment of AI-generated stimuli (detector, generator, dataset or other study)",
R03789,S1,exclude,"S1: no audio, video or deepfake term in title or abstract",
R03790,S1,exclude,"S1: no audio, video or deepfake term in title or abstract",
R03791,S2,exclude,"S2 no human real-vs-fake judgment of AI-generated stimuli (detector, generator, dataset or other study)",
R03792,S1,exclude,"S1: no audio, video or deepfake term in title or abstract",
R03793,S2,exclude,"S2 no human real-vs-fake judgment of AI-generated stimuli (detector, generator, dataset or other study)",
R03794,S1b,exclude,S1b: no human-study term in title or abstract,
R03795,S1,exclude,"S1: no audio, video or deepfake term in title or abstract",
R03796,S1,exclude,"S1: no audio, video or deepfake term in title or abstract",
R03797,S2,exclude,"S2 not an empirical study (review, survey of methods, commentary, legal or policy analysis)",
R03798,S2,exclude,"S2 no human real-vs-fake judgment of AI-generated stimuli (detector, generator, dataset or other study)",
R03799,S2,exclude,"S2 no human real-vs-fake judgment of AI-generated stimuli (detector, generator, dataset or other study)",
R03800,S1,exclude,"S1: no audio, video or deepfake term in title or abstract",
R03801,S1,exclude,"S1: no audio, video or deepfake term in title or abstract",
R03802,S2,exclude,"S2 no human real-vs-fake judgment of AI-generated stimuli (detector, generator, dataset or other study)",
R03803,S1,exclude,"S1: no audio, video or deepfake term in title or abstract",
R03804,S1,exclude,"S1: no audio, video or deepfake term in title or abstract",
R03805,S2,exclude,"S2 no human real-vs-fake judgment of AI-generated stimuli (detector, generator, dataset or other study)",
R03806,S2,exclude,"S2 no human real-vs-fake judgment of AI-generated stimuli (detector, generator, dataset or other study)",
R03807,S2,exclude,"S2 no human real-vs-fake judgment of AI-generated stimuli (detector, generator, dataset or other study)",
R03808,S2,exclude,"S2 no human real-vs-fake judgment of AI-generated stimuli (detector, generator, dataset or other study)",
R03809,S1b,exclude,S1b: no human-study term in title or abstract,
R03810,S1b,exclude,S1b: no human-study term in title or abstract,
R03811,S2,exclude,"S2 not an empirical study (review, survey of methods, commentary, legal or policy analysis)",
R03812,S2,exclude,"S2 no human real-vs-fake judgment of AI-generated stimuli (detector, generator, dataset or other study)",
R03813,S1,exclude,"S1: no audio, video or deepfake term in title or abstract",
R03814,S1,exclude,"S1: no audio, video or deepfake term in title or abstract",
R03815,S1,exclude,"S1: no audio, video or deepfake term in title or abstract",
R03816,S1,exclude,"S1: no audio, video or deepfake term in title or abstract",
R03817,S2,exclude,"S2 no human real-vs-fake judgment of AI-generated stimuli (detector, generator, dataset or other study)",
R03818,S1b,exclude,S1b: no human-study term in title or abstract,
R03819,S1,exclude,"S1: no audio, video or deepfake term in title or abstract",
R03820,S2,exclude,"S2 no human real-vs-fake judgment of AI-generated stimuli (detector, generator, dataset or other study)",
R03821,S1,exclude,"S1: no audio, video or deepfake term in title or abstract",
R03822,S1,exclude,"S1: no audio, video or deepfake term in title or abstract",
R03823,S2,exclude,"S2 no human real-vs-fake judgment of AI-generated stimuli (detector, generator, dataset or other study)",
R03824,S1b,exclude,S1b: no human-study term in title or abstract,
R03825,S2,exclude,"S2 no human real-vs-fake judgment of AI-generated stimuli (detector, generator, dataset or other study)",
R03826,S2,exclude,"S2 no human real-vs-fake judgment of AI-generated stimuli (detector, generator, dataset or other study)",
R03827,S1,exclude,"S1: no audio, video or deepfake term in title or abstract",
R03828,S2,exclude,"S2 no human real-vs-fake judgment of AI-generated stimuli (detector, generator, dataset or other study)",
R03829,S2,exclude,"S2 no human real-vs-fake judgment of AI-generated stimuli (detector, generator, dataset or other study)",
R03830,S2,exclude,"S2 no human real-vs-fake judgment of AI-generated stimuli (detector, generator, dataset or other study)",
R03831,S1b,exclude,S1b: no human-study term in title or abstract,
R03832,S2,exclude,"S2 no human real-vs-fake judgment of AI-generated stimuli (detector, generator, dataset or other study)",
R03833,S1b,exclude,S1b: no human-study term in title or abstract,
R03834,S2,exclude,"S2 no human real-vs-fake judgment of AI-generated stimuli (detector, generator, dataset or other study)",
R03835,S1b,exclude,S1b: no human-study term in title or abstract,
R03836,S1,exclude,"S1: no audio, video or deepfake term in title or abstract",
R03837,S1,exclude,"S1: no audio, video or deepfake term in title or abstract",
R03838,S2,exclude,"S2 no human real-vs-fake judgment of AI-generated stimuli (detector, generator, dataset or other study)",
R03839,S1,exclude,"S1: no audio, video or deepfake term in title or abstract",
R03840,S2,exclude,"S2 no human real-vs-fake judgment of AI-generated stimuli (detector, generator, dataset or other study)",
R03841,S1b,exclude,S1b: no human-study term in title or abstract,
R03842,S1,exclude,"S1: no audio, video or deepfake term in title or abstract",
R03843,S2,exclude,"S2 no human real-vs-fake judgment of AI-generated stimuli (detector, generator, dataset or other study)",
R03844,S1,exclude,"S1: no audio, video or deepfake term in title or abstract",
R03845,S2,exclude,"S2 no human real-vs-fake judgment of AI-generated stimuli (detector, generator, dataset or other study)",
R03846,S1b,exclude,S1b: no human-study term in title or abstract,
R03847,S1,exclude,"S1: no audio, video or deepfake term in title or abstract",
R03848,S1,exclude,"S1: no audio, video or deepfake term in title or abstract",
R03849,S1,exclude,"S1: no audio, video or deepfake term in title or abstract",
R03850,S3,exclude,E4: EEG responses to real vs fake audio; no behavioral real/fake judgment reported,full_text
R03851,S1,exclude,"S1: no audio, video or deepfake term in title or abstract",
R03852,S1,exclude,"S1: no audio, video or deepfake term in title or abstract",
R03853,S1,exclude,"S1: no audio, video or deepfake term in title or abstract",
R03854,S1,exclude,"S1: no audio, video or deepfake term in title or abstract",
R03855,S2,exclude,"S2 no human real-vs-fake judgment of AI-generated stimuli (detector, generator, dataset or other study)",
R03856,S1,exclude,"S1: no audio, video or deepfake term in title or abstract",
R03857,S1,exclude,"S1: no audio, video or deepfake term in title or abstract",
R03858,S2,exclude,"S2 no human real-vs-fake judgment of AI-generated stimuli (detector, generator, dataset or other study)",
R03859,S2,exclude,"S2 no human real-vs-fake judgment of AI-generated stimuli (detector, generator, dataset or other study)",
R03860,S1,exclude,"S1: no audio, video or deepfake term in title or abstract",
R03861,S2,exclude,"S2 no human real-vs-fake judgment of AI-generated stimuli (detector, generator, dataset or other study)",
R03862,S1b,exclude,S1b: no human-study term in title or abstract,
R03863,S1,exclude,"S1: no audio, video or deepfake term in title or abstract",
R03864,S1,exclude,"S1: no audio, video or deepfake term in title or abstract",
R03865,S1,exclude,"S1: no audio, video or deepfake term in title or abstract",
R03866,S1b,exclude,S1b: no human-study term in title or abstract,
R03867,S1,exclude,"S1: no audio, video or deepfake term in title or abstract",
R03868,S2,exclude,"S2 no human real-vs-fake judgment of AI-generated stimuli (detector, generator, dataset or other study)",
R03869,S2,exclude,"S2 no human real-vs-fake judgment of AI-generated stimuli (detector, generator, dataset or other study)",
R03870,S1b,exclude,S1b: no human-study term in title or abstract,
R03871,S2,exclude,"S2 no human real-vs-fake judgment of AI-generated stimuli (detector, generator, dataset or other study)",
R03872,S2,exclude,"S2 no human real-vs-fake judgment of AI-generated stimuli (detector, generator, dataset or other study)",
R03873,S1,exclude,"S1: no audio, video or deepfake term in title or abstract",
R03874,S1,exclude,"S1: no audio, video or deepfake term in title or abstract",
R03875,S2,exclude,"S2 no human real-vs-fake judgment of AI-generated stimuli (detector, generator, dataset or other study)",
R03876,S2,exclude,"S2 no human real-vs-fake judgment of AI-generated stimuli (detector, generator, dataset or other study)",
R03877,S1,exclude,"S1: no audio, video or deepfake term in title or abstract",
R03878,S2,exclude,"S2 no human real-vs-fake judgment of AI-generated stimuli (detector, generator, dataset or other study)",
R03879,S1,exclude,"S1: no audio, video or deepfake term in title or abstract",
R03880,S1,exclude,"S1: no audio, video or deepfake term in title or abstract",
R03881,S2,exclude,"S2 no human real-vs-fake judgment of AI-generated stimuli (detector, generator, dataset or other study)",
R03882,S2,exclude,"S2 no human real-vs-fake judgment of AI-generated stimuli (detector, generator, dataset or other study)",
R03883,S1,exclude,"S1: no audio, video or deepfake term in title or abstract",
R03884,S1,exclude,"S1: no audio, video or deepfake term in title or abstract",
R03885,S2,exclude,"S2 no human real-vs-fake judgment of AI-generated stimuli (detector, generator, dataset or other study)",
R03886,S2,exclude,"S2 no human real-vs-fake judgment of AI-generated stimuli (detector, generator, dataset or other study)",
R03887,S1b,exclude,S1b: no human-study term in title or abstract,
R03888,S2,exclude,"S2 no human real-vs-fake judgment of AI-generated stimuli (detector, generator, dataset or other study)",
R03889,S1,exclude,"S1: no audio, video or deepfake term in title or abstract",
R03890,S1,exclude,"S1: no audio, video or deepfake term in title or abstract",
R03891,S2,exclude,"S2 no human real-vs-fake judgment of AI-generated stimuli (detector, generator, dataset or other study)",
R03892,S2,exclude,"S2 no human real-vs-fake judgment of AI-generated stimuli (detector, generator, dataset or other study)",
R03893,S1b,exclude,S1b: no human-study term in title or abstract,
R03894,S2,exclude,"S2 no human real-vs-fake judgment of AI-generated stimuli (detector, generator, dataset or other study)",
R03895,S2,exclude,"S2 no human real-vs-fake judgment of AI-generated stimuli (detector, generator, dataset or other study)",
R03896,S1b,exclude,S1b: no human-study term in title or abstract,
R03897,S2,exclude,"S2 no human real-vs-fake judgment of AI-generated stimuli (detector, generator, dataset or other study)",
R03898,S2,exclude,"S2 no human real-vs-fake judgment of AI-generated stimuli (detector, generator, dataset or other study)",
R03899,S1b,exclude,S1b: no human-study term in title or abstract,
R03900,S1,exclude,"S1: no audio, video or deepfake term in title or abstract",
R03901,S1,exclude,"S1: no audio, video or deepfake term in title or abstract",
R03902,S2,exclude,"S2 no human real-vs-fake judgment of AI-generated stimuli (detector, generator, dataset or other study)",
R03903,S1b,exclude,S1b: no human-study term in title or abstract,
R03904,S2,exclude,"S2 no human real-vs-fake judgment of AI-generated stimuli (detector, generator, dataset or other study)",
R03905,S1,exclude,"S1: no audio, video or deepfake term in title or abstract",
R03906,S1,exclude,"S1: no audio, video or deepfake term in title or abstract",
R03907,S2,exclude,"S2 no human real-vs-fake judgment of AI-generated stimuli (detector, generator, dataset or other study)",
R03908,S1,exclude,"S1: no audio, video or deepfake term in title or abstract",
R03909,S1,exclude,"S1: no audio, video or deepfake term in title or abstract",
R03910,S2,exclude,"S2 no human real-vs-fake judgment of AI-generated stimuli (detector, generator, dataset or other study)",
R03911,S1,exclude,"S1: no audio, video or deepfake term in title or abstract",
R03912,S1,exclude,"S1: no audio, video or deepfake term in title or abstract",
R03913,S2,exclude,"S2 no human real-vs-fake judgment of AI-generated stimuli (detector, generator, dataset or other study)",
R03914,S2,exclude,"S2 no human real-vs-fake judgment of AI-generated stimuli (detector, generator, dataset or other study)",
R03915,S2,exclude,"S2 no human real-vs-fake judgment of AI-generated stimuli (detector, generator, dataset or other study)",
R03916,S1,exclude,"S1: no audio, video or deepfake term in title or abstract",
R03917,S1,exclude,"S1: no audio, video or deepfake term in title or abstract",
R03918,S1,exclude,"S1: no audio, video or deepfake term in title or abstract",
R03919,S2,exclude,"S2 no human real-vs-fake judgment of AI-generated stimuli (detector, generator, dataset or other study)",
R03920,S2,exclude,"S2 no human real-vs-fake judgment of AI-generated stimuli (detector, generator, dataset or other study)",
R03921,S2,exclude,"S2 no human real-vs-fake judgment of AI-generated stimuli (detector, generator, dataset or other study)",
R03922,S3,not_retrieved,"Preprint of MimicBuddy training study; closed access, abstract gives no results",full_text
R03923,S2,exclude,"S2 no human real-vs-fake judgment of AI-generated stimuli (detector, generator, dataset or other study)",
R03924,S1,exclude,"S1: no audio, video or deepfake term in title or abstract",
R03925,S2,exclude,"S2 no human real-vs-fake judgment of AI-generated stimuli (detector, generator, dataset or other study)",
R03926,S2,exclude,"S2 no human real-vs-fake judgment of AI-generated stimuli (detector, generator, dataset or other study)",
R03927,S2,exclude,"S2 no human real-vs-fake judgment of AI-generated stimuli (detector, generator, dataset or other study)",
R03928,S1,exclude,"S1: no audio, video or deepfake term in title or abstract",
R03929,S1,exclude,"S1: no audio, video or deepfake term in title or abstract",
R03930,S2,exclude,"S2 no human real-vs-fake judgment of AI-generated stimuli (detector, generator, dataset or other study)",
R03931,S2,exclude,"S2 no human real-vs-fake judgment of AI-generated stimuli (detector, generator, dataset or other study)",
R03932,S1,exclude,"S1: no audio, video or deepfake term in title or abstract",
R03933,S1,exclude,"S1: no audio, video or deepfake term in title or abstract",
R03934,S1b,exclude,S1b: no human-study term in title or abstract,
R03935,S2,exclude,"S2 not an empirical study (review, survey of methods, commentary, legal or policy analysis)",
R03936,S2,exclude,"S2 no human real-vs-fake judgment of AI-generated stimuli (detector, generator, dataset or other study)",
R03937,S1,exclude,"S1: no audio, video or deepfake term in title or abstract",
R03938,S2,exclude,"S2 no human real-vs-fake judgment of AI-generated stimuli (detector, generator, dataset or other study)",
R03939,S1,exclude,"S1: no audio, video or deepfake term in title or abstract",
R03940,S1,exclude,"S1: no audio, video or deepfake term in title or abstract",
R03941,S2,exclude,"S2 no human real-vs-fake judgment of AI-generated stimuli (detector, generator, dataset or other study)",
R03942,S1,exclude,"S1: no audio, video or deepfake term in title or abstract",
R03943,S1,exclude,"S1: no audio, video or deepfake term in title or abstract",
R03944,S2,exclude,"S2 no human real-vs-fake judgment of AI-generated stimuli (detector, generator, dataset or other study)",
R03945,S2,exclude,"S2 no human real-vs-fake judgment of AI-generated stimuli (detector, generator, dataset or other study)",
R03946,S2,exclude,"S2 no human real-vs-fake judgment of AI-generated stimuli (detector, generator, dataset or other study)",
R03947,S2,exclude,"S2 no human real-vs-fake judgment of AI-generated stimuli (detector, generator, dataset or other study)",
R03948,S1b,exclude,S1b: no human-study term in title or abstract,
R03949,S1,exclude,"S1: no audio, video or deepfake term in title or abstract",
R03950,S1,exclude,"S1: no audio, video or deepfake term in title or abstract",
R03951,S1,exclude,"S1: no audio, video or deepfake term in title or abstract",
R03952,S2,exclude,"S2 no human real-vs-fake judgment of AI-generated stimuli (detector, generator, dataset or other study)",
R03953,S1,exclude,"S1: no audio, video or deepfake term in title or abstract",
R03954,S2,exclude,"S2 no human real-vs-fake judgment of AI-generated stimuli (detector, generator, dataset or other study)",
R03955,S1b,exclude,S1b: no human-study term in title or abstract,
R03956,S2,exclude,"S2 no human real-vs-fake judgment of AI-generated stimuli (detector, generator, dataset or other study)",
R03957,S2,exclude,"S2 no human real-vs-fake judgment of AI-generated stimuli (detector, generator, dataset or other study)",
R03958,S1,exclude,"S1: no audio, video or deepfake term in title or abstract",
R03959,S1,exclude,"S1: no audio, video or deepfake term in title or abstract",
R03960,S2,exclude,"S2 no human real-vs-fake judgment of AI-generated stimuli (detector, generator, dataset or other study)",
R03961,S1,exclude,"S1: no audio, video or deepfake term in title or abstract",
R03962,S2,exclude,"S2 no human real-vs-fake judgment of AI-generated stimuli (detector, generator, dataset or other study)",
R03963,S1,exclude,"S1: no audio, video or deepfake term in title or abstract",
R03964,S1b,exclude,S1b: no human-study term in title or abstract,
R03965,S2,exclude,"S2 no human real-vs-fake judgment of AI-generated stimuli (detector, generator, dataset or other study)",
R03966,S2,exclude,"S2 no human real-vs-fake judgment of AI-generated stimuli (detector, generator, dataset or other study)",
R03967,S2,exclude,"S2 no human real-vs-fake judgment of AI-generated stimuli (detector, generator, dataset or other study)",
R03968,S2,exclude,"S2 no human real-vs-fake judgment of AI-generated stimuli (detector, generator, dataset or other study)",
R03969,S1,exclude,"S1: no audio, video or deepfake term in title or abstract",
R03970,S1,exclude,"S1: no audio, video or deepfake term in title or abstract",
R03971,S1,exclude,"S1: no audio, video or deepfake term in title or abstract",
R03972,S2,exclude,"S2 no human real-vs-fake judgment of AI-generated stimuli (detector, generator, dataset or other study)",
R03973,S1,exclude,"S1: no audio, video or deepfake term in title or abstract",
R03974,S1,exclude,"S1: no audio, video or deepfake term in title or abstract",
R03975,S1,exclude,"S1: no audio, video or deepfake term in title or abstract",
R03976,S2,exclude,"S2 no human real-vs-fake judgment of AI-generated stimuli (detector, generator, dataset or other study)",
R03977,S2,exclude,"S2 no human real-vs-fake judgment of AI-generated stimuli (detector, generator, dataset or other study)",
R03978,S3,include,Listeners discriminated/identified real vs AI-cloned dysphonic and healthy voices,full_text
R03979,S1,exclude,"S1: no audio, video or deepfake term in title or abstract",
R03980,S1,exclude,"S1: no audio, video or deepfake term in title or abstract",
R03981,S2,exclude,"S2 no human real-vs-fake judgment of AI-generated stimuli (detector, generator, dataset or other study)",
R03982,S1,exclude,"S1: no audio, video or deepfake term in title or abstract",
R03983,S1,exclude,"S1: no audio, video or deepfake term in title or abstract",
R03984,S2,exclude,"S2 no human real-vs-fake judgment of AI-generated stimuli (detector, generator, dataset or other study)",
R03985,S2,exclude,"S2 no human real-vs-fake judgment of AI-generated stimuli (detector, generator, dataset or other study)",
R03986,S2,exclude,"S2 no human real-vs-fake judgment of AI-generated stimuli (detector, generator, dataset or other study)",
R03987,S2,exclude,"S2 no human real-vs-fake judgment of AI-generated stimuli (detector, generator, dataset or other study)",
R03988,S1,exclude,"S1: no audio, video or deepfake term in title or abstract",
R03989,S2,exclude,"S2 no human real-vs-fake judgment of AI-generated stimuli (detector, generator, dataset or other study)",
R03990,S2,exclude,"S2 no human real-vs-fake judgment of AI-generated stimuli (detector, generator, dataset or other study)",
R03991,S1,exclude,"S1: no audio, video or deepfake term in title or abstract",
R03992,S2,exclude,"S2 no human real-vs-fake judgment of AI-generated stimuli (detector, generator, dataset or other study)",
R03993,S2,exclude,"S2 no human real-vs-fake judgment of AI-generated stimuli (detector, generator, dataset or other study)",
R03994,S1,exclude,"S1: no audio, video or deepfake term in title or abstract",
R03995,S1,exclude,"S1: no audio, video or deepfake term in title or abstract",
R03996,S2,exclude,"S2 no human real-vs-fake judgment of AI-generated stimuli (detector, generator, dataset or other study)",
R03997,S2,exclude,"S2 no human real-vs-fake judgment of AI-generated stimuli (detector, generator, dataset or other study)",
R03998,S1,exclude,"S1: no audio, video or deepfake term in title or abstract",
R03999,S2,exclude,"S2 no human real-vs-fake judgment of AI-generated stimuli (detector, generator, dataset or other study)",
R04000,S1,exclude,"S1: no audio, video or deepfake term in title or abstract",
R04001,S2,exclude,"S2 no human real-vs-fake judgment of AI-generated stimuli (detector, generator, dataset or other study)",
R04002,S2,exclude,"S2 no human real-vs-fake judgment of AI-generated stimuli (detector, generator, dataset or other study)",
R04003,S1,exclude,"S1: no audio, video or deepfake term in title or abstract",
R04004,S1,exclude,"S1: no audio, video or deepfake term in title or abstract",
R04005,S1b,exclude,S1b: no human-study term in title or abstract,
R04006,S1,exclude,"S1: no audio, video or deepfake term in title or abstract",
R04007,S2,exclude,"S2 no human real-vs-fake judgment of AI-generated stimuli (detector, generator, dataset or other study)",
R04008,S1,exclude,"S1: no audio, video or deepfake term in title or abstract",
R04009,S1,exclude,"S1: no audio, video or deepfake term in title or abstract",
R04010,S1,exclude,"S1: no audio, video or deepfake term in title or abstract",
R04011,S1,exclude,"S1: no audio, video or deepfake term in title or abstract",
R04012,S2,exclude,"S2 no human real-vs-fake judgment of AI-generated stimuli (detector, generator, dataset or other study)",
R04013,S2,exclude,"S2 no human real-vs-fake judgment of AI-generated stimuli (detector, generator, dataset or other study)",
R04014,S1,exclude,"S1: no audio, video or deepfake term in title or abstract",
R04015,S2,exclude,"S2 no human real-vs-fake judgment of AI-generated stimuli (detector, generator, dataset or other study)",
R04016,S1,exclude,"S1: no audio, video or deepfake term in title or abstract",
R04017,S1,exclude,"S1: no audio, video or deepfake term in title or abstract",
R04018,S1,exclude,"S1: no audio, video or deepfake term in title or abstract",
R04019,S1,exclude,"S1: no audio, video or deepfake term in title or abstract",
R04020,S1,exclude,"S1: no audio, video or deepfake term in title or abstract",
R04021,S2,exclude,"S2 no human real-vs-fake judgment of AI-generated stimuli (detector, generator, dataset or other study)",
R04022,S1,exclude,"S1: no audio, video or deepfake term in title or abstract",
R04023,S2,exclude,"S2 no human real-vs-fake judgment of AI-generated stimuli (detector, generator, dataset or other study)",
R04024,S3,exclude,"E4: task is speaker-identity recognition (visual-world eyetracking), not real-vs-synthetic judgment",full_text
R04025,S2,exclude,"S2 no human real-vs-fake judgment of AI-generated stimuli (detector, generator, dataset or other study)",
R04026,S1,exclude,"S1: no audio, video or deepfake term in title or abstract",
R04027,S2,exclude,"S2 no human real-vs-fake judgment of AI-generated stimuli (detector, generator, dataset or other study)",
R04028,S1b,exclude,S1b: no human-study term in title or abstract,
R04029,S2,exclude,"S2 no human real-vs-fake judgment of AI-generated stimuli (detector, generator, dataset or other study)",
R04030,S1,exclude,"S1: no audio, video or deepfake term in title or abstract",
R04031,S2,exclude,"S2 no human real-vs-fake judgment of AI-generated stimuli (detector, generator, dataset or other study)",
R04032,S2,exclude,"S2 no human real-vs-fake judgment of AI-generated stimuli (detector, generator, dataset or other study)",
R04033,S1,exclude,"S1: no audio, video or deepfake term in title or abstract",
R04034,S1,exclude,"S1: no audio, video or deepfake term in title or abstract",
R04035,S2,exclude,"S2 no human real-vs-fake judgment of AI-generated stimuli (detector, generator, dataset or other study)",
R04036,S1,exclude,"S1: no audio, video or deepfake term in title or abstract",
R04037,S2,exclude,"S2 no human real-vs-fake judgment of AI-generated stimuli (detector, generator, dataset or other study)",
R04038,S2,exclude,"S2 no human real-vs-fake judgment of AI-generated stimuli (detector, generator, dataset or other study)",
R04039,S2,exclude,"S2 no human real-vs-fake judgment of AI-generated stimuli (detector, generator, dataset or other study)",
R04040,S2,exclude,"S2 no human real-vs-fake judgment of AI-generated stimuli (detector, generator, dataset or other study)",
R04041,S2,exclude,"S2 no human real-vs-fake judgment of AI-generated stimuli (detector, generator, dataset or other study)",
R04042,S1,exclude,"S1: no audio, video or deepfake term in title or abstract",
R04043,S2,exclude,"S2 no human real-vs-fake judgment of AI-generated stimuli (detector, generator, dataset or other study)",
R04044,S1b,exclude,S1b: no human-study term in title or abstract,
R04045,S1,exclude,"S1: no audio, video or deepfake term in title or abstract",
R04046,S1,exclude,"S1: no audio, video or deepfake term in title or abstract",
R04047,S2,exclude,"S2 no human real-vs-fake judgment of AI-generated stimuli (detector, generator, dataset or other study)",
R04048,S2,exclude,"S2 no human real-vs-fake judgment of AI-generated stimuli (detector, generator, dataset or other study)",
R04049,S2,exclude,"S2 no human real-vs-fake judgment of AI-generated stimuli (detector, generator, dataset or other study)",
R04050,S2,exclude,"S2 no human real-vs-fake judgment of AI-generated stimuli (detector, generator, dataset or other study)",
R04051,S1,exclude,"S1: no audio, video or deepfake term in title or abstract",
R04052,S2,exclude,"S2 no human real-vs-fake judgment of AI-generated stimuli (detector, generator, dataset or other study)",
R04053,S2,exclude,"S2 no human real-vs-fake judgment of AI-generated stimuli (detector, generator, dataset or other study)",
R04054,S1b,exclude,S1b: no human-study term in title or abstract,
R04055,S2,exclude,"S2 no human real-vs-fake judgment of AI-generated stimuli (detector, generator, dataset or other study)",
R04056,S2,exclude,"S2 no human real-vs-fake judgment of AI-generated stimuli (detector, generator, dataset or other study)",
R04057,S1,exclude,"S1: no audio, video or deepfake term in title or abstract",
R04058,S1,exclude,"S1: no audio, video or deepfake term in title or abstract",
R04059,S2,exclude,"S2 no human real-vs-fake judgment of AI-generated stimuli (detector, generator, dataset or other study)",
R04060,S2,exclude,"S2 no human real-vs-fake judgment of AI-generated stimuli (detector, generator, dataset or other study)",
R04061,S2,exclude,"S2 no human real-vs-fake judgment of AI-generated stimuli (detector, generator, dataset or other study)",
R04062,S2,exclude,"S2 no human real-vs-fake judgment of AI-generated stimuli (detector, generator, dataset or other study)",
R04063,S2,exclude,"S2 no human real-vs-fake judgment of AI-generated stimuli (detector, generator, dataset or other study)",
R04064,S1,exclude,"S1: no audio, video or deepfake term in title or abstract",
R04065,S2,exclude,"S2 no human real-vs-fake judgment of AI-generated stimuli (detector, generator, dataset or other study)",
R04066,S1,exclude,"S1: no audio, video or deepfake term in title or abstract",
R04067,S2,exclude,"S2 no human real-vs-fake judgment of AI-generated stimuli (detector, generator, dataset or other study)",
R04068,S1,exclude,"S1: no audio, video or deepfake term in title or abstract",
R04069,S2,exclude,"S2 no human real-vs-fake judgment of AI-generated stimuli (detector, generator, dataset or other study)",
R04070,S1,exclude,"S1: no audio, video or deepfake term in title or abstract",
R04071,S2,exclude,"S2 no human real-vs-fake judgment of AI-generated stimuli (detector, generator, dataset or other study)",
R04072,S1,exclude,"S1: no audio, video or deepfake term in title or abstract",
R04073,S1,exclude,"S1: no audio, video or deepfake term in title or abstract",
R04074,S2,exclude,"S2 no human real-vs-fake judgment of AI-generated stimuli (detector, generator, dataset or other study)",
R04075,S2,exclude,"S2 no human real-vs-fake judgment of AI-generated stimuli (detector, generator, dataset or other study)",
R04076,S2,exclude,"S2 no human real-vs-fake judgment of AI-generated stimuli (detector, generator, dataset or other study)",
R04077,S1,exclude,"S1: no audio, video or deepfake term in title or abstract",
R04078,S2,exclude,"S2 no human real-vs-fake judgment of AI-generated stimuli (detector, generator, dataset or other study)",
R04079,S2,exclude,"S2 no human real-vs-fake judgment of AI-generated stimuli (detector, generator, dataset or other study)",
R04080,S2,exclude,"S2 no human real-vs-fake judgment of AI-generated stimuli (detector, generator, dataset or other study)",
R04081,S2,exclude,"S2 no human real-vs-fake judgment of AI-generated stimuli (detector, generator, dataset or other study)",
R04082,S1,exclude,"S1: no audio, video or deepfake term in title or abstract",
R04083,S2,exclude,"S2 no human real-vs-fake judgment of AI-generated stimuli (detector, generator, dataset or other study)",
R04084,S1,exclude,"S1: no audio, video or deepfake term in title or abstract",
R04085,S1,exclude,"S1: no audio, video or deepfake term in title or abstract",
R04086,S1,exclude,"S1: no audio, video or deepfake term in title or abstract",
R04087,S2,exclude,"S2 no human real-vs-fake judgment of AI-generated stimuli (detector, generator, dataset or other study)",
R04088,S1b,exclude,S1b: no human-study term in title or abstract,
R04089,S1,exclude,"S1: no audio, video or deepfake term in title or abstract",
R04090,S2,exclude,"S2 no human real-vs-fake judgment of AI-generated stimuli (detector, generator, dataset or other study)",
R04091,S1,exclude,"S1: no audio, video or deepfake term in title or abstract",
R04092,S1,exclude,"S1: no audio, video or deepfake term in title or abstract",
R04093,S1,exclude,"S1: no audio, video or deepfake term in title or abstract",
R04094,S1,exclude,"S1: no audio, video or deepfake term in title or abstract",
R04095,S2,exclude,"S2 no human real-vs-fake judgment of AI-generated stimuli (detector, generator, dataset or other study)",
R04096,S2,exclude,"S2 no human real-vs-fake judgment of AI-generated stimuli (detector, generator, dataset or other study)",
R04097,S2,exclude,"S2 no human real-vs-fake judgment of AI-generated stimuli (detector, generator, dataset or other study)",
R04098,S2,exclude,"S2 no human real-vs-fake judgment of AI-generated stimuli (detector, generator, dataset or other study)",
R04099,S2,exclude,"S2 no human real-vs-fake judgment of AI-generated stimuli (detector, generator, dataset or other study)",
R04100,S2,exclude,"S2 no human real-vs-fake judgment of AI-generated stimuli (detector, generator, dataset or other study)",
R04101,S1,exclude,"S1: no audio, video or deepfake term in title or abstract",
R04102,S1,exclude,"S1: no audio, video or deepfake term in title or abstract",
R04103,S1,exclude,"S1: no audio, video or deepfake term in title or abstract",
R04104,S1,exclude,"S1: no audio, video or deepfake term in title or abstract",
R04105,S2,exclude,"S2 no human real-vs-fake judgment of AI-generated stimuli (detector, generator, dataset or other study)",
R04106,S1,exclude,"S1: no audio, video or deepfake term in title or abstract",
R04107,S2,exclude,"S2 no human real-vs-fake judgment of AI-generated stimuli (detector, generator, dataset or other study)",
R04108,S2,exclude,"S2 no human real-vs-fake judgment of AI-generated stimuli (detector, generator, dataset or other study)",
R04109,S2,exclude,"S2 no human real-vs-fake judgment of AI-generated stimuli (detector, generator, dataset or other study)",
R04110,S2,exclude,"S2 no human real-vs-fake judgment of AI-generated stimuli (detector, generator, dataset or other study)",
R04111,S1,exclude,"S1: no audio, video or deepfake term in title or abstract",
R04112,S1,exclude,"S1: no audio, video or deepfake term in title or abstract",
R04113,S2,exclude,"S2 no human real-vs-fake judgment of AI-generated stimuli (detector, generator, dataset or other study)",
R04114,S2,exclude,"S2 no human real-vs-fake judgment of AI-generated stimuli (detector, generator, dataset or other study)",
R04115,S1,exclude,"S1: no audio, video or deepfake term in title or abstract",
R04116,S1,exclude,"S1: no audio, video or deepfake term in title or abstract",
R04117,S2,exclude,"S2 no human real-vs-fake judgment of AI-generated stimuli (detector, generator, dataset or other study)",
R04118,S1,exclude,"S1: no audio, video or deepfake term in title or abstract",
R04119,S1,exclude,"S1: no audio, video or deepfake term in title or abstract",
R04120,S2,exclude,"S2 no human real-vs-fake judgment of AI-generated stimuli (detector, generator, dataset or other study)",
R04121,S2,exclude,"S2 no human real-vs-fake judgment of AI-generated stimuli (detector, generator, dataset or other study)",
R04122,S1,exclude,"S1: no audio, video or deepfake term in title or abstract",
R04123,S2,exclude,"S2 no human real-vs-fake judgment of AI-generated stimuli (detector, generator, dataset or other study)",
R04124,S2,exclude,"S2 no human real-vs-fake judgment of AI-generated stimuli (detector, generator, dataset or other study)",
R04125,S2,exclude,"S2 no human real-vs-fake judgment of AI-generated stimuli (detector, generator, dataset or other study)",
R04126,S2,exclude,"S2 no human real-vs-fake judgment of AI-generated stimuli (detector, generator, dataset or other study)",
R04127,S1,exclude,"S1: no audio, video or deepfake term in title or abstract",
R04128,S1,exclude,"S1: no audio, video or deepfake term in title or abstract",
R04129,S1,exclude,"S1: no audio, video or deepfake term in title or abstract",
R04130,S2,exclude,"S2 no human real-vs-fake judgment of AI-generated stimuli (detector, generator, dataset or other study)",
R04131,S2,exclude,"S2 no human real-vs-fake judgment of AI-generated stimuli (detector, generator, dataset or other study)",
R04132,S2,exclude,"S2 no human real-vs-fake judgment of AI-generated stimuli (detector, generator, dataset or other study)",
R04133,S2,exclude,"S2 no human real-vs-fake judgment of AI-generated stimuli (detector, generator, dataset or other study)",
R04134,S2,exclude,"S2 no human real-vs-fake judgment of AI-generated stimuli (detector, generator, dataset or other study)",
R04135,S2,exclude,"S2 no human real-vs-fake judgment of AI-generated stimuli (detector, generator, dataset or other study)",
R04136,S1b,exclude,S1b: no human-study term in title or abstract,
R04137,S2,exclude,"S2 no human real-vs-fake judgment of AI-generated stimuli (detector, generator, dataset or other study)",
R04138,S2,exclude,"S2 no human real-vs-fake judgment of AI-generated stimuli (detector, generator, dataset or other study)",
R04139,S2,exclude,"S2 no human real-vs-fake judgment of AI-generated stimuli (detector, generator, dataset or other study)",
R04140,S1,exclude,"S1: no audio, video or deepfake term in title or abstract",
R04141,S1,exclude,"S1: no audio, video or deepfake term in title or abstract",
R04142,S2,exclude,"S2 no human real-vs-fake judgment of AI-generated stimuli (detector, generator, dataset or other study)",
R04143,S2,exclude,"S2 no human real-vs-fake judgment of AI-generated stimuli (detector, generator, dataset or other study)",
R04144,S2,exclude,"S2 no human real-vs-fake judgment of AI-generated stimuli (detector, generator, dataset or other study)",
R04145,S2,exclude,"S2 no human real-vs-fake judgment of AI-generated stimuli (detector, generator, dataset or other study)",
R04146,S1,exclude,"S1: no audio, video or deepfake term in title or abstract",
R04147,S1,exclude,"S1: no audio, video or deepfake term in title or abstract",
R04148,S2,exclude,S2 stimuli are not audio or video (text or still images),
R04149,S1,exclude,"S1: no audio, video or deepfake term in title or abstract",
R04150,S2,exclude,"S2 no human real-vs-fake judgment of AI-generated stimuli (detector, generator, dataset or other study)",
R04151,S1,exclude,"S1: no audio, video or deepfake term in title or abstract",
R04152,S1b,exclude,S1b: no human-study term in title or abstract,
R04153,S1,exclude,"S1: no audio, video or deepfake term in title or abstract",
R04154,S1,exclude,"S1: no audio, video or deepfake term in title or abstract",
R04155,S2,exclude,"S2 no human real-vs-fake judgment of AI-generated stimuli (detector, generator, dataset or other study)",
R04156,S2,exclude,"S2 no human real-vs-fake judgment of AI-generated stimuli (detector, generator, dataset or other study)",
R04157,S3,exclude,"E4: ASVspoof2019 LA human assessment used naturalness and speaker-similarity scores, not real/spoof decisions",include
R04158,S2,exclude,"S2 no human real-vs-fake judgment of AI-generated stimuli (detector, generator, dataset or other study)",
R04159,S1,exclude,"S1: no audio, video or deepfake term in title or abstract",
R04160,S1,exclude,"S1: no audio, video or deepfake term in title or abstract",
R04161,S1b,exclude,S1b: no human-study term in title or abstract,
R04162,S2,exclude,"S2 no human real-vs-fake judgment of AI-generated stimuli (detector, generator, dataset or other study)",
R04163,S2,exclude,"S2 no human real-vs-fake judgment of AI-generated stimuli (detector, generator, dataset or other study)",
R04164,S1,exclude,"S1: no audio, video or deepfake term in title or abstract",
R04165,S1,exclude,"S1: no audio, video or deepfake term in title or abstract",
R04166,S2,exclude,"S2 no human real-vs-fake judgment of AI-generated stimuli (detector, generator, dataset or other study)",
R04167,S1,exclude,"S1: no audio, video or deepfake term in title or abstract",
R04168,S1,exclude,"S1: no audio, video or deepfake term in title or abstract",
R04169,S1,exclude,"S1: no audio, video or deepfake term in title or abstract",
R04170,S2,exclude,"S2 no human real-vs-fake judgment of AI-generated stimuli (detector, generator, dataset or other study)",
R04171,S1,exclude,"S1: no audio, video or deepfake term in title or abstract",
R04172,S1,exclude,"S1: no audio, video or deepfake term in title or abstract",
R04173,S2,exclude,"S2 no human real-vs-fake judgment of AI-generated stimuli (detector, generator, dataset or other study)",
R04174,S2,exclude,"S2 no human real-vs-fake judgment of AI-generated stimuli (detector, generator, dataset or other study)",
R04175,S2,exclude,"S2 no human real-vs-fake judgment of AI-generated stimuli (detector, generator, dataset or other study)",
R04176,S2,exclude,"S2 no human real-vs-fake judgment of AI-generated stimuli (detector, generator, dataset or other study)",
R04177,S1,exclude,"S1: no audio, video or deepfake term in title or abstract",
R04178,S1,exclude,"S1: no audio, video or deepfake term in title or abstract",
R04179,S2,exclude,"S2 no human real-vs-fake judgment of AI-generated stimuli (detector, generator, dataset or other study)",
R04180,S1b,exclude,S1b: no human-study term in title or abstract,
R04181,S1,exclude,"S1: no audio, video or deepfake term in title or abstract",
R04182,S1,exclude,"S1: no audio, video or deepfake term in title or abstract",
R04183,S2,exclude,"S2 no human real-vs-fake judgment of AI-generated stimuli (detector, generator, dataset or other study)",
R04184,S1,exclude,"S1: no audio, video or deepfake term in title or abstract",
R04185,S1,exclude,"S1: no audio, video or deepfake term in title or abstract",
R04186,S1,exclude,"S1: no audio, video or deepfake term in title or abstract",
R04187,S1,exclude,"S1: no audio, video or deepfake term in title or abstract",
R04188,S2,exclude,"S2 no human real-vs-fake judgment of AI-generated stimuli (detector, generator, dataset or other study)",
R04189,S1b,exclude,S1b: no human-study term in title or abstract,
R04190,S1,exclude,"S1: no audio, video or deepfake term in title or abstract",
R04191,S2,exclude,"S2 no human real-vs-fake judgment of AI-generated stimuli (detector, generator, dataset or other study)",
R04192,S1,exclude,"S1: no audio, video or deepfake term in title or abstract",
R04193,S2,exclude,"S2 no human real-vs-fake judgment of AI-generated stimuli (detector, generator, dataset or other study)",
R04194,S1,exclude,"S1: no audio, video or deepfake term in title or abstract",
R04195,S1,exclude,"S1: no audio, video or deepfake term in title or abstract",
R04196,S2,exclude,"S2 no human real-vs-fake judgment of AI-generated stimuli (detector, generator, dataset or other study)",
R04197,S2,exclude,"S2 no human real-vs-fake judgment of AI-generated stimuli (detector, generator, dataset or other study)",
R04198,S2,exclude,"S2 no human real-vs-fake judgment of AI-generated stimuli (detector, generator, dataset or other study)",
R04199,S2,exclude,"S2 no human real-vs-fake judgment of AI-generated stimuli (detector, generator, dataset or other study)",
R04200,S2,exclude,"S2 no human real-vs-fake judgment of AI-generated stimuli (detector, generator, dataset or other study)",
R04201,S2,exclude,"S2 no human real-vs-fake judgment of AI-generated stimuli (detector, generator, dataset or other study)",
R04202,S2,exclude,"S2 no human real-vs-fake judgment of AI-generated stimuli (detector, generator, dataset or other study)",
R04203,S1,exclude,"S1: no audio, video or deepfake term in title or abstract",
R04204,S1,exclude,"S1: no audio, video or deepfake term in title or abstract",
R04205,S2,exclude,"S2 no human real-vs-fake judgment of AI-generated stimuli (detector, generator, dataset or other study)",
R04206,S1,exclude,"S1: no audio, video or deepfake term in title or abstract",
R04207,S2,exclude,"S2 no human real-vs-fake judgment of AI-generated stimuli (detector, generator, dataset or other study)",
R04208,S1,exclude,"S1: no audio, video or deepfake term in title or abstract",
R04209,S1b,exclude,S1b: no human-study term in title or abstract,
R04210,S1,exclude,"S1: no audio, video or deepfake term in title or abstract",
R04211,S1,exclude,"S1: no audio, video or deepfake term in title or abstract",
R04212,S1,exclude,"S1: no audio, video or deepfake term in title or abstract",
R04213,S1,exclude,"S1: no audio, video or deepfake term in title or abstract",
R04214,S1,exclude,"S1: no audio, video or deepfake term in title or abstract",
R04215,S2,exclude,"S2 no human real-vs-fake judgment of AI-generated stimuli (detector, generator, dataset or other study)",
R04216,S1,exclude,"S1: no audio, video or deepfake term in title or abstract",
R04217,S1,exclude,"S1: no audio, video or deepfake term in title or abstract",
R04218,S1,exclude,"S1: no audio, video or deepfake term in title or abstract",
R04219,S1,exclude,"S1: no audio, video or deepfake term in title or abstract",
R04220,S2,exclude,"S2 no human real-vs-fake judgment of AI-generated stimuli (detector, generator, dataset or other study)",
R04221,S2,exclude,"S2 no human real-vs-fake judgment of AI-generated stimuli (detector, generator, dataset or other study)",
R04222,S2,exclude,"S2 no human real-vs-fake judgment of AI-generated stimuli (detector, generator, dataset or other study)",
R04223,S1,exclude,"S1: no audio, video or deepfake term in title or abstract",
R04224,S2,exclude,"S2 no human real-vs-fake judgment of AI-generated stimuli (detector, generator, dataset or other study)",
R04225,S2,exclude,"S2 no human real-vs-fake judgment of AI-generated stimuli (detector, generator, dataset or other study)",
R04226,S2,exclude,"S2 no human real-vs-fake judgment of AI-generated stimuli (detector, generator, dataset or other study)",
R04227,S1,exclude,"S1: no audio, video or deepfake term in title or abstract",
R04228,S2,exclude,"S2 no human real-vs-fake judgment of AI-generated stimuli (detector, generator, dataset or other study)",
R04229,S1,exclude,"S1: no audio, video or deepfake term in title or abstract",
R04230,S2,exclude,"S2 no human real-vs-fake judgment of AI-generated stimuli (detector, generator, dataset or other study)",
R04231,S2,exclude,"S2 no human real-vs-fake judgment of AI-generated stimuli (detector, generator, dataset or other study)",
R04232,S2,exclude,"S2 no human real-vs-fake judgment of AI-generated stimuli (detector, generator, dataset or other study)",
R04233,S1,exclude,"S1: no audio, video or deepfake term in title or abstract",
R04234,S2,exclude,"S2 no human real-vs-fake judgment of AI-generated stimuli (detector, generator, dataset or other study)",
R04235,S2,exclude,"S2 no human real-vs-fake judgment of AI-generated stimuli (detector, generator, dataset or other study)",
R04236,S2,exclude,"S2 no human real-vs-fake judgment of AI-generated stimuli (detector, generator, dataset or other study)",
R04237,S1,exclude,"S1: no audio, video or deepfake term in title or abstract",
R04238,S1,exclude,"S1: no audio, video or deepfake term in title or abstract",
R04239,S1,exclude,"S1: no audio, video or deepfake term in title or abstract",
R04240,S1,exclude,"S1: no audio, video or deepfake term in title or abstract",
R04241,S2,exclude,"S2 no human real-vs-fake judgment of AI-generated stimuli (detector, generator, dataset or other study)",
R04242,S1,exclude,"S1: no audio, video or deepfake term in title or abstract",
R04243,S1,exclude,"S1: no audio, video or deepfake term in title or abstract",
R04244,S2,exclude,"S2 no human real-vs-fake judgment of AI-generated stimuli (detector, generator, dataset or other study)",
R04245,S1,exclude,"S1: no audio, video or deepfake term in title or abstract",
R04246,S1,exclude,"S1: no audio, video or deepfake term in title or abstract",
R04247,S2,exclude,"S2 no human real-vs-fake judgment of AI-generated stimuli (detector, generator, dataset or other study)",
R04248,S2,exclude,"S2 no human real-vs-fake judgment of AI-generated stimuli (detector, generator, dataset or other study)",
R04249,S2,exclude,"S2 no human real-vs-fake judgment of AI-generated stimuli (detector, generator, dataset or other study)",
R04250,S1,exclude,"S1: no audio, video or deepfake term in title or abstract",
R04251,S1,exclude,"S1: no audio, video or deepfake term in title or abstract",
R04252,S2,exclude,"S2 no human real-vs-fake judgment of AI-generated stimuli (detector, generator, dataset or other study)",
R04253,S2,exclude,"S2 no human real-vs-fake judgment of AI-generated stimuli (detector, generator, dataset or other study)",
R04254,S2,exclude,"S2 no human real-vs-fake judgment of AI-generated stimuli (detector, generator, dataset or other study)",
R04255,S2,exclude,"S2 no human real-vs-fake judgment of AI-generated stimuli (detector, generator, dataset or other study)",
R04256,S2,exclude,"S2 no human real-vs-fake judgment of AI-generated stimuli (detector, generator, dataset or other study)",
R04257,S1,exclude,"S1: no audio, video or deepfake term in title or abstract",
R04258,S1b,exclude,S1b: no human-study term in title or abstract,
R04259,S1,exclude,"S1: no audio, video or deepfake term in title or abstract",
R04260,S1b,exclude,S1b: no human-study term in title or abstract,
R04261,S1,exclude,"S1: no audio, video or deepfake term in title or abstract",
R04262,S2,exclude,"S2 no human real-vs-fake judgment of AI-generated stimuli (detector, generator, dataset or other study)",
R04263,S2,exclude,"S2 no human real-vs-fake judgment of AI-generated stimuli (detector, generator, dataset or other study)",
R04264,S2,exclude,"S2 no human real-vs-fake judgment of AI-generated stimuli (detector, generator, dataset or other study)",
R04265,S1b,exclude,S1b: no human-study term in title or abstract,
R04266,S1b,exclude,S1b: no human-study term in title or abstract,
R04267,S1,exclude,"S1: no audio, video or deepfake term in title or abstract",
R04268,S2,exclude,"S2 no human real-vs-fake judgment of AI-generated stimuli (detector, generator, dataset or other study)",
R04269,S2,exclude,"S2 no human real-vs-fake judgment of AI-generated stimuli (detector, generator, dataset or other study)",
R04270,S2,exclude,"S2 no human real-vs-fake judgment of AI-generated stimuli (detector, generator, dataset or other study)",
R04271,S2,exclude,"S2 no human real-vs-fake judgment of AI-generated stimuli (detector, generator, dataset or other study)",
R04272,S1,exclude,"S1: no audio, video or deepfake term in title or abstract",
R04273,S1,exclude,"S1: no audio, video or deepfake term in title or abstract",
R04274,S1,exclude,"S1: no audio, video or deepfake term in title or abstract",
R04275,S2,exclude,"S2 no human real-vs-fake judgment of AI-generated stimuli (detector, generator, dataset or other study)",
R04276,S2,exclude,"S2 no human real-vs-fake judgment of AI-generated stimuli (detector, generator, dataset or other study)",
R04277,S1,exclude,"S1: no audio, video or deepfake term in title or abstract",
R04278,S1,exclude,"S1: no audio, video or deepfake term in title or abstract",
R04279,S2,exclude,"S2 no human real-vs-fake judgment of AI-generated stimuli (detector, generator, dataset or other study)",
R04280,S1,exclude,"S1: no audio, video or deepfake term in title or abstract",
R04281,S2,exclude,"S2 no human real-vs-fake judgment of AI-generated stimuli (detector, generator, dataset or other study)",
R04282,S1,exclude,"S1: no audio, video or deepfake term in title or abstract",
R04283,S1b,exclude,S1b: no human-study term in title or abstract,
R04284,S1,exclude,"S1: no audio, video or deepfake term in title or abstract",
R04285,S2,exclude,"S2 no human real-vs-fake judgment of AI-generated stimuli (detector, generator, dataset or other study)",
R04286,S1,exclude,"S1: no audio, video or deepfake term in title or abstract",
R04287,S2,exclude,"S2 no human real-vs-fake judgment of AI-generated stimuli (detector, generator, dataset or other study)",
R04288,S1,exclude,"S1: no audio, video or deepfake term in title or abstract",
R04289,S2,exclude,"S2 no human real-vs-fake judgment of AI-generated stimuli (detector, generator, dataset or other study)",
R04290,S2,exclude,"S2 no human real-vs-fake judgment of AI-generated stimuli (detector, generator, dataset or other study)",
R04291,S2,exclude,"S2 no human real-vs-fake judgment of AI-generated stimuli (detector, generator, dataset or other study)",
R04292,S1,exclude,"S1: no audio, video or deepfake term in title or abstract",
R04293,S1,exclude,"S1: no audio, video or deepfake term in title or abstract",
R04294,S1,exclude,"S1: no audio, video or deepfake term in title or abstract",
R04295,S1,exclude,"S1: no audio, video or deepfake term in title or abstract",
R04296,S1,exclude,"S1: no audio, video or deepfake term in title or abstract",
R04297,S2,exclude,"S2 no human real-vs-fake judgment of AI-generated stimuli (detector, generator, dataset or other study)",
R04298,S2,exclude,"S2 no human real-vs-fake judgment of AI-generated stimuli (detector, generator, dataset or other study)",
R04299,S2,exclude,"S2 no human real-vs-fake judgment of AI-generated stimuli (detector, generator, dataset or other study)",
R04300,S1,exclude,"S1: no audio, video or deepfake term in title or abstract",
R04301,S1,exclude,"S1: no audio, video or deepfake term in title or abstract",
R04302,S1,exclude,"S1: no audio, video or deepfake term in title or abstract",
R04303,S1,exclude,"S1: no audio, video or deepfake term in title or abstract",
R04304,S2,exclude,"S2 no human real-vs-fake judgment of AI-generated stimuli (detector, generator, dataset or other study)",
R04305,S1,exclude,"S1: no audio, video or deepfake term in title or abstract",
R04306,S2,exclude,"S2 no human real-vs-fake judgment of AI-generated stimuli (detector, generator, dataset or other study)",
R04307,S1,exclude,"S1: no audio, video or deepfake term in title or abstract",
R04308,S2,exclude,"S2 no human real-vs-fake judgment of AI-generated stimuli (detector, generator, dataset or other study)",
R04309,S2,exclude,"S2 no human real-vs-fake judgment of AI-generated stimuli (detector, generator, dataset or other study)",
R04310,S1,exclude,"S1: no audio, video or deepfake term in title or abstract",
R04311,S1,exclude,"S1: no audio, video or deepfake term in title or abstract",
R04312,S2,exclude,"S2 no human real-vs-fake judgment of AI-generated stimuli (detector, generator, dataset or other study)",
R04313,S1,exclude,"S1: no audio, video or deepfake term in title or abstract",
R04314,S2,exclude,"S2 no human real-vs-fake judgment of AI-generated stimuli (detector, generator, dataset or other study)",
R04315,S1b,exclude,S1b: no human-study term in title or abstract,
R04316,S1,exclude,"S1: no audio, video or deepfake term in title or abstract",
R04317,S2,exclude,"S2 no human real-vs-fake judgment of AI-generated stimuli (detector, generator, dataset or other study)",
R04318,S1,exclude,"S1: no audio, video or deepfake term in title or abstract",
R04319,S1,exclude,"S1: no audio, video or deepfake term in title or abstract",
R04320,S2,exclude,"S2 no human real-vs-fake judgment of AI-generated stimuli (detector, generator, dataset or other study)",
R04321,S2,exclude,"S2 no human real-vs-fake judgment of AI-generated stimuli (detector, generator, dataset or other study)",
R04322,S1,exclude,"S1: no audio, video or deepfake term in title or abstract",
R04323,S2,exclude,"S2 no human real-vs-fake judgment of AI-generated stimuli (detector, generator, dataset or other study)",
R04324,S1,exclude,"S1: no audio, video or deepfake term in title or abstract",
R04325,S1b,exclude,S1b: no human-study term in title or abstract,
R04326,S2,exclude,"S2 no human real-vs-fake judgment of AI-generated stimuli (detector, generator, dataset or other study)",
R04327,S1,exclude,"S1: no audio, video or deepfake term in title or abstract",
R04328,S1,exclude,"S1: no audio, video or deepfake term in title or abstract",
R04329,S2,exclude,"S2 no human real-vs-fake judgment of AI-generated stimuli (detector, generator, dataset or other study)",
R04330,S2,exclude,"S2 no human real-vs-fake judgment of AI-generated stimuli (detector, generator, dataset or other study)",
R04331,S1,exclude,"S1: no audio, video or deepfake term in title or abstract",
R04332,S1,exclude,"S1: no audio, video or deepfake term in title or abstract",
R04333,S1,exclude,"S1: no audio, video or deepfake term in title or abstract",
R04334,S1,exclude,"S1: no audio, video or deepfake term in title or abstract",
R04335,S1b,exclude,S1b: no human-study term in title or abstract,
R04336,S2,exclude,"S2 no human real-vs-fake judgment of AI-generated stimuli (detector, generator, dataset or other study)",
R04337,S1,exclude,"S1: no audio, video or deepfake term in title or abstract",
R04338,S1,exclude,"S1: no audio, video or deepfake term in title or abstract",
R04339,S1,exclude,"S1: no audio, video or deepfake term in title or abstract",
R04340,S2,exclude,"S2 no human real-vs-fake judgment of AI-generated stimuli (detector, generator, dataset or other study)",
R04341,S2,exclude,"S2 no human real-vs-fake judgment of AI-generated stimuli (detector, generator, dataset or other study)",
R04342,S1,exclude,"S1: no audio, video or deepfake term in title or abstract",
R04343,S1,exclude,"S1: no audio, video or deepfake term in title or abstract",
R04344,S2,exclude,"S2 no human real-vs-fake judgment of AI-generated stimuli (detector, generator, dataset or other study)",
R04345,S1b,exclude,S1b: no human-study term in title or abstract,
R04346,S2,exclude,"S2 no human real-vs-fake judgment of AI-generated stimuli (detector, generator, dataset or other study)",
R04347,S1,exclude,"S1: no audio, video or deepfake term in title or abstract",
R04348,S2,exclude,"S2 no human real-vs-fake judgment of AI-generated stimuli (detector, generator, dataset or other study)",
R04349,S1b,exclude,S1b: no human-study term in title or abstract,
R04350,S2,exclude,"S2 no human real-vs-fake judgment of AI-generated stimuli (detector, generator, dataset or other study)",
R04351,S2,exclude,"S2 no human real-vs-fake judgment of AI-generated stimuli (detector, generator, dataset or other study)",
R04352,S1,exclude,"S1: no audio, video or deepfake term in title or abstract",
R04353,S2,exclude,"S2 no human real-vs-fake judgment of AI-generated stimuli (detector, generator, dataset or other study)",
R04354,S2,exclude,"S2 no human real-vs-fake judgment of AI-generated stimuli (detector, generator, dataset or other study)",
R04355,S2,exclude,"S2 no human real-vs-fake judgment of AI-generated stimuli (detector, generator, dataset or other study)",
R04356,S1,exclude,"S1: no audio, video or deepfake term in title or abstract",
R04357,S1,exclude,"S1: no audio, video or deepfake term in title or abstract",
R04358,S1,exclude,"S1: no audio, video or deepfake term in title or abstract",
R04359,S2,exclude,"S2 no human real-vs-fake judgment of AI-generated stimuli (detector, generator, dataset or other study)",
R04360,S2,exclude,"S2 no human real-vs-fake judgment of AI-generated stimuli (detector, generator, dataset or other study)",
R04361,S1,exclude,"S1: no audio, video or deepfake term in title or abstract",
R04362,S1b,exclude,S1b: no human-study term in title or abstract,
R04363,S2,exclude,"S2 no human real-vs-fake judgment of AI-generated stimuli (detector, generator, dataset or other study)",
R04364,S2,exclude,"S2 no human real-vs-fake judgment of AI-generated stimuli (detector, generator, dataset or other study)",
R04365,S1,exclude,"S1: no audio, video or deepfake term in title or abstract",
R04366,S2,exclude,"S2 no human real-vs-fake judgment of AI-generated stimuli (detector, generator, dataset or other study)",
R04367,S1,exclude,"S1: no audio, video or deepfake term in title or abstract",
R04368,S1,exclude,"S1: no audio, video or deepfake term in title or abstract",
R04369,S2,exclude,"S2 no human real-vs-fake judgment of AI-generated stimuli (detector, generator, dataset or other study)",
R04370,S1b,exclude,S1b: no human-study term in title or abstract,
R04371,S2,exclude,"S2 no human real-vs-fake judgment of AI-generated stimuli (detector, generator, dataset or other study)",
R04372,S1,exclude,"S1: no audio, video or deepfake term in title or abstract",
R04373,S1,exclude,"S1: no audio, video or deepfake term in title or abstract",
R04374,S2,exclude,"S2 no human real-vs-fake judgment of AI-generated stimuli (detector, generator, dataset or other study)",
R04375,S1,exclude,"S1: no audio, video or deepfake term in title or abstract",
R04376,S1b,exclude,S1b: no human-study term in title or abstract,
R04377,S1,exclude,"S1: no audio, video or deepfake term in title or abstract",
R04378,S1,exclude,"S1: no audio, video or deepfake term in title or abstract",
R04379,S1b,exclude,S1b: no human-study term in title or abstract,
R04380,S1,exclude,"S1: no audio, video or deepfake term in title or abstract",
R04381,S1b,exclude,S1b: no human-study term in title or abstract,
R04382,S2,exclude,"S2 no human real-vs-fake judgment of AI-generated stimuli (detector, generator, dataset or other study)",
R04383,S2,exclude,"S2 no human real-vs-fake judgment of AI-generated stimuli (detector, generator, dataset or other study)",
R04384,S2,exclude,"S2 no human real-vs-fake judgment of AI-generated stimuli (detector, generator, dataset or other study)",
R04385,S2,exclude,"S2 no human real-vs-fake judgment of AI-generated stimuli (detector, generator, dataset or other study)",
R04386,S2,exclude,"S2 no human real-vs-fake judgment of AI-generated stimuli (detector, generator, dataset or other study)",
R04387,S2,exclude,"S2 no human real-vs-fake judgment of AI-generated stimuli (detector, generator, dataset or other study)",
R04388,S1,exclude,"S1: no audio, video or deepfake term in title or abstract",
R04389,S2,exclude,"S2 no human real-vs-fake judgment of AI-generated stimuli (detector, generator, dataset or other study)",
R04390,S2,exclude,"S2 no human real-vs-fake judgment of AI-generated stimuli (detector, generator, dataset or other study)",
R04391,S1,exclude,"S1: no audio, video or deepfake term in title or abstract",
R04392,S1b,exclude,S1b: no human-study term in title or abstract,
R04393,S1,exclude,"S1: no audio, video or deepfake term in title or abstract",
R04394,S2,exclude,"S2 no human real-vs-fake judgment of AI-generated stimuli (detector, generator, dataset or other study)",
R04395,S1b,exclude,S1b: no human-study term in title or abstract,
R04396,S1b,exclude,S1b: no human-study term in title or abstract,
R04397,S2,exclude,"S2 no human real-vs-fake judgment of AI-generated stimuli (detector, generator, dataset or other study)",
R04398,S2,exclude,"S2 no human real-vs-fake judgment of AI-generated stimuli (detector, generator, dataset or other study)",
R04399,S1,exclude,"S1: no audio, video or deepfake term in title or abstract",
R04400,S1,exclude,"S1: no audio, video or deepfake term in title or abstract",
R04401,S2,exclude,"S2 no human real-vs-fake judgment of AI-generated stimuli (detector, generator, dataset or other study)",
R04402,S1,exclude,"S1: no audio, video or deepfake term in title or abstract",
R04403,S2,exclude,"S2 no human real-vs-fake judgment of AI-generated stimuli (detector, generator, dataset or other study)",
R04404,S1,exclude,"S1: no audio, video or deepfake term in title or abstract",
R04405,S1,exclude,"S1: no audio, video or deepfake term in title or abstract",
R04406,S2,exclude,"S2 no human real-vs-fake judgment of AI-generated stimuli (detector, generator, dataset or other study)",
R04407,S1,exclude,"S1: no audio, video or deepfake term in title or abstract",
R04408,S1,exclude,"S1: no audio, video or deepfake term in title or abstract",
R04409,S1,exclude,"S1: no audio, video or deepfake term in title or abstract",
R04410,S2,exclude,"S2 no human real-vs-fake judgment of AI-generated stimuli (detector, generator, dataset or other study)",
R04411,S1b,exclude,S1b: no human-study term in title or abstract,
R04412,S2,exclude,"S2 no human real-vs-fake judgment of AI-generated stimuli (detector, generator, dataset or other study)",
R04413,S2,exclude,"S2 no human real-vs-fake judgment of AI-generated stimuli (detector, generator, dataset or other study)",
R04414,S2,exclude,"S2 no human real-vs-fake judgment of AI-generated stimuli (detector, generator, dataset or other study)",
R04415,S2,exclude,"S2 no human real-vs-fake judgment of AI-generated stimuli (detector, generator, dataset or other study)",
R04416,S2,exclude,"S2 no human real-vs-fake judgment of AI-generated stimuli (detector, generator, dataset or other study)",
R04417,S1,exclude,"S1: no audio, video or deepfake term in title or abstract",
R04418,S1,exclude,"S1: no audio, video or deepfake term in title or abstract",
R04419,S2,exclude,"S2 no human real-vs-fake judgment of AI-generated stimuli (detector, generator, dataset or other study)",
R04420,S2,exclude,"S2 no human real-vs-fake judgment of AI-generated stimuli (detector, generator, dataset or other study)",
R04421,S1,exclude,"S1: no audio, video or deepfake term in title or abstract",
R04422,S2,exclude,"S2 no human real-vs-fake judgment of AI-generated stimuli (detector, generator, dataset or other study)",
R04423,S1,exclude,"S1: no audio, video or deepfake term in title or abstract",
R04424,S2,exclude,"S2 no human real-vs-fake judgment of AI-generated stimuli (detector, generator, dataset or other study)",
R04425,S1,exclude,"S1: no audio, video or deepfake term in title or abstract",
R04426,S1,exclude,"S1: no audio, video or deepfake term in title or abstract",
R04427,S2,exclude,"S2 no human real-vs-fake judgment of AI-generated stimuli (detector, generator, dataset or other study)",
R04428,S1,exclude,"S1: no audio, video or deepfake term in title or abstract",
R04429,S1,exclude,"S1: no audio, video or deepfake term in title or abstract",
R04430,S2,exclude,"S2 no human real-vs-fake judgment of AI-generated stimuli (detector, generator, dataset or other study)",
R04431,S1,exclude,"S1: no audio, video or deepfake term in title or abstract",
R04432,S1b,exclude,S1b: no human-study term in title or abstract,
R04433,S2,exclude,"S2 no human real-vs-fake judgment of AI-generated stimuli (detector, generator, dataset or other study)",
R04434,S2,exclude,"S2 no human real-vs-fake judgment of AI-generated stimuli (detector, generator, dataset or other study)",
R04435,S2,exclude,"S2 no human real-vs-fake judgment of AI-generated stimuli (detector, generator, dataset or other study)",
R04436,S2,exclude,"S2 no human real-vs-fake judgment of AI-generated stimuli (detector, generator, dataset or other study)",
R04437,S2,exclude,"S2 no human real-vs-fake judgment of AI-generated stimuli (detector, generator, dataset or other study)",
R04438,S1b,exclude,S1b: no human-study term in title or abstract,
R04439,S1,exclude,"S1: no audio, video or deepfake term in title or abstract",
R04440,S2,exclude,"S2 no human real-vs-fake judgment of AI-generated stimuli (detector, generator, dataset or other study)",
R04441,S1,exclude,"S1: no audio, video or deepfake term in title or abstract",
R04442,S2,exclude,"S2 no human real-vs-fake judgment of AI-generated stimuli (detector, generator, dataset or other study)",
R04443,S2,exclude,"S2 no human real-vs-fake judgment of AI-generated stimuli (detector, generator, dataset or other study)",
R04444,S1,exclude,"S1: no audio, video or deepfake term in title or abstract",
R04445,S1,exclude,"S1: no audio, video or deepfake term in title or abstract",
R04446,S1b,exclude,S1b: no human-study term in title or abstract,
R04447,S1,exclude,"S1: no audio, video or deepfake term in title or abstract",
R04448,S1,exclude,"S1: no audio, video or deepfake term in title or abstract",
R04449,S1,exclude,"S1: no audio, video or deepfake term in title or abstract",
R04450,S2,exclude,"S2 no human real-vs-fake judgment of AI-generated stimuli (detector, generator, dataset or other study)",
R04451,S1,exclude,"S1: no audio, video or deepfake term in title or abstract",
R04452,S2,exclude,"S2 no human real-vs-fake judgment of AI-generated stimuli (detector, generator, dataset or other study)",
R04453,S3,include,82 listeners classified genuine vs synthetic speech (full and partial spoofs),full_text
R04454,S2,exclude,"S2 no human real-vs-fake judgment of AI-generated stimuli (detector, generator, dataset or other study)",
R04455,S1,exclude,"S1: no audio, video or deepfake term in title or abstract",
R04456,S2,exclude,"S2 no human real-vs-fake judgment of AI-generated stimuli (detector, generator, dataset or other study)",
R04457,S2,exclude,"S2 no human real-vs-fake judgment of AI-generated stimuli (detector, generator, dataset or other study)",
R04458,S1,exclude,"S1: no audio, video or deepfake term in title or abstract",
R04459,S1,exclude,"S1: no audio, video or deepfake term in title or abstract",
R04460,S2,exclude,"S2 no human real-vs-fake judgment of AI-generated stimuli (detector, generator, dataset or other study)",
R04461,S1b,exclude,S1b: no human-study term in title or abstract,
R04462,S1b,exclude,S1b: no human-study term in title or abstract,
R04463,S2,exclude,"S2 no human real-vs-fake judgment of AI-generated stimuli (detector, generator, dataset or other study)",
R04464,S1,exclude,"S1: no audio, video or deepfake term in title or abstract",
R04465,S2,exclude,"S2 no human real-vs-fake judgment of AI-generated stimuli (detector, generator, dataset or other study)",
R04466,S1,exclude,"S1: no audio, video or deepfake term in title or abstract",
R04467,S2,exclude,"S2 no human real-vs-fake judgment of AI-generated stimuli (detector, generator, dataset or other study)",
R04468,S1,exclude,"S1: no audio, video or deepfake term in title or abstract",
R04469,S1,exclude,"S1: no audio, video or deepfake term in title or abstract",
R04470,S2,exclude,"S2 no human real-vs-fake judgment of AI-generated stimuli (detector, generator, dataset or other study)",
R04471,S1,exclude,"S1: no audio, video or deepfake term in title or abstract",
R04472,S1b,exclude,S1b: no human-study term in title or abstract,
R04473,S2,exclude,"S2 no human real-vs-fake judgment of AI-generated stimuli (detector, generator, dataset or other study)",
R04474,S1b,exclude,S1b: no human-study term in title or abstract,
R04475,S1,exclude,"S1: no audio, video or deepfake term in title or abstract",
R04476,S1b,exclude,S1b: no human-study term in title or abstract,
R04477,S2,exclude,"S2 no human real-vs-fake judgment of AI-generated stimuli (detector, generator, dataset or other study)",
R04478,S1,exclude,"S1: no audio, video or deepfake term in title or abstract",
R04479,S2,exclude,"S2 no human real-vs-fake judgment of AI-generated stimuli (detector, generator, dataset or other study)",
R04480,S1,exclude,"S1: no audio, video or deepfake term in title or abstract",
R04481,S1,exclude,"S1: no audio, video or deepfake term in title or abstract",
R04482,S1,exclude,"S1: no audio, video or deepfake term in title or abstract",
R04483,S2,exclude,"S2 no human real-vs-fake judgment of AI-generated stimuli (detector, generator, dataset or other study)",
R04484,S2,exclude,"S2 no human real-vs-fake judgment of AI-generated stimuli (detector, generator, dataset or other study)",
R04485,S2,exclude,"S2 no human real-vs-fake judgment of AI-generated stimuli (detector, generator, dataset or other study)",
R04486,S1,exclude,"S1: no audio, video or deepfake term in title or abstract",
R04487,S1,exclude,"S1: no audio, video or deepfake term in title or abstract",
R04488,S2,exclude,"S2 no human real-vs-fake judgment of AI-generated stimuli (detector, generator, dataset or other study)",
R04489,S1,exclude,"S1: no audio, video or deepfake term in title or abstract",
R04490,S2,exclude,"S2 no human real-vs-fake judgment of AI-generated stimuli (detector, generator, dataset or other study)",
R04491,S1,exclude,"S1: no audio, video or deepfake term in title or abstract",
R04492,S2,exclude,"S2 no human real-vs-fake judgment of AI-generated stimuli (detector, generator, dataset or other study)",
R04493,S1,exclude,"S1: no audio, video or deepfake term in title or abstract",
R04494,S2,exclude,"S2 no human real-vs-fake judgment of AI-generated stimuli (detector, generator, dataset or other study)",
R04495,S1,exclude,"S1: no audio, video or deepfake term in title or abstract",
R04496,S1,exclude,"S1: no audio, video or deepfake term in title or abstract",
R04497,S2,exclude,"S2 no human real-vs-fake judgment of AI-generated stimuli (detector, generator, dataset or other study)",
R04498,S2,exclude,"S2 no human real-vs-fake judgment of AI-generated stimuli (detector, generator, dataset or other study)",
R04499,S2,exclude,"S2 no human real-vs-fake judgment of AI-generated stimuli (detector, generator, dataset or other study)",
R04500,S2,exclude,"S2 no human real-vs-fake judgment of AI-generated stimuli (detector, generator, dataset or other study)",
R04501,S2,exclude,"S2 no human real-vs-fake judgment of AI-generated stimuli (detector, generator, dataset or other study)",
R04502,S2,exclude,"S2 no human real-vs-fake judgment of AI-generated stimuli (detector, generator, dataset or other study)",
R04503,S1,exclude,"S1: no audio, video or deepfake term in title or abstract",
R04504,S1,exclude,"S1: no audio, video or deepfake term in title or abstract",
R04505,S1,exclude,"S1: no audio, video or deepfake term in title or abstract",
R04506,S2,exclude,"S2 no human real-vs-fake judgment of AI-generated stimuli (detector, generator, dataset or other study)",
R04507,S2,exclude,"S2 no human real-vs-fake judgment of AI-generated stimuli (detector, generator, dataset or other study)",
R04508,S1,exclude,"S1: no audio, video or deepfake term in title or abstract",
R04509,S2,exclude,"S2 no human real-vs-fake judgment of AI-generated stimuli (detector, generator, dataset or other study)",
R04510,S2,exclude,"S2 no human real-vs-fake judgment of AI-generated stimuli (detector, generator, dataset or other study)",
R04511,S1,exclude,"S1: no audio, video or deepfake term in title or abstract",
R04512,S2,exclude,"S2 no human real-vs-fake judgment of AI-generated stimuli (detector, generator, dataset or other study)",
R04513,S1,exclude,"S1: no audio, video or deepfake term in title or abstract",
R04514,S1,exclude,"S1: no audio, video or deepfake term in title or abstract",
R04515,S2,exclude,"S2 no human real-vs-fake judgment of AI-generated stimuli (detector, generator, dataset or other study)",
R04516,S2,exclude,"S2 no human real-vs-fake judgment of AI-generated stimuli (detector, generator, dataset or other study)",
R04517,S2,exclude,"S2 no human real-vs-fake judgment of AI-generated stimuli (detector, generator, dataset or other study)",
R04518,S2,exclude,"S2 no human real-vs-fake judgment of AI-generated stimuli (detector, generator, dataset or other study)",
R04519,S1,exclude,"S1: no audio, video or deepfake term in title or abstract",
R04520,S1,exclude,"S1: no audio, video or deepfake term in title or abstract",
R04521,S2,exclude,"S2 no human real-vs-fake judgment of AI-generated stimuli (detector, generator, dataset or other study)",
R04522,S1,exclude,"S1: no audio, video or deepfake term in title or abstract",
R04523,S2,exclude,"S2 no human real-vs-fake judgment of AI-generated stimuli (detector, generator, dataset or other study)",
R04524,S1,exclude,"S1: no audio, video or deepfake term in title or abstract",
R04525,S2,exclude,"S2 no human real-vs-fake judgment of AI-generated stimuli (detector, generator, dataset or other study)",
R04526,S1,exclude,"S1: no audio, video or deepfake term in title or abstract",
R04527,S2,exclude,"S2 no human real-vs-fake judgment of AI-generated stimuli (detector, generator, dataset or other study)",
R04528,S1,exclude,"S1: no audio, video or deepfake term in title or abstract",
R04529,S2,exclude,"S2 no human real-vs-fake judgment of AI-generated stimuli (detector, generator, dataset or other study)",
R04530,S2,exclude,"S2 no human real-vs-fake judgment of AI-generated stimuli (detector, generator, dataset or other study)",
R04531,S1,exclude,"S1: no audio, video or deepfake term in title or abstract",
R04532,S1,exclude,"S1: no audio, video or deepfake term in title or abstract",
R04533,S1,exclude,"S1: no audio, video or deepfake term in title or abstract",
R04534,S1,exclude,"S1: no audio, video or deepfake term in title or abstract",
R04535,S1b,exclude,S1b: no human-study term in title or abstract,
R04536,S1,exclude,"S1: no audio, video or deepfake term in title or abstract",
R04537,S2,exclude,"S2 no human real-vs-fake judgment of AI-generated stimuli (detector, generator, dataset or other study)",
R04538,S1,exclude,"S1: no audio, video or deepfake term in title or abstract",
R04539,S1b,exclude,S1b: no human-study term in title or abstract,
R04540,S2,exclude,"S2 no human real-vs-fake judgment of AI-generated stimuli (detector, generator, dataset or other study)",
R04541,S2,exclude,"S2 no human real-vs-fake judgment of AI-generated stimuli (detector, generator, dataset or other study)",
R04542,S2,exclude,"S2 no human real-vs-fake judgment of AI-generated stimuli (detector, generator, dataset or other study)",
R04543,S1,exclude,"S1: no audio, video or deepfake term in title or abstract",
R04544,S2,exclude,"S2 no human real-vs-fake judgment of AI-generated stimuli (detector, generator, dataset or other study)",
R04545,S1,exclude,"S1: no audio, video or deepfake term in title or abstract",
R04546,S1,exclude,"S1: no audio, video or deepfake term in title or abstract",
R04547,S1,exclude,"S1: no audio, video or deepfake term in title or abstract",
R04548,S2,exclude,"S2 no human real-vs-fake judgment of AI-generated stimuli (detector, generator, dataset or other study)",
R04549,S2,exclude,"S2 no human real-vs-fake judgment of AI-generated stimuli (detector, generator, dataset or other study)",
R04550,S2,exclude,"S2 no human real-vs-fake judgment of AI-generated stimuli (detector, generator, dataset or other study)",
R04551,S1,exclude,"S1: no audio, video or deepfake term in title or abstract",
R04552,S2,exclude,"S2 no human real-vs-fake judgment of AI-generated stimuli (detector, generator, dataset or other study)",
R04553,S1,exclude,"S1: no audio, video or deepfake term in title or abstract",
R04554,S1,exclude,"S1: no audio, video or deepfake term in title or abstract",
R04555,S1b,exclude,S1b: no human-study term in title or abstract,
R04556,S1,exclude,"S1: no audio, video or deepfake term in title or abstract",
R04557,S2,exclude,"S2 no human real-vs-fake judgment of AI-generated stimuli (detector, generator, dataset or other study)",
R04558,S1,exclude,"S1: no audio, video or deepfake term in title or abstract",
R04559,S2,exclude,"S2 no human real-vs-fake judgment of AI-generated stimuli (detector, generator, dataset or other study)",
R04560,S2,exclude,"S2 no human real-vs-fake judgment of AI-generated stimuli (detector, generator, dataset or other study)",
R04561,S2,exclude,"S2 no human real-vs-fake judgment of AI-generated stimuli (detector, generator, dataset or other study)",
R04562,S2,exclude,"S2 no human real-vs-fake judgment of AI-generated stimuli (detector, generator, dataset or other study)",
R04563,S1,exclude,"S1: no audio, video or deepfake term in title or abstract",
R04564,S1,exclude,"S1: no audio, video or deepfake term in title or abstract",
R04565,S1,exclude,"S1: no audio, video or deepfake term in title or abstract",
R04566,S2,exclude,"S2 no human real-vs-fake judgment of AI-generated stimuli (detector, generator, dataset or other study)",
R04567,S1,exclude,"S1: no audio, video or deepfake term in title or abstract",
R04568,S2,exclude,"S2 no human real-vs-fake judgment of AI-generated stimuli (detector, generator, dataset or other study)",
R04569,S2,exclude,"S2 no human real-vs-fake judgment of AI-generated stimuli (detector, generator, dataset or other study)",
R04570,S1,exclude,"S1: no audio, video or deepfake term in title or abstract",
R04571,S2,exclude,"S2 no human real-vs-fake judgment of AI-generated stimuli (detector, generator, dataset or other study)",
R04572,S2,exclude,"S2 no human real-vs-fake judgment of AI-generated stimuli (detector, generator, dataset or other study)",
R04573,S1b,exclude,S1b: no human-study term in title or abstract,
R04574,S1,exclude,"S1: no audio, video or deepfake term in title or abstract",
R04575,S2,exclude,"S2 no human real-vs-fake judgment of AI-generated stimuli (detector, generator, dataset or other study)",
R04576,S1,exclude,"S1: no audio, video or deepfake term in title or abstract",
R04577,S2,exclude,"S2 no human real-vs-fake judgment of AI-generated stimuli (detector, generator, dataset or other study)",
R04578,S2,exclude,"S2 no human real-vs-fake judgment of AI-generated stimuli (detector, generator, dataset or other study)",
R04579,S1,exclude,"S1: no audio, video or deepfake term in title or abstract",
R04580,S1b,exclude,S1b: no human-study term in title or abstract,
R04581,S2,exclude,"S2 no human real-vs-fake judgment of AI-generated stimuli (detector, generator, dataset or other study)",
R04582,S2,exclude,"S2 no human real-vs-fake judgment of AI-generated stimuli (detector, generator, dataset or other study)",
R04583,S1,exclude,"S1: no audio, video or deepfake term in title or abstract",
R04584,S1b,exclude,S1b: no human-study term in title or abstract,
R04585,S2,exclude,"S2 no human real-vs-fake judgment of AI-generated stimuli (detector, generator, dataset or other study)",
R04586,S1,exclude,"S1: no audio, video or deepfake term in title or abstract",
R04587,S1,exclude,"S1: no audio, video or deepfake term in title or abstract",
R04588,S1,exclude,"S1: no audio, video or deepfake term in title or abstract",
R04589,S2,exclude,"S2 no human real-vs-fake judgment of AI-generated stimuli (detector, generator, dataset or other study)",
R04590,S1,exclude,"S1: no audio, video or deepfake term in title or abstract",
R04591,S1,exclude,"S1: no audio, video or deepfake term in title or abstract",
R04592,S2,exclude,"S2 no human real-vs-fake judgment of AI-generated stimuli (detector, generator, dataset or other study)",
R04593,S2,exclude,"S2 no human real-vs-fake judgment of AI-generated stimuli (detector, generator, dataset or other study)",
R04594,S2,exclude,"S2 no human real-vs-fake judgment of AI-generated stimuli (detector, generator, dataset or other study)",
R04595,S1,exclude,"S1: no audio, video or deepfake term in title or abstract",
R04596,S1,exclude,"S1: no audio, video or deepfake term in title or abstract",
R04597,S1,exclude,"S1: no audio, video or deepfake term in title or abstract",
R04598,S1,exclude,"S1: no audio, video or deepfake term in title or abstract",
R04599,S1,exclude,"S1: no audio, video or deepfake term in title or abstract",
R04600,S1b,exclude,S1b: no human-study term in title or abstract,
R04601,S2,exclude,"S2 no human real-vs-fake judgment of AI-generated stimuli (detector, generator, dataset or other study)",
R04602,S1b,exclude,S1b: no human-study term in title or abstract,
R04603,S1,exclude,"S1: no audio, video or deepfake term in title or abstract",
R04604,S1b,exclude,S1b: no human-study term in title or abstract,
R04605,S1,exclude,"S1: no audio, video or deepfake term in title or abstract",
R04606,S2,exclude,"S2 no human real-vs-fake judgment of AI-generated stimuli (detector, generator, dataset or other study)",
R04607,S2,exclude,"S2 no human real-vs-fake judgment of AI-generated stimuli (detector, generator, dataset or other study)",
R04608,S1b,exclude,S1b: no human-study term in title or abstract,
R04609,S2,exclude,"S2 no human real-vs-fake judgment of AI-generated stimuli (detector, generator, dataset or other study)",
R04610,S1,exclude,"S1: no audio, video or deepfake term in title or abstract",
R04611,S2,exclude,"S2 no human real-vs-fake judgment of AI-generated stimuli (detector, generator, dataset or other study)",
R04612,S1,exclude,"S1: no audio, video or deepfake term in title or abstract",
R04613,S1,exclude,"S1: no audio, video or deepfake term in title or abstract",
R04614,S2,exclude,"S2 no human real-vs-fake judgment of AI-generated stimuli (detector, generator, dataset or other study)",
R04615,S2,exclude,"S2 no human real-vs-fake judgment of AI-generated stimuli (detector, generator, dataset or other study)",
R04616,S1,exclude,"S1: no audio, video or deepfake term in title or abstract",
R04617,S2,exclude,"S2 no human real-vs-fake judgment of AI-generated stimuli (detector, generator, dataset or other study)",
R04618,S2,exclude,"S2 no human real-vs-fake judgment of AI-generated stimuli (detector, generator, dataset or other study)",
R04619,S1,exclude,"S1: no audio, video or deepfake term in title or abstract",
R04620,S2,exclude,"S2 no human real-vs-fake judgment of AI-generated stimuli (detector, generator, dataset or other study)",
R04621,S2,exclude,"S2 no human real-vs-fake judgment of AI-generated stimuli (detector, generator, dataset or other study)",
R04622,S1,exclude,"S1: no audio, video or deepfake term in title or abstract",
R04623,S2,exclude,"S2 no human real-vs-fake judgment of AI-generated stimuli (detector, generator, dataset or other study)",
R04624,S2,exclude,"S2 no human real-vs-fake judgment of AI-generated stimuli (detector, generator, dataset or other study)",
R04625,S2,exclude,"S2 no human real-vs-fake judgment of AI-generated stimuli (detector, generator, dataset or other study)",
R04626,S2,exclude,"S2 no human real-vs-fake judgment of AI-generated stimuli (detector, generator, dataset or other study)",
R04627,S2,exclude,"S2 no human real-vs-fake judgment of AI-generated stimuli (detector, generator, dataset or other study)",
R04628,S1,exclude,"S1: no audio, video or deepfake term in title or abstract",
R04629,S1,exclude,"S1: no audio, video or deepfake term in title or abstract",
R04630,S2,exclude,"S2 no human real-vs-fake judgment of AI-generated stimuli (detector, generator, dataset or other study)",
R04631,S2,exclude,"S2 no human real-vs-fake judgment of AI-generated stimuli (detector, generator, dataset or other study)",
R04632,S1,exclude,"S1: no audio, video or deepfake term in title or abstract",
R04633,S1,exclude,"S1: no audio, video or deepfake term in title or abstract",
R04634,S2,exclude,"S2 no human real-vs-fake judgment of AI-generated stimuli (detector, generator, dataset or other study)",
R04635,S2,exclude,"S2 no human real-vs-fake judgment of AI-generated stimuli (detector, generator, dataset or other study)",
R04636,S2,exclude,"S2 no human real-vs-fake judgment of AI-generated stimuli (detector, generator, dataset or other study)",
R04637,S1,exclude,"S1: no audio, video or deepfake term in title or abstract",
R04638,S1,exclude,"S1: no audio, video or deepfake term in title or abstract",
R04639,S1,exclude,"S1: no audio, video or deepfake term in title or abstract",
R04640,S1,exclude,"S1: no audio, video or deepfake term in title or abstract",
R04641,S2,exclude,"S2 no human real-vs-fake judgment of AI-generated stimuli (detector, generator, dataset or other study)",
R04642,S2,exclude,"S2 no human real-vs-fake judgment of AI-generated stimuli (detector, generator, dataset or other study)",
R04643,S1,exclude,"S1: no audio, video or deepfake term in title or abstract",
R04644,S2,exclude,"S2 no human real-vs-fake judgment of AI-generated stimuli (detector, generator, dataset or other study)",
R04645,S2,exclude,"S2 no human real-vs-fake judgment of AI-generated stimuli (detector, generator, dataset or other study)",
R04646,S2,exclude,"S2 no human real-vs-fake judgment of AI-generated stimuli (detector, generator, dataset or other study)",
R04647,S2,exclude,"S2 no human real-vs-fake judgment of AI-generated stimuli (detector, generator, dataset or other study)",
R04648,S1,exclude,"S1: no audio, video or deepfake term in title or abstract",
R04649,S3,include,Two experiments: listeners classified human vs AI Scottish-accented voices; SDT bias and sensitivity,include
R04650,S2,exclude,"S2 no human real-vs-fake judgment of AI-generated stimuli (detector, generator, dataset or other study)",
R04651,S1,exclude,"S1: no audio, video or deepfake term in title or abstract",
R04652,S3,not_retrieved,Swedish thesis on judging AI-generated videos; unclear whether a real/fake judgment task with results exists,full_text
R04653,S1,exclude,"S1: no audio, video or deepfake term in title or abstract",
R04654,S1,exclude,"S1: no audio, video or deepfake term in title or abstract",
R04655,S2,exclude,"S2 no human real-vs-fake judgment of AI-generated stimuli (detector, generator, dataset or other study)",
R04656,S2,exclude,"S2 no human real-vs-fake judgment of AI-generated stimuli (detector, generator, dataset or other study)",
R04657,S2,exclude,"S2 no human real-vs-fake judgment of AI-generated stimuli (detector, generator, dataset or other study)",
R04658,S1,exclude,"S1: no audio, video or deepfake term in title or abstract",
R04659,S1,exclude,"S1: no audio, video or deepfake term in title or abstract",
R04660,S2,exclude,"S2 no human real-vs-fake judgment of AI-generated stimuli (detector, generator, dataset or other study)",
R04661,S2,exclude,"S2 no human real-vs-fake judgment of AI-generated stimuli (detector, generator, dataset or other study)",
R04662,S2,exclude,"S2 no human real-vs-fake judgment of AI-generated stimuli (detector, generator, dataset or other study)",
R04663,S1,exclude,"S1: no audio, video or deepfake term in title or abstract",
R04664,S2,exclude,"S2 no human real-vs-fake judgment of AI-generated stimuli (detector, generator, dataset or other study)",
R04665,S2,exclude,"S2 no human real-vs-fake judgment of AI-generated stimuli (detector, generator, dataset or other study)",
R04666,S2,exclude,"S2 no human real-vs-fake judgment of AI-generated stimuli (detector, generator, dataset or other study)",
R04667,S1,exclude,"S1: no audio, video or deepfake term in title or abstract",
R04668,S2,exclude,"S2 no human real-vs-fake judgment of AI-generated stimuli (detector, generator, dataset or other study)",
R04669,S2,exclude,"S2 no human real-vs-fake judgment of AI-generated stimuli (detector, generator, dataset or other study)",
R04670,S2,exclude,"S2 no human real-vs-fake judgment of AI-generated stimuli (detector, generator, dataset or other study)",
R04671,S1,exclude,"S1: no audio, video or deepfake term in title or abstract",
R04672,S2,exclude,"S2 no human real-vs-fake judgment of AI-generated stimuli (detector, generator, dataset or other study)",
R04673,S2,exclude,"S2 no human real-vs-fake judgment of AI-generated stimuli (detector, generator, dataset or other study)",
R04674,S1b,exclude,S1b: no human-study term in title or abstract,
R04675,S2,exclude,"S2 no human real-vs-fake judgment of AI-generated stimuli (detector, generator, dataset or other study)",
R04676,S1b,exclude,S1b: no human-study term in title or abstract,
R04677,S2,exclude,"S2 no human real-vs-fake judgment of AI-generated stimuli (detector, generator, dataset or other study)",
R04678,S2,exclude,"S2 no human real-vs-fake judgment of AI-generated stimuli (detector, generator, dataset or other study)",
R04679,S2,exclude,"S2 no human real-vs-fake judgment of AI-generated stimuli (detector, generator, dataset or other study)",
R04680,S2,exclude,"S2 no human real-vs-fake judgment of AI-generated stimuli (detector, generator, dataset or other study)",
R04681,S3,include,DF26 benchmark; human detection of real vs AI-generated talking videos reported near chance,include
R04682,S2,exclude,"S2 no human real-vs-fake judgment of AI-generated stimuli (detector, generator, dataset or other study)",
R04683,S2,exclude,"S2 no human real-vs-fake judgment of AI-generated stimuli (detector, generator, dataset or other study)",
R04684,S2,exclude,"S2 no human real-vs-fake judgment of AI-generated stimuli (detector, generator, dataset or other study)",
R04685,S2,exclude,"S2 no human real-vs-fake judgment of AI-generated stimuli (detector, generator, dataset or other study)",
R04686,S1,exclude,"S1: no audio, video or deepfake term in title or abstract",
R04687,S2,exclude,"S2 no human real-vs-fake judgment of AI-generated stimuli (detector, generator, dataset or other study)",
R04688,S1,exclude,"S1: no audio, video or deepfake term in title or abstract",
R04689,S2,exclude,"S2 no human real-vs-fake judgment of AI-generated stimuli (detector, generator, dataset or other study)",
R04690,S1,exclude,"S1: no audio, video or deepfake term in title or abstract",
R04691,S2,exclude,"S2 no human real-vs-fake judgment of AI-generated stimuli (detector, generator, dataset or other study)",
R04692,S1,exclude,"S1: no audio, video or deepfake term in title or abstract",
R04693,S1,exclude,"S1: no audio, video or deepfake term in title or abstract",
R04694,S1,exclude,"S1: no audio, video or deepfake term in title or abstract",
R04695,S2,exclude,"S2 no human real-vs-fake judgment of AI-generated stimuli (detector, generator, dataset or other study)",
R04696,S1,exclude,"S1: no audio, video or deepfake term in title or abstract",
R04697,S2,exclude,"S2 no human real-vs-fake judgment of AI-generated stimuli (detector, generator, dataset or other study)",
R04698,S2,exclude,"S2 no human real-vs-fake judgment of AI-generated stimuli (detector, generator, dataset or other study)",
R04699,S2,exclude,"S2 no human real-vs-fake judgment of AI-generated stimuli (detector, generator, dataset or other study)",
R04700,S1,exclude,"S1: no audio, video or deepfake term in title or abstract",
R04701,S2,exclude,"S2 no human real-vs-fake judgment of AI-generated stimuli (detector, generator, dataset or other study)",
R04702,S2,exclude,"S2 no human real-vs-fake judgment of AI-generated stimuli (detector, generator, dataset or other study)",
R04703,S2,exclude,"S2 no human real-vs-fake judgment of AI-generated stimuli (detector, generator, dataset or other study)",
R04704,S1,exclude,"S1: no audio, video or deepfake term in title or abstract",
R04705,S2,exclude,"S2 no human real-vs-fake judgment of AI-generated stimuli (detector, generator, dataset or other study)",
R04706,S1,exclude,"S1: no audio, video or deepfake term in title or abstract",
R04707,S3,include,Participants received scam calls with cloned familiar voices; deception rate reported,full_text
R04708,S2,exclude,"S2 no human real-vs-fake judgment of AI-generated stimuli (detector, generator, dataset or other study)",
R04709,S2,exclude,"S2 no human real-vs-fake judgment of AI-generated stimuli (detector, generator, dataset or other study)",
R04710,S1,exclude,"S1: no audio, video or deepfake term in title or abstract",
R04711,S2,exclude,"S2 no human real-vs-fake judgment of AI-generated stimuli (detector, generator, dataset or other study)",
R04712,S2,exclude,"S2 no human real-vs-fake judgment of AI-generated stimuli (detector, generator, dataset or other study)",
R04713,S1,exclude,"S1: no audio, video or deepfake term in title or abstract",
R04714,S2,exclude,"S2 no human real-vs-fake judgment of AI-generated stimuli (detector, generator, dataset or other study)",
R04715,S2,exclude,"S2 no human real-vs-fake judgment of AI-generated stimuli (detector, generator, dataset or other study)",
R04716,S2,exclude,"S2 no human real-vs-fake judgment of AI-generated stimuli (detector, generator, dataset or other study)",
R04717,S1b,exclude,S1b: no human-study term in title or abstract,
R04718,S2,exclude,"S2 no human real-vs-fake judgment of AI-generated stimuli (detector, generator, dataset or other study)",
R04719,S3,include,"109 participants rated authentic vs AI audio, images, video for human-likeness",full_text
R04720,S2,exclude,"S2 no human real-vs-fake judgment of AI-generated stimuli (detector, generator, dataset or other study)",
R04721,S3,not_retrieved,Unclear whether participants classified real vs AI videos (outcome is post-exposure skepticism/confidence),full_text
R04722,S1,exclude,"S1: no audio, video or deepfake term in title or abstract",
R04723,S2,exclude,"S2 no human real-vs-fake judgment of AI-generated stimuli (detector, generator, dataset or other study)",
R04724,S2,exclude,"S2 no human real-vs-fake judgment of AI-generated stimuli (detector, generator, dataset or other study)",
R04725,S1,exclude,"S1: no audio, video or deepfake term in title or abstract",
R04726,S2,exclude,"S2 no human real-vs-fake judgment of AI-generated stimuli (detector, generator, dataset or other study)",
R04727,S2,exclude,"S2 no human real-vs-fake judgment of AI-generated stimuli (detector, generator, dataset or other study)",
R04728,S1b,exclude,S1b: no human-study term in title or abstract,
R04729,S1,exclude,"S1: no audio, video or deepfake term in title or abstract",
R04730,S2,exclude,"S2 no human real-vs-fake judgment of AI-generated stimuli (detector, generator, dataset or other study)",
R04731,S2,exclude,"S2 no human real-vs-fake judgment of AI-generated stimuli (detector, generator, dataset or other study)",
R04732,S2,exclude,"S2 no human real-vs-fake judgment of AI-generated stimuli (detector, generator, dataset or other study)",
R04733,S2,exclude,"S2 no human real-vs-fake judgment of AI-generated stimuli (detector, generator, dataset or other study)",
R04734,S1,exclude,"S1: no audio, video or deepfake term in title or abstract",
R04735,S2,exclude,"S2 no human real-vs-fake judgment of AI-generated stimuli (detector, generator, dataset or other study)",
R04736,S1,exclude,"S1: no audio, video or deepfake term in title or abstract",
R04737,S2,exclude,"S2 no human real-vs-fake judgment of AI-generated stimuli (detector, generator, dataset or other study)",
R04738,S2,exclude,"S2 no human real-vs-fake judgment of AI-generated stimuli (detector, generator, dataset or other study)",
R04739,S3,include,450 participants classified Swedish speech clips as AI or human; SDT analysis,include
R04740,S2,exclude,"S2 no human real-vs-fake judgment of AI-generated stimuli (detector, generator, dataset or other study)",
R04741,S2,exclude,"S2 no human real-vs-fake judgment of AI-generated stimuli (detector, generator, dataset or other study)",
R04742,S2,exclude,"S2 no human real-vs-fake judgment of AI-generated stimuli (detector, generator, dataset or other study)",
R04743,S2,exclude,"S2 no human real-vs-fake judgment of AI-generated stimuli (detector, generator, dataset or other study)",
R04744,S2,exclude,"S2 no human real-vs-fake judgment of AI-generated stimuli (detector, generator, dataset or other study)",
R04745,S2,exclude,"S2 no human real-vs-fake judgment of AI-generated stimuli (detector, generator, dataset or other study)",
R04746,S2,exclude,"S2 no human real-vs-fake judgment of AI-generated stimuli (detector, generator, dataset or other study)",
R04747,S1,exclude,"S1: no audio, video or deepfake term in title or abstract",
R04748,S2,exclude,"S2 no human real-vs-fake judgment of AI-generated stimuli (detector, generator, dataset or other study)",
R04749,S2,exclude,"S2 no human real-vs-fake judgment of AI-generated stimuli (detector, generator, dataset or other study)",
R04750,S2,exclude,"S2 no human real-vs-fake judgment of AI-generated stimuli (detector, generator, dataset or other study)",
R04751,S2,exclude,"S2 no human real-vs-fake judgment of AI-generated stimuli (detector, generator, dataset or other study)",
R04752,S2,exclude,"S2 no human real-vs-fake judgment of AI-generated stimuli (detector, generator, dataset or other study)",
R04753,S1,exclude,"S1: no audio, video or deepfake term in title or abstract",
R04754,S2,exclude,"S2 no human real-vs-fake judgment of AI-generated stimuli (detector, generator, dataset or other study)",
R04755,S2,exclude,"S2 no human real-vs-fake judgment of AI-generated stimuli (detector, generator, dataset or other study)",
R04756,S1,exclude,"S1: no audio, video or deepfake term in title or abstract",
R04757,S2,exclude,"S2 no human real-vs-fake judgment of AI-generated stimuli (detector, generator, dataset or other study)",
R04758,S1,exclude,"S1: no audio, video or deepfake term in title or abstract",
R04759,S2,exclude,"S2 no human real-vs-fake judgment of AI-generated stimuli (detector, generator, dataset or other study)",
R04760,S1,exclude,"S1: no audio, video or deepfake term in title or abstract",
R04761,S1,exclude,"S1: no audio, video or deepfake term in title or abstract",
R04762,S2,exclude,"S2 no human real-vs-fake judgment of AI-generated stimuli (detector, generator, dataset or other study)",
R04763,S1,exclude,"S1: no audio, video or deepfake term in title or abstract",
R04764,S3,include,Forced-choice real UGC vs AI-generated audio-visual content with eye tracking,include
R04765,S2,exclude,"S2 no human real-vs-fake judgment of AI-generated stimuli (detector, generator, dataset or other study)",
R04766,S1b,exclude,S1b: no human-study term in title or abstract,
R04767,S1,exclude,"S1: no audio, video or deepfake term in title or abstract",
R04768,S1b,exclude,S1b: no human-study term in title or abstract,
R04769,S1,exclude,"S1: no audio, video or deepfake term in title or abstract",
R04770,S1b,exclude,S1b: no human-study term in title or abstract,
R04771,S1,exclude,"S1: no audio, video or deepfake term in title or abstract",
R04772,S2,exclude,"S2 no human real-vs-fake judgment of AI-generated stimuli (detector, generator, dataset or other study)",
R04773,S2,exclude,S2 stimuli are not audio or video (text or still images),
R04774,S2,exclude,"S2 no human real-vs-fake judgment of AI-generated stimuli (detector, generator, dataset or other study)",
R04775,S1,exclude,"S1: no audio, video or deepfake term in title or abstract",
R04776,S2,exclude,"S2 no human real-vs-fake judgment of AI-generated stimuli (detector, generator, dataset or other study)",
R04777,S1,exclude,"S1: no audio, video or deepfake term in title or abstract",
R04778,S2,exclude,"S2 no human real-vs-fake judgment of AI-generated stimuli (detector, generator, dataset or other study)",
R04779,S1,exclude,"S1: no audio, video or deepfake term in title or abstract",
R04780,S2,exclude,"S2 no human real-vs-fake judgment of AI-generated stimuli (detector, generator, dataset or other study)",
R04781,S2,exclude,"S2 no human real-vs-fake judgment of AI-generated stimuli (detector, generator, dataset or other study)",
R04782,S2,exclude,"S2 no human real-vs-fake judgment of AI-generated stimuli (detector, generator, dataset or other study)",
R04783,S1b,exclude,S1b: no human-study term in title or abstract,
R04784,S2,exclude,"S2 no human real-vs-fake judgment of AI-generated stimuli (detector, generator, dataset or other study)",
R04785,S2,exclude,"S2 no human real-vs-fake judgment of AI-generated stimuli (detector, generator, dataset or other study)",
R04786,S1,exclude,"S1: no audio, video or deepfake term in title or abstract",
R04787,S1b,exclude,S1b: no human-study term in title or abstract,
R04788,S2,exclude,"S2 no human real-vs-fake judgment of AI-generated stimuli (detector, generator, dataset or other study)",
R04789,S1,exclude,"S1: no audio, video or deepfake term in title or abstract",
R04790,S1,exclude,"S1: no audio, video or deepfake term in title or abstract",
R04791,S3,include,"Participants judged paired human vs AI music, narration and video without knowing origin",full_text
R04792,S2,exclude,"S2 no human real-vs-fake judgment of AI-generated stimuli (detector, generator, dataset or other study)",
R04793,S1,exclude,"S1: no audio, video or deepfake term in title or abstract",
R04794,S1b,exclude,S1b: no human-study term in title or abstract,
R04795,S2,exclude,"S2 no human real-vs-fake judgment of AI-generated stimuli (detector, generator, dataset or other study)",
R04796,S2,exclude,"S2 no human real-vs-fake judgment of AI-generated stimuli (detector, generator, dataset or other study)",
R04797,S1,exclude,"S1: no audio, video or deepfake term in title or abstract",
R04798,S3,include,Participants distinguished real vs synthetic video across appearance/motion generation conditions,include
R04799,S2,exclude,"S2 no human real-vs-fake judgment of AI-generated stimuli (detector, generator, dataset or other study)",
R04800,S2,exclude,"S2 no human real-vs-fake judgment of AI-generated stimuli (detector, generator, dataset or other study)",
R04801,S1,exclude,"S1: no audio, video or deepfake term in title or abstract",
R04802,S2,exclude,"S2 no human real-vs-fake judgment of AI-generated stimuli (detector, generator, dataset or other study)",
R04803,S2,exclude,"S2 no human real-vs-fake judgment of AI-generated stimuli (detector, generator, dataset or other study)",
R04804,S2,exclude,"S2 no human real-vs-fake judgment of AI-generated stimuli (detector, generator, dataset or other study)",
R04805,S1,exclude,"S1: no audio, video or deepfake term in title or abstract",
R04806,S1,exclude,"S1: no audio, video or deepfake term in title or abstract",
R04807,S1b,exclude,S1b: no human-study term in title or abstract,
R04808,S1b,exclude,S1b: no human-study term in title or abstract,
R04809,S2,exclude,"S2 no human real-vs-fake judgment of AI-generated stimuli (detector, generator, dataset or other study)",
R04810,S1,exclude,"S1: no audio, video or deepfake term in title or abstract",
R04811,S1,exclude,"S1: no audio, video or deepfake term in title or abstract",
R04812,S2,exclude,"S2 no human real-vs-fake judgment of AI-generated stimuli (detector, generator, dataset or other study)",
R04813,S2,exclude,"S2 no human real-vs-fake judgment of AI-generated stimuli (detector, generator, dataset or other study)",
R04814,S1b,exclude,S1b: no human-study term in title or abstract,
R04815,S1,exclude,"S1: no audio, video or deepfake term in title or abstract",
R04816,S2,exclude,"S2 no human real-vs-fake judgment of AI-generated stimuli (detector, generator, dataset or other study)",
R04817,S1,exclude,"S1: no audio, video or deepfake term in title or abstract",
R04818,S1,exclude,"S1: no audio, video or deepfake term in title or abstract",
R04819,S1,exclude,"S1: no audio, video or deepfake term in title or abstract",
R04820,S1,exclude,"S1: no audio, video or deepfake term in title or abstract",
R04821,S2,exclude,"S2 no human real-vs-fake judgment of AI-generated stimuli (detector, generator, dataset or other study)",
R04822,S1,exclude,"S1: no audio, video or deepfake term in title or abstract",
R04823,S1,exclude,"S1: no audio, video or deepfake term in title or abstract",
R04824,S2,exclude,"S2 no human real-vs-fake judgment of AI-generated stimuli (detector, generator, dataset or other study)",
R04825,S1,exclude,"S1: no audio, video or deepfake term in title or abstract",
R04826,S1,exclude,"S1: no audio, video or deepfake term in title or abstract",
R04827,S1,exclude,"S1: no audio, video or deepfake term in title or abstract",
R04828,S2,exclude,"S2 no human real-vs-fake judgment of AI-generated stimuli (detector, generator, dataset or other study)",
R04829,S3,include,"Human study: passive detection of real-time deepfakes vs DF-CAPTCHA, audio and video",full_text
R04830,S2,exclude,"S2 no human real-vs-fake judgment of AI-generated stimuli (detector, generator, dataset or other study)",
R04831,S2,exclude,"S2 no human real-vs-fake judgment of AI-generated stimuli (detector, generator, dataset or other study)",
R04832,S2,exclude,"S2 no human real-vs-fake judgment of AI-generated stimuli (detector, generator, dataset or other study)",
R04833,S2,exclude,"S2 no human real-vs-fake judgment of AI-generated stimuli (detector, generator, dataset or other study)",
R04834,S1,exclude,"S1: no audio, video or deepfake term in title or abstract",
R04835,S1b,exclude,S1b: no human-study term in title or abstract,
R04836,S2,exclude,"S2 no human real-vs-fake judgment of AI-generated stimuli (detector, generator, dataset or other study)",
R04837,S1,exclude,"S1: no audio, video or deepfake term in title or abstract",
R04838,S3,exclude,E1: automatic speaker recognition (ECAPA-TDNN) on synthetic voices; no human judgment,full_text
R04839,S2,exclude,"S2 no human real-vs-fake judgment of AI-generated stimuli (detector, generator, dataset or other study)",
R04840,S1,exclude,"S1: no audio, video or deepfake term in title or abstract",
R04841,S2,exclude,"S2 no human real-vs-fake judgment of AI-generated stimuli (detector, generator, dataset or other study)",
R04842,S1,exclude,"S1: no audio, video or deepfake term in title or abstract",
R04843,S2,exclude,"S2 no human real-vs-fake judgment of AI-generated stimuli (detector, generator, dataset or other study)",
R04844,S1,exclude,"S1: no audio, video or deepfake term in title or abstract",
R04845,S3,include,Stimulus dataset for Davodi et al. CVPRW 2026: 376 participants judged real vs AI videos,full_text
R04846,S2,exclude,"S2 no human real-vs-fake judgment of AI-generated stimuli (detector, generator, dataset or other study)",
R04847,S2,exclude,"S2 no human real-vs-fake judgment of AI-generated stimuli (detector, generator, dataset or other study)",
R04848,S2,exclude,"S2 no human real-vs-fake judgment of AI-generated stimuli (detector, generator, dataset or other study)",
R04849,S2,exclude,"S2 no human real-vs-fake judgment of AI-generated stimuli (detector, generator, dataset or other study)",
R04850,S1,exclude,"S1: no audio, video or deepfake term in title or abstract",
R04851,S2,exclude,"S2 no human real-vs-fake judgment of AI-generated stimuli (detector, generator, dataset or other study)",
R04852,S2,exclude,"S2 no human real-vs-fake judgment of AI-generated stimuli (detector, generator, dataset or other study)",
R04853,S1,exclude,"S1: no audio, video or deepfake term in title or abstract",
R04854,S2,exclude,"S2 no human real-vs-fake judgment of AI-generated stimuli (detector, generator, dataset or other study)",
R04855,S2,exclude,"S2 no human real-vs-fake judgment of AI-generated stimuli (detector, generator, dataset or other study)",
R04856,S2,exclude,"S2 no human real-vs-fake judgment of AI-generated stimuli (detector, generator, dataset or other study)",
R04857,S2,exclude,"S2 no human real-vs-fake judgment of AI-generated stimuli (detector, generator, dataset or other study)",
R04858,S2,exclude,"S2 no human real-vs-fake judgment of AI-generated stimuli (detector, generator, dataset or other study)",
R04859,S2,exclude,"S2 no human real-vs-fake judgment of AI-generated stimuli (detector, generator, dataset or other study)",
R04860,S2,exclude,"S2 no human real-vs-fake judgment of AI-generated stimuli (detector, generator, dataset or other study)",
R04861,S2,exclude,"S2 no human real-vs-fake judgment of AI-generated stimuli (detector, generator, dataset or other study)",
R04862,S1b,exclude,S1b: no human-study term in title or abstract,
R04863,S1,exclude,"S1: no audio, video or deepfake term in title or abstract",
R04864,S1,exclude,"S1: no audio, video or deepfake term in title or abstract",
R04865,S2,exclude,"S2 no human real-vs-fake judgment of AI-generated stimuli (detector, generator, dataset or other study)",
R04866,S2,exclude,"S2 no human real-vs-fake judgment of AI-generated stimuli (detector, generator, dataset or other study)",
R04867,S1,exclude,"S1: no audio, video or deepfake term in title or abstract",
R04868,S1,exclude,"S1: no audio, video or deepfake term in title or abstract",
R04869,S1,exclude,"S1: no audio, video or deepfake term in title or abstract",
R04870,S1,exclude,"S1: no audio, video or deepfake term in title or abstract",
R04871,S2,exclude,"S2 no human real-vs-fake judgment of AI-generated stimuli (detector, generator, dataset or other study)",
R04872,S2,exclude,"S2 no human real-vs-fake judgment of AI-generated stimuli (detector, generator, dataset or other study)",
R04873,S2,exclude,"S2 no human real-vs-fake judgment of AI-generated stimuli (detector, generator, dataset or other study)",
R04874,S1,exclude,"S1: no audio, video or deepfake term in title or abstract",
R04875,S2,exclude,"S2 no human real-vs-fake judgment of AI-generated stimuli (detector, generator, dataset or other study)",
R04876,S2,exclude,S2 stimuli are not audio or video (text or still images),
R04877,S2,exclude,"S2 no human real-vs-fake judgment of AI-generated stimuli (detector, generator, dataset or other study)",
R04878,S1,exclude,"S1: no audio, video or deepfake term in title or abstract",
R04879,S1,exclude,"S1: no audio, video or deepfake term in title or abstract",
R04880,S2,exclude,"S2 no human real-vs-fake judgment of AI-generated stimuli (detector, generator, dataset or other study)",
R04881,S2,exclude,"S2 no human real-vs-fake judgment of AI-generated stimuli (detector, generator, dataset or other study)",
R04882,S2,exclude,"S2 no human real-vs-fake judgment of AI-generated stimuli (detector, generator, dataset or other study)",
R04883,S2,exclude,"S2 no human real-vs-fake judgment of AI-generated stimuli (detector, generator, dataset or other study)",
R04884,S2,exclude,"S2 no human real-vs-fake judgment of AI-generated stimuli (detector, generator, dataset or other study)",
R04885,S2,exclude,"S2 no human real-vs-fake judgment of AI-generated stimuli (detector, generator, dataset or other study)",
R04886,S2,exclude,"S2 no human real-vs-fake judgment of AI-generated stimuli (detector, generator, dataset or other study)",
R04887,S1,exclude,"S1: no audio, video or deepfake term in title or abstract",
R04888,S2,exclude,"S2 no human real-vs-fake judgment of AI-generated stimuli (detector, generator, dataset or other study)",
R04889,S2,exclude,"S2 no human real-vs-fake judgment of AI-generated stimuli (detector, generator, dataset or other study)",
R04890,S2,exclude,"S2 no human real-vs-fake judgment of AI-generated stimuli (detector, generator, dataset or other study)",
R04891,S1,exclude,"S1: no audio, video or deepfake term in title or abstract",
R04892,S1,exclude,"S1: no audio, video or deepfake term in title or abstract",
R04893,S1,exclude,"S1: no audio, video or deepfake term in title or abstract",
R04894,S2,exclude,"S2 no human real-vs-fake judgment of AI-generated stimuli (detector, generator, dataset or other study)",
R04895,S2,exclude,"S2 no human real-vs-fake judgment of AI-generated stimuli (detector, generator, dataset or other study)",
R04896,S1,exclude,"S1: no audio, video or deepfake term in title or abstract",
R04897,S1,exclude,"S1: no audio, video or deepfake term in title or abstract",
R04898,S2,exclude,"S2 no human real-vs-fake judgment of AI-generated stimuli (detector, generator, dataset or other study)",
R04899,S1,exclude,"S1: no audio, video or deepfake term in title or abstract",
R04900,S1b,exclude,S1b: no human-study term in title or abstract,
R04901,S1b,exclude,S1b: no human-study term in title or abstract,
R04902,S2,exclude,"S2 no human real-vs-fake judgment of AI-generated stimuli (detector, generator, dataset or other study)",
R04903,S2,exclude,"S2 no human real-vs-fake judgment of AI-generated stimuli (detector, generator, dataset or other study)",
R04904,S2,exclude,"S2 no human real-vs-fake judgment of AI-generated stimuli (detector, generator, dataset or other study)",
R04905,S1,exclude,"S1: no audio, video or deepfake term in title or abstract",
R04906,S1,exclude,"S1: no audio, video or deepfake term in title or abstract",
R04907,S2,exclude,"S2 no human real-vs-fake judgment of AI-generated stimuli (detector, generator, dataset or other study)",
R04908,S2,exclude,"S2 no human real-vs-fake judgment of AI-generated stimuli (detector, generator, dataset or other study)",
R04909,S2,exclude,"S2 no human real-vs-fake judgment of AI-generated stimuli (detector, generator, dataset or other study)",
R04910,S2,exclude,"S2 no human real-vs-fake judgment of AI-generated stimuli (detector, generator, dataset or other study)",
R04911,S1,exclude,"S1: no audio, video or deepfake term in title or abstract",
R04912,S2,exclude,"S2 no human real-vs-fake judgment of AI-generated stimuli (detector, generator, dataset or other study)",
R04913,S1b,exclude,S1b: no human-study term in title or abstract,
R04914,S1b,exclude,S1b: no human-study term in title or abstract,
R04915,S1,exclude,"S1: no audio, video or deepfake term in title or abstract",
R04916,S2,exclude,"S2 no human real-vs-fake judgment of AI-generated stimuli (detector, generator, dataset or other study)",
R04917,S1b,exclude,S1b: no human-study term in title or abstract,
R04918,S1,exclude,"S1: no audio, video or deepfake term in title or abstract",
R04919,S2,exclude,"S2 no human real-vs-fake judgment of AI-generated stimuli (detector, generator, dataset or other study)",
R04920,S2,exclude,"S2 no human real-vs-fake judgment of AI-generated stimuli (detector, generator, dataset or other study)",
R04921,S2,exclude,"S2 no human real-vs-fake judgment of AI-generated stimuli (detector, generator, dataset or other study)",
R04922,S1,exclude,"S1: no audio, video or deepfake term in title or abstract",
R04923,S1,exclude,"S1: no audio, video or deepfake term in title or abstract",
R04924,S2,exclude,"S2 no human real-vs-fake judgment of AI-generated stimuli (detector, generator, dataset or other study)",
R04925,S2,exclude,"S2 no human real-vs-fake judgment of AI-generated stimuli (detector, generator, dataset or other study)",
R04926,S2,exclude,"S2 no human real-vs-fake judgment of AI-generated stimuli (detector, generator, dataset or other study)",
R04927,S2,exclude,S2 stimuli are not audio or video (text or still images),
R04928,S2,exclude,"S2 no human real-vs-fake judgment of AI-generated stimuli (detector, generator, dataset or other study)",
R04929,S2,exclude,"S2 no human real-vs-fake judgment of AI-generated stimuli (detector, generator, dataset or other study)",
R04930,S2,exclude,"S2 no human real-vs-fake judgment of AI-generated stimuli (detector, generator, dataset or other study)",
R04931,S2,exclude,"S2 no human real-vs-fake judgment of AI-generated stimuli (detector, generator, dataset or other study)",
R04932,S2,exclude,"S2 no human real-vs-fake judgment of AI-generated stimuli (detector, generator, dataset or other study)",
R04933,S2,exclude,"S2 no human real-vs-fake judgment of AI-generated stimuli (detector, generator, dataset or other study)",
R04934,S2,exclude,"S2 no human real-vs-fake judgment of AI-generated stimuli (detector, generator, dataset or other study)",
R04935,S2,exclude,"S2 no human real-vs-fake judgment of AI-generated stimuli (detector, generator, dataset or other study)",
R04936,S1,exclude,"S1: no audio, video or deepfake term in title or abstract",
R04937,S1,exclude,"S1: no audio, video or deepfake term in title or abstract",
R04938,S1,exclude,"S1: no audio, video or deepfake term in title or abstract",
R04939,S1,exclude,"S1: no audio, video or deepfake term in title or abstract",
R04940,S2,exclude,"S2 no human real-vs-fake judgment of AI-generated stimuli (detector, generator, dataset or other study)",
R04941,S1,exclude,"S1: no audio, video or deepfake term in title or abstract",
R04942,S2,exclude,"S2 no human real-vs-fake judgment of AI-generated stimuli (detector, generator, dataset or other study)",
R04943,S2,exclude,"S2 no human real-vs-fake judgment of AI-generated stimuli (detector, generator, dataset or other study)",
R04944,S2,exclude,"S2 no human real-vs-fake judgment of AI-generated stimuli (detector, generator, dataset or other study)",
R04945,S2,exclude,"S2 no human real-vs-fake judgment of AI-generated stimuli (detector, generator, dataset or other study)",
R04946,S2,exclude,"S2 no human real-vs-fake judgment of AI-generated stimuli (detector, generator, dataset or other study)",
R04947,S1,exclude,"S1: no audio, video or deepfake term in title or abstract",
R04948,S2,exclude,"S2 no human real-vs-fake judgment of AI-generated stimuli (detector, generator, dataset or other study)",
R04949,S2,exclude,"S2 no human real-vs-fake judgment of AI-generated stimuli (detector, generator, dataset or other study)",
R04950,S2,exclude,"S2 no human real-vs-fake judgment of AI-generated stimuli (detector, generator, dataset or other study)",
R04951,S1,exclude,"S1: no audio, video or deepfake term in title or abstract",
R04952,S1,exclude,"S1: no audio, video or deepfake term in title or abstract",
R04953,S2,exclude,"S2 no human real-vs-fake judgment of AI-generated stimuli (detector, generator, dataset or other study)",
R04954,S2,exclude,"S2 no human real-vs-fake judgment of AI-generated stimuli (detector, generator, dataset or other study)",
R04955,S2,exclude,"S2 no human real-vs-fake judgment of AI-generated stimuli (detector, generator, dataset or other study)",
R04956,S1,exclude,"S1: no audio, video or deepfake term in title or abstract",
R04957,S2,exclude,"S2 no human real-vs-fake judgment of AI-generated stimuli (detector, generator, dataset or other study)",
R04958,S1,exclude,"S1: no audio, video or deepfake term in title or abstract",
R04959,S2,exclude,"S2 no human real-vs-fake judgment of AI-generated stimuli (detector, generator, dataset or other study)",
R04960,S1,exclude,"S1: no audio, video or deepfake term in title or abstract",
R04961,S1,exclude,"S1: no audio, video or deepfake term in title or abstract",
R04962,S1,exclude,"S1: no audio, video or deepfake term in title or abstract",
R04963,S2,exclude,"S2 no human real-vs-fake judgment of AI-generated stimuli (detector, generator, dataset or other study)",
R04964,S1,exclude,"S1: no audio, video or deepfake term in title or abstract",
R04965,S1,exclude,"S1: no audio, video or deepfake term in title or abstract",
R04966,S1b,exclude,S1b: no human-study term in title or abstract,
R04967,S1,exclude,"S1: no audio, video or deepfake term in title or abstract",
R04968,S2,exclude,S2 stimuli are not audio or video (text or still images),
R04969,S2,exclude,"S2 no human real-vs-fake judgment of AI-generated stimuli (detector, generator, dataset or other study)",
R04970,S1b,exclude,S1b: no human-study term in title or abstract,
R04971,S1,exclude,"S1: no audio, video or deepfake term in title or abstract",
R04972,S2,exclude,"S2 no human real-vs-fake judgment of AI-generated stimuli (detector, generator, dataset or other study)",
R04973,S2,exclude,"S2 no human real-vs-fake judgment of AI-generated stimuli (detector, generator, dataset or other study)",
R04974,S1,exclude,"S1: no audio, video or deepfake term in title or abstract",
R04975,S2,exclude,"S2 no human real-vs-fake judgment of AI-generated stimuli (detector, generator, dataset or other study)",
R04976,S1,exclude,"S1: no audio, video or deepfake term in title or abstract",
R04977,S2,exclude,"S2 no human real-vs-fake judgment of AI-generated stimuli (detector, generator, dataset or other study)",
R04978,S1,exclude,"S1: no audio, video or deepfake term in title or abstract",
R04979,S2,exclude,"S2 no human real-vs-fake judgment of AI-generated stimuli (detector, generator, dataset or other study)",
R04980,S1,exclude,"S1: no audio, video or deepfake term in title or abstract",
R04981,S2,exclude,"S2 no human real-vs-fake judgment of AI-generated stimuli (detector, generator, dataset or other study)",
R04982,S1,exclude,"S1: no audio, video or deepfake term in title or abstract",
R04983,S2,exclude,"S2 no human real-vs-fake judgment of AI-generated stimuli (detector, generator, dataset or other study)",
R04984,S2,exclude,"S2 no human real-vs-fake judgment of AI-generated stimuli (detector, generator, dataset or other study)",
R04985,S1,exclude,"S1: no audio, video or deepfake term in title or abstract",
R04986,S1,exclude,"S1: no audio, video or deepfake term in title or abstract",
R04987,S1,exclude,"S1: no audio, video or deepfake term in title or abstract",
R04988,S2,exclude,"S2 no human real-vs-fake judgment of AI-generated stimuli (detector, generator, dataset or other study)",
R04989,S2,exclude,"S2 no human real-vs-fake judgment of AI-generated stimuli (detector, generator, dataset or other study)",
R04990,S1,exclude,"S1: no audio, video or deepfake term in title or abstract",
R04991,S2,exclude,"S2 no human real-vs-fake judgment of AI-generated stimuli (detector, generator, dataset or other study)",
R04992,S2,exclude,"S2 no human real-vs-fake judgment of AI-generated stimuli (detector, generator, dataset or other study)",
R04993,S1,exclude,"S1: no audio, video or deepfake term in title or abstract",
R04994,S1,exclude,"S1: no audio, video or deepfake term in title or abstract",
R04995,S2,exclude,"S2 no human real-vs-fake judgment of AI-generated stimuli (detector, generator, dataset or other study)",
R04996,S2,exclude,"S2 no human real-vs-fake judgment of AI-generated stimuli (detector, generator, dataset or other study)",
R04997,S2,exclude,"S2 no human real-vs-fake judgment of AI-generated stimuli (detector, generator, dataset or other study)",
R04998,S2,exclude,"S2 no human real-vs-fake judgment of AI-generated stimuli (detector, generator, dataset or other study)",
R04999,S1,exclude,"S1: no audio, video or deepfake term in title or abstract",
R05000,S2,exclude,"S2 no human real-vs-fake judgment of AI-generated stimuli (detector, generator, dataset or other study)",
R05001,S1b,exclude,S1b: no human-study term in title or abstract,
R05002,S1b,exclude,S1b: no human-study term in title or abstract,
R05003,S1,exclude,"S1: no audio, video or deepfake term in title or abstract",
R05004,S2,exclude,"S2 no human real-vs-fake judgment of AI-generated stimuli (detector, generator, dataset or other study)",
R05005,S1b,exclude,S1b: no human-study term in title or abstract,
R05006,S1b,exclude,S1b: no human-study term in title or abstract,
R05007,S1,exclude,"S1: no audio, video or deepfake term in title or abstract",
R05008,S1,exclude,"S1: no audio, video or deepfake term in title or abstract",
R05009,S1,exclude,"S1: no audio, video or deepfake term in title or abstract",
R05010,S2,exclude,"S2 no human real-vs-fake judgment of AI-generated stimuli (detector, generator, dataset or other study)",
R05011,S2,exclude,"S2 no human real-vs-fake judgment of AI-generated stimuli (detector, generator, dataset or other study)",
R05012,S2,exclude,"S2 no human real-vs-fake judgment of AI-generated stimuli (detector, generator, dataset or other study)",
R05013,S2,exclude,"S2 no human real-vs-fake judgment of AI-generated stimuli (detector, generator, dataset or other study)",
R05014,S2,exclude,"S2 no human real-vs-fake judgment of AI-generated stimuli (detector, generator, dataset or other study)",
R05015,S1,exclude,"S1: no audio, video or deepfake term in title or abstract",
R05016,S2,exclude,"S2 no human real-vs-fake judgment of AI-generated stimuli (detector, generator, dataset or other study)",
R05017,S2,exclude,"S2 no human real-vs-fake judgment of AI-generated stimuli (detector, generator, dataset or other study)",
R05018,S1,exclude,"S1: no audio, video or deepfake term in title or abstract",
R05019,S1b,exclude,S1b: no human-study term in title or abstract,
R05020,S2,exclude,"S2 no human real-vs-fake judgment of AI-generated stimuli (detector, generator, dataset or other study)",
R05021,S1,exclude,"S1: no audio, video or deepfake term in title or abstract",
R05022,S1,exclude,"S1: no audio, video or deepfake term in title or abstract",
R05023,S1,exclude,"S1: no audio, video or deepfake term in title or abstract",
R05024,S1,exclude,"S1: no audio, video or deepfake term in title or abstract",
R05025,S1,exclude,"S1: no audio, video or deepfake term in title or abstract",
R05026,S1,exclude,"S1: no audio, video or deepfake term in title or abstract",
R05027,S1,exclude,"S1: no audio, video or deepfake term in title or abstract",
R05028,S1,exclude,"S1: no audio, video or deepfake term in title or abstract",
R05029,S2,exclude,"S2 no human real-vs-fake judgment of AI-generated stimuli (detector, generator, dataset or other study)",
R05030,S2,exclude,"S2 no human real-vs-fake judgment of AI-generated stimuli (detector, generator, dataset or other study)",
R05031,S2,exclude,"S2 no human real-vs-fake judgment of AI-generated stimuli (detector, generator, dataset or other study)",
R05032,S2,exclude,"S2 no human real-vs-fake judgment of AI-generated stimuli (detector, generator, dataset or other study)",
R05033,S1,exclude,"S1: no audio, video or deepfake term in title or abstract",
R05034,S1b,exclude,S1b: no human-study term in title or abstract,
R05035,S2,exclude,"S2 no human real-vs-fake judgment of AI-generated stimuli (detector, generator, dataset or other study)",
R05036,S1,exclude,"S1: no audio, video or deepfake term in title or abstract",
R05037,S2,exclude,"S2 no human real-vs-fake judgment of AI-generated stimuli (detector, generator, dataset or other study)",
R05038,S2,exclude,"S2 no human real-vs-fake judgment of AI-generated stimuli (detector, generator, dataset or other study)",
R05039,S1,exclude,"S1: no audio, video or deepfake term in title or abstract",
R05040,S2,exclude,"S2 no human real-vs-fake judgment of AI-generated stimuli (detector, generator, dataset or other study)",
R05041,S1,exclude,"S1: no audio, video or deepfake term in title or abstract",
R05042,S1b,exclude,S1b: no human-study term in title or abstract,
R05043,S2,exclude,"S2 no human real-vs-fake judgment of AI-generated stimuli (detector, generator, dataset or other study)",
R05044,S2,exclude,"S2 no human real-vs-fake judgment of AI-generated stimuli (detector, generator, dataset or other study)",
R05045,S1,exclude,"S1: no audio, video or deepfake term in title or abstract",
R05046,S2,exclude,"S2 no human real-vs-fake judgment of AI-generated stimuli (detector, generator, dataset or other study)",
R05047,S1,exclude,"S1: no audio, video or deepfake term in title or abstract",
R05048,S1b,exclude,S1b: no human-study term in title or abstract,
R05049,S1b,exclude,S1b: no human-study term in title or abstract,
R05050,S1,exclude,"S1: no audio, video or deepfake term in title or abstract",
R05051,S2,exclude,"S2 no human real-vs-fake judgment of AI-generated stimuli (detector, generator, dataset or other study)",
R05052,S2,exclude,"S2 no human real-vs-fake judgment of AI-generated stimuli (detector, generator, dataset or other study)",
R05053,S2,exclude,"S2 no human real-vs-fake judgment of AI-generated stimuli (detector, generator, dataset or other study)",
R05054,S3,exclude,E4: dataset of self-report Likert items on authenticity judgment; no stimulus-based detection task,full_text
R05055,S1,exclude,"S1: no audio, video or deepfake term in title or abstract",
R05056,S2,exclude,"S2 no human real-vs-fake judgment of AI-generated stimuli (detector, generator, dataset or other study)",
R05057,S1,exclude,"S1: no audio, video or deepfake term in title or abstract",
R05058,S2,exclude,"S2 no human real-vs-fake judgment of AI-generated stimuli (detector, generator, dataset or other study)",
R05059,S2,exclude,"S2 no human real-vs-fake judgment of AI-generated stimuli (detector, generator, dataset or other study)",
R05060,S1b,exclude,S1b: no human-study term in title or abstract,
R05061,S2,exclude,"S2 no human real-vs-fake judgment of AI-generated stimuli (detector, generator, dataset or other study)",
R05062,S1b,exclude,S1b: no human-study term in title or abstract,
R05063,S1,exclude,"S1: no audio, video or deepfake term in title or abstract",
R05064,S2,exclude,"S2 no human real-vs-fake judgment of AI-generated stimuli (detector, generator, dataset or other study)",
R05065,S1b,exclude,S1b: no human-study term in title or abstract,
R05066,S1,exclude,"S1: no audio, video or deepfake term in title or abstract",
R05067,S1b,exclude,S1b: no human-study term in title or abstract,
R05068,S1,exclude,"S1: no audio, video or deepfake term in title or abstract",
R05069,S2,exclude,"S2 no human real-vs-fake judgment of AI-generated stimuli (detector, generator, dataset or other study)",
R05070,S1,exclude,"S1: no audio, video or deepfake term in title or abstract",
R05071,S1,exclude,"S1: no audio, video or deepfake term in title or abstract",
R05072,S1,exclude,"S1: no audio, video or deepfake term in title or abstract",
R05073,S1,exclude,"S1: no audio, video or deepfake term in title or abstract",
R05074,S2,exclude,"S2 no human real-vs-fake judgment of AI-generated stimuli (detector, generator, dataset or other study)",
R05075,S2,exclude,"S2 no human real-vs-fake judgment of AI-generated stimuli (detector, generator, dataset or other study)",
R05076,S2,exclude,"S2 no human real-vs-fake judgment of AI-generated stimuli (detector, generator, dataset or other study)",
R05077,S1,exclude,"S1: no audio, video or deepfake term in title or abstract",
R05078,S1,exclude,"S1: no audio, video or deepfake term in title or abstract",
R05079,S2,exclude,"S2 no human real-vs-fake judgment of AI-generated stimuli (detector, generator, dataset or other study)",
R05080,S2,exclude,"S2 no human real-vs-fake judgment of AI-generated stimuli (detector, generator, dataset or other study)",
R05081,S1,exclude,"S1: no audio, video or deepfake term in title or abstract",
R05082,S2,exclude,"S2 no human real-vs-fake judgment of AI-generated stimuli (detector, generator, dataset or other study)",
R05083,S1,exclude,"S1: no audio, video or deepfake term in title or abstract",
R05084,S1,exclude,"S1: no audio, video or deepfake term in title or abstract",
R05085,S1b,exclude,S1b: no human-study term in title or abstract,
R05086,S1,exclude,"S1: no audio, video or deepfake term in title or abstract",
R05087,S1,exclude,"S1: no audio, video or deepfake term in title or abstract",
R05088,S1,exclude,"S1: no audio, video or deepfake term in title or abstract",
R05089,S2,exclude,"S2 no human real-vs-fake judgment of AI-generated stimuli (detector, generator, dataset or other study)",
R05090,S2,exclude,"S2 no human real-vs-fake judgment of AI-generated stimuli (detector, generator, dataset or other study)",
R05091,S2,exclude,"S2 no human real-vs-fake judgment of AI-generated stimuli (detector, generator, dataset or other study)",
R05092,S2,exclude,"S2 no human real-vs-fake judgment of AI-generated stimuli (detector, generator, dataset or other study)",
R05093,S1,exclude,"S1: no audio, video or deepfake term in title or abstract",
R05094,S1,exclude,"S1: no audio, video or deepfake term in title or abstract",
R05095,S2,exclude,"S2 no human real-vs-fake judgment of AI-generated stimuli (detector, generator, dataset or other study)",
R05096,S2,exclude,"S2 no human real-vs-fake judgment of AI-generated stimuli (detector, generator, dataset or other study)",
R05097,S1,exclude,"S1: no audio, video or deepfake term in title or abstract",
R05098,S1b,exclude,S1b: no human-study term in title or abstract,
R05099,S1b,exclude,S1b: no human-study term in title or abstract,
R05100,S1,exclude,"S1: no audio, video or deepfake term in title or abstract",
R05101,S2,exclude,"S2 no human real-vs-fake judgment of AI-generated stimuli (detector, generator, dataset or other study)",
R05102,S1,exclude,"S1: no audio, video or deepfake term in title or abstract",
R05103,S1,exclude,"S1: no audio, video or deepfake term in title or abstract",
R05104,S2,exclude,"S2 no human real-vs-fake judgment of AI-generated stimuli (detector, generator, dataset or other study)",
R05105,S1,exclude,"S1: no audio, video or deepfake term in title or abstract",
R05106,S1,exclude,"S1: no audio, video or deepfake term in title or abstract",
R05107,S1,exclude,"S1: no audio, video or deepfake term in title or abstract",
R05108,S1b,exclude,S1b: no human-study term in title or abstract,
R05109,S2,exclude,"S2 no human real-vs-fake judgment of AI-generated stimuli (detector, generator, dataset or other study)",
R05110,S2,exclude,"S2 no human real-vs-fake judgment of AI-generated stimuli (detector, generator, dataset or other study)",
R05111,S1,exclude,"S1: no audio, video or deepfake term in title or abstract",
R05112,S1,exclude,"S1: no audio, video or deepfake term in title or abstract",
R05113,S2,exclude,"S2 no human real-vs-fake judgment of AI-generated stimuli (detector, generator, dataset or other study)",
R05114,S1,exclude,"S1: no audio, video or deepfake term in title or abstract",
R05115,S2,exclude,"S2 no human real-vs-fake judgment of AI-generated stimuli (detector, generator, dataset or other study)",
R05116,S2,exclude,"S2 no human real-vs-fake judgment of AI-generated stimuli (detector, generator, dataset or other study)",
R05117,S2,exclude,"S2 no human real-vs-fake judgment of AI-generated stimuli (detector, generator, dataset or other study)",
R05118,S1,exclude,"S1: no audio, video or deepfake term in title or abstract",
R05119,S1,exclude,"S1: no audio, video or deepfake term in title or abstract",
R05120,S1,exclude,"S1: no audio, video or deepfake term in title or abstract",
R05121,S1,exclude,"S1: no audio, video or deepfake term in title or abstract",
R05122,S1,exclude,"S1: no audio, video or deepfake term in title or abstract",
R05123,S2,exclude,"S2 no human real-vs-fake judgment of AI-generated stimuli (detector, generator, dataset or other study)",
R05124,S1,exclude,"S1: no audio, video or deepfake term in title or abstract",
R05125,S1,exclude,"S1: no audio, video or deepfake term in title or abstract",
R05126,S2,exclude,"S2 no human real-vs-fake judgment of AI-generated stimuli (detector, generator, dataset or other study)",
R05127,S2,exclude,"S2 no human real-vs-fake judgment of AI-generated stimuli (detector, generator, dataset or other study)",
R05128,S1,exclude,"S1: no audio, video or deepfake term in title or abstract",
R05129,S2,exclude,"S2 no human real-vs-fake judgment of AI-generated stimuli (detector, generator, dataset or other study)",
R05130,S2,exclude,"S2 no human real-vs-fake judgment of AI-generated stimuli (detector, generator, dataset or other study)",
R05131,S2,exclude,"S2 no human real-vs-fake judgment of AI-generated stimuli (detector, generator, dataset or other study)",
R05132,S2,exclude,"S2 no human real-vs-fake judgment of AI-generated stimuli (detector, generator, dataset or other study)",
R05133,S2,exclude,"S2 no human real-vs-fake judgment of AI-generated stimuli (detector, generator, dataset or other study)",
R05134,S1b,exclude,S1b: no human-study term in title or abstract,
R05135,S2,exclude,"S2 no human real-vs-fake judgment of AI-generated stimuli (detector, generator, dataset or other study)",
R05136,S2,exclude,"S2 no human real-vs-fake judgment of AI-generated stimuli (detector, generator, dataset or other study)",
R05137,S2,exclude,"S2 no human real-vs-fake judgment of AI-generated stimuli (detector, generator, dataset or other study)",
R05138,S1,exclude,"S1: no audio, video or deepfake term in title or abstract",
R05139,S2,exclude,"S2 no human real-vs-fake judgment of AI-generated stimuli (detector, generator, dataset or other study)",
R05140,S1b,exclude,S1b: no human-study term in title or abstract,
R05141,S1,exclude,"S1: no audio, video or deepfake term in title or abstract",
R05142,S1,exclude,"S1: no audio, video or deepfake term in title or abstract",
R05143,S2,exclude,"S2 no human real-vs-fake judgment of AI-generated stimuli (detector, generator, dataset or other study)",
R05144,S2,exclude,"S2 no human real-vs-fake judgment of AI-generated stimuli (detector, generator, dataset or other study)",
R05145,S2,exclude,"S2 no human real-vs-fake judgment of AI-generated stimuli (detector, generator, dataset or other study)",
R05146,S1,exclude,"S1: no audio, video or deepfake term in title or abstract",
R05147,S1,exclude,"S1: no audio, video or deepfake term in title or abstract",
R05148,S1b,exclude,S1b: no human-study term in title or abstract,
R05149,S2,exclude,"S2 no human real-vs-fake judgment of AI-generated stimuli (detector, generator, dataset or other study)",
R05150,S2,exclude,"S2 no human real-vs-fake judgment of AI-generated stimuli (detector, generator, dataset or other study)",
R05151,S2,exclude,S2 stimuli are not audio or video (text or still images),
R05152,S2,exclude,"S2 no human real-vs-fake judgment of AI-generated stimuli (detector, generator, dataset or other study)",
R05153,S2,exclude,"S2 no human real-vs-fake judgment of AI-generated stimuli (detector, generator, dataset or other study)",
R05154,S1,exclude,"S1: no audio, video or deepfake term in title or abstract",
R05155,S2,exclude,"S2 no human real-vs-fake judgment of AI-generated stimuli (detector, generator, dataset or other study)",
R05156,S1,exclude,"S1: no audio, video or deepfake term in title or abstract",
R05157,S2,exclude,"S2 no human real-vs-fake judgment of AI-generated stimuli (detector, generator, dataset or other study)",
R05158,S1,exclude,"S1: no audio, video or deepfake term in title or abstract",
R05159,S2,exclude,"S2 no human real-vs-fake judgment of AI-generated stimuli (detector, generator, dataset or other study)",
R05160,S1,exclude,"S1: no audio, video or deepfake term in title or abstract",
R05161,S1,exclude,"S1: no audio, video or deepfake term in title or abstract",
R05162,S1,exclude,"S1: no audio, video or deepfake term in title or abstract",
R05163,S1,exclude,"S1: no audio, video or deepfake term in title or abstract",
R05164,S2,exclude,S2 stimuli are not audio or video (text or still images),
R05165,S2,exclude,"S2 no human real-vs-fake judgment of AI-generated stimuli (detector, generator, dataset or other study)",
R05166,S1,exclude,"S1: no audio, video or deepfake term in title or abstract",
R05167,S1,exclude,"S1: no audio, video or deepfake term in title or abstract",
R05168,S1,exclude,"S1: no audio, video or deepfake term in title or abstract",
R05169,S1b,exclude,S1b: no human-study term in title or abstract,
R05170,S2,exclude,"S2 no human real-vs-fake judgment of AI-generated stimuli (detector, generator, dataset or other study)",
R05171,S1,exclude,"S1: no audio, video or deepfake term in title or abstract",
R05172,S2,exclude,"S2 no human real-vs-fake judgment of AI-generated stimuli (detector, generator, dataset or other study)",
R05173,S1b,exclude,S1b: no human-study term in title or abstract,
R05174,S2,exclude,"S2 no human real-vs-fake judgment of AI-generated stimuli (detector, generator, dataset or other study)",
R05175,S2,exclude,"S2 no human real-vs-fake judgment of AI-generated stimuli (detector, generator, dataset or other study)",
R05176,S1,exclude,"S1: no audio, video or deepfake term in title or abstract",
R05177,S1,exclude,"S1: no audio, video or deepfake term in title or abstract",
R05178,S2,exclude,"S2 no human real-vs-fake judgment of AI-generated stimuli (detector, generator, dataset or other study)",
R05179,S2,exclude,"S2 no human real-vs-fake judgment of AI-generated stimuli (detector, generator, dataset or other study)",
R05180,S1,exclude,"S1: no audio, video or deepfake term in title or abstract",
R05181,S1,exclude,"S1: no audio, video or deepfake term in title or abstract",
R05182,S1,exclude,"S1: no audio, video or deepfake term in title or abstract",
R05183,S1b,exclude,S1b: no human-study term in title or abstract,
R05184,S2,exclude,"S2 no human real-vs-fake judgment of AI-generated stimuli (detector, generator, dataset or other study)",
R05185,S2,exclude,"S2 no human real-vs-fake judgment of AI-generated stimuli (detector, generator, dataset or other study)",
R05186,S2,exclude,"S2 no human real-vs-fake judgment of AI-generated stimuli (detector, generator, dataset or other study)",
R05187,S1,exclude,"S1: no audio, video or deepfake term in title or abstract",
R05188,S1,exclude,"S1: no audio, video or deepfake term in title or abstract",
R05189,S2,exclude,"S2 no human real-vs-fake judgment of AI-generated stimuli (detector, generator, dataset or other study)",
R05190,S2,exclude,"S2 no human real-vs-fake judgment of AI-generated stimuli (detector, generator, dataset or other study)",
R05191,S2,exclude,"S2 no human real-vs-fake judgment of AI-generated stimuli (detector, generator, dataset or other study)",
R05192,S2,exclude,"S2 no human real-vs-fake judgment of AI-generated stimuli (detector, generator, dataset or other study)",
R05193,S2,exclude,"S2 no human real-vs-fake judgment of AI-generated stimuli (detector, generator, dataset or other study)",
R05194,S1b,exclude,S1b: no human-study term in title or abstract,
R05195,S2,exclude,"S2 no human real-vs-fake judgment of AI-generated stimuli (detector, generator, dataset or other study)",
R05196,S1b,exclude,S1b: no human-study term in title or abstract,
R05197,S2,exclude,"S2 no human real-vs-fake judgment of AI-generated stimuli (detector, generator, dataset or other study)",
R05198,S2,exclude,"S2 no human real-vs-fake judgment of AI-generated stimuli (detector, generator, dataset or other study)",
R05199,S2,exclude,"S2 no human real-vs-fake judgment of AI-generated stimuli (detector, generator, dataset or other study)",
R05200,S2,exclude,"S2 no human real-vs-fake judgment of AI-generated stimuli (detector, generator, dataset or other study)",
R05201,S2,exclude,"S2 no human real-vs-fake judgment of AI-generated stimuli (detector, generator, dataset or other study)",
R05202,S2,exclude,"S2 no human real-vs-fake judgment of AI-generated stimuli (detector, generator, dataset or other study)",
R05203,S1,exclude,"S1: no audio, video or deepfake term in title or abstract",
R05204,S2,exclude,"S2 no human real-vs-fake judgment of AI-generated stimuli (detector, generator, dataset or other study)",
R05205,S2,exclude,"S2 no human real-vs-fake judgment of AI-generated stimuli (detector, generator, dataset or other study)",
R05206,S1b,exclude,S1b: no human-study term in title or abstract,
R05207,S1,exclude,"S1: no audio, video or deepfake term in title or abstract",
R05208,S2,exclude,"S2 no human real-vs-fake judgment of AI-generated stimuli (detector, generator, dataset or other study)",
R05209,S2,exclude,"S2 no human real-vs-fake judgment of AI-generated stimuli (detector, generator, dataset or other study)",
R05210,S2,exclude,"S2 no human real-vs-fake judgment of AI-generated stimuli (detector, generator, dataset or other study)",
R05211,S1b,exclude,S1b: no human-study term in title or abstract,
R05212,S2,exclude,"S2 no human real-vs-fake judgment of AI-generated stimuli (detector, generator, dataset or other study)",
R05213,S1,exclude,"S1: no audio, video or deepfake term in title or abstract",
R05214,S1,exclude,"S1: no audio, video or deepfake term in title or abstract",
R05215,S1,exclude,"S1: no audio, video or deepfake term in title or abstract",
R05216,S2,exclude,"S2 no human real-vs-fake judgment of AI-generated stimuli (detector, generator, dataset or other study)",
R05217,S2,exclude,"S2 no human real-vs-fake judgment of AI-generated stimuli (detector, generator, dataset or other study)",
R05218,S1,exclude,"S1: no audio, video or deepfake term in title or abstract",
R05219,S2,exclude,"S2 no human real-vs-fake judgment of AI-generated stimuli (detector, generator, dataset or other study)",
R05220,S2,exclude,"S2 no human real-vs-fake judgment of AI-generated stimuli (detector, generator, dataset or other study)",
R05221,S1,exclude,"S1: no audio, video or deepfake term in title or abstract",
R05222,S1,exclude,"S1: no audio, video or deepfake term in title or abstract",
R05223,S2,exclude,"S2 no human real-vs-fake judgment of AI-generated stimuli (detector, generator, dataset or other study)",
R05224,S1,exclude,"S1: no audio, video or deepfake term in title or abstract",
R05225,S1,exclude,"S1: no audio, video or deepfake term in title or abstract",
R05226,S2,exclude,"S2 no human real-vs-fake judgment of AI-generated stimuli (detector, generator, dataset or other study)",
R05227,S2,exclude,"S2 no human real-vs-fake judgment of AI-generated stimuli (detector, generator, dataset or other study)",
R05228,S1,exclude,"S1: no audio, video or deepfake term in title or abstract",
R05229,S1,exclude,"S1: no audio, video or deepfake term in title or abstract",
R05230,S2,exclude,"S2 no human real-vs-fake judgment of AI-generated stimuli (detector, generator, dataset or other study)",
R05231,S1,exclude,"S1: no audio, video or deepfake term in title or abstract",
R05232,S1,exclude,"S1: no audio, video or deepfake term in title or abstract",
R05233,S2,exclude,"S2 no human real-vs-fake judgment of AI-generated stimuli (detector, generator, dataset or other study)",
R05234,S1,exclude,"S1: no audio, video or deepfake term in title or abstract",
R05235,S2,exclude,"S2 no human real-vs-fake judgment of AI-generated stimuli (detector, generator, dataset or other study)",
R05236,S1b,exclude,S1b: no human-study term in title or abstract,
R05237,S2,exclude,"S2 no human real-vs-fake judgment of AI-generated stimuli (detector, generator, dataset or other study)",
R05238,S1,exclude,"S1: no audio, video or deepfake term in title or abstract",
R05239,S2,exclude,"S2 no human real-vs-fake judgment of AI-generated stimuli (detector, generator, dataset or other study)",
R05240,S1b,exclude,S1b: no human-study term in title or abstract,
R05241,S1,exclude,"S1: no audio, video or deepfake term in title or abstract",
R05242,S2,exclude,"S2 no human real-vs-fake judgment of AI-generated stimuli (detector, generator, dataset or other study)",
R05243,S1,exclude,"S1: no audio, video or deepfake term in title or abstract",
R05244,S1,exclude,"S1: no audio, video or deepfake term in title or abstract",
R05245,S1b,exclude,S1b: no human-study term in title or abstract,
R05246,S2,exclude,"S2 no human real-vs-fake judgment of AI-generated stimuli (detector, generator, dataset or other study)",
R05247,S2,exclude,"S2 no human real-vs-fake judgment of AI-generated stimuli (detector, generator, dataset or other study)",
R05248,S1b,exclude,S1b: no human-study term in title or abstract,
R05249,S1b,exclude,S1b: no human-study term in title or abstract,
R05250,S2,exclude,"S2 no human real-vs-fake judgment of AI-generated stimuli (detector, generator, dataset or other study)",
R05251,S2,exclude,"S2 no human real-vs-fake judgment of AI-generated stimuli (detector, generator, dataset or other study)",
R05252,S2,exclude,"S2 no human real-vs-fake judgment of AI-generated stimuli (detector, generator, dataset or other study)",
R05253,S2,exclude,"S2 no human real-vs-fake judgment of AI-generated stimuli (detector, generator, dataset or other study)",
R05254,S2,exclude,"S2 no human real-vs-fake judgment of AI-generated stimuli (detector, generator, dataset or other study)",
R05255,S2,exclude,"S2 no human real-vs-fake judgment of AI-generated stimuli (detector, generator, dataset or other study)",
R05256,S1,exclude,"S1: no audio, video or deepfake term in title or abstract",
R05257,S2,exclude,"S2 no human real-vs-fake judgment of AI-generated stimuli (detector, generator, dataset or other study)",
R05258,S1,exclude,"S1: no audio, video or deepfake term in title or abstract",
R05259,S2,exclude,"S2 no human real-vs-fake judgment of AI-generated stimuli (detector, generator, dataset or other study)",
R05260,S1,exclude,"S1: no audio, video or deepfake term in title or abstract",
R05261,S2,exclude,"S2 no human real-vs-fake judgment of AI-generated stimuli (detector, generator, dataset or other study)",
R05262,S1b,exclude,S1b: no human-study term in title or abstract,
R05263,S2,exclude,S2 stimuli are not audio or video (text or still images),
R05264,S1,exclude,"S1: no audio, video or deepfake term in title or abstract",
R05265,S1,exclude,"S1: no audio, video or deepfake term in title or abstract",
R05266,S2,exclude,"S2 no human real-vs-fake judgment of AI-generated stimuli (detector, generator, dataset or other study)",
R05267,S2,exclude,"S2 no human real-vs-fake judgment of AI-generated stimuli (detector, generator, dataset or other study)",
R05268,S1,exclude,"S1: no audio, video or deepfake term in title or abstract",
R05269,S2,exclude,"S2 no human real-vs-fake judgment of AI-generated stimuli (detector, generator, dataset or other study)",
R05270,S1,exclude,"S1: no audio, video or deepfake term in title or abstract",
R05271,S1b,exclude,S1b: no human-study term in title or abstract,
R05272,S2,exclude,"S2 no human real-vs-fake judgment of AI-generated stimuli (detector, generator, dataset or other study)",
R05273,S1,exclude,"S1: no audio, video or deepfake term in title or abstract",
R05274,S1,exclude,"S1: no audio, video or deepfake term in title or abstract",
R05275,S2,exclude,"S2 no human real-vs-fake judgment of AI-generated stimuli (detector, generator, dataset or other study)",
R05276,S1,exclude,"S1: no audio, video or deepfake term in title or abstract",
R05277,S1,exclude,"S1: no audio, video or deepfake term in title or abstract",
R05278,S2,exclude,"S2 no human real-vs-fake judgment of AI-generated stimuli (detector, generator, dataset or other study)",
R05279,S1,exclude,"S1: no audio, video or deepfake term in title or abstract",
R05280,S2,exclude,"S2 no human real-vs-fake judgment of AI-generated stimuli (detector, generator, dataset or other study)",
R05281,S2,exclude,"S2 no human real-vs-fake judgment of AI-generated stimuli (detector, generator, dataset or other study)",
R05282,S2,exclude,"S2 no human real-vs-fake judgment of AI-generated stimuli (detector, generator, dataset or other study)",
R05283,S2,exclude,"S2 no human real-vs-fake judgment of AI-generated stimuli (detector, generator, dataset or other study)",
R05284,S2,exclude,"S2 no human real-vs-fake judgment of AI-generated stimuli (detector, generator, dataset or other study)",
R05285,S1b,exclude,S1b: no human-study term in title or abstract,
R05286,S2,exclude,"S2 no human real-vs-fake judgment of AI-generated stimuli (detector, generator, dataset or other study)",
R05287,S2,exclude,"S2 no human real-vs-fake judgment of AI-generated stimuli (detector, generator, dataset or other study)",
R05288,S1,exclude,"S1: no audio, video or deepfake term in title or abstract",
R05289,S2,exclude,"S2 no human real-vs-fake judgment of AI-generated stimuli (detector, generator, dataset or other study)",
R05290,S2,exclude,"S2 no human real-vs-fake judgment of AI-generated stimuli (detector, generator, dataset or other study)",
R05291,S2,exclude,"S2 no human real-vs-fake judgment of AI-generated stimuli (detector, generator, dataset or other study)",
R05292,S2,exclude,"S2 no human real-vs-fake judgment of AI-generated stimuli (detector, generator, dataset or other study)",
R05293,S3,exclude,E2: Wade test compares text CEO responses vs AI-generated responses,full_text
R05294,S1,exclude,"S1: no audio, video or deepfake term in title or abstract",
R05295,S1,exclude,"S1: no audio, video or deepfake term in title or abstract",
R05296,S1,exclude,"S1: no audio, video or deepfake term in title or abstract",
R05297,S2,exclude,"S2 no human real-vs-fake judgment of AI-generated stimuli (detector, generator, dataset or other study)",
R05298,S1,exclude,"S1: no audio, video or deepfake term in title or abstract",
R05299,S2,exclude,"S2 no human real-vs-fake judgment of AI-generated stimuli (detector, generator, dataset or other study)",
R05300,S2,exclude,"S2 no human real-vs-fake judgment of AI-generated stimuli (detector, generator, dataset or other study)",
R05301,S2,exclude,"S2 no human real-vs-fake judgment of AI-generated stimuli (detector, generator, dataset or other study)",
R05302,S2,exclude,"S2 no human real-vs-fake judgment of AI-generated stimuli (detector, generator, dataset or other study)",
R05303,S2,exclude,"S2 no human real-vs-fake judgment of AI-generated stimuli (detector, generator, dataset or other study)",
R05304,S2,exclude,"S2 no human real-vs-fake judgment of AI-generated stimuli (detector, generator, dataset or other study)",
R05305,S2,exclude,"S2 no human real-vs-fake judgment of AI-generated stimuli (detector, generator, dataset or other study)",
R05306,S2,exclude,"S2 no human real-vs-fake judgment of AI-generated stimuli (detector, generator, dataset or other study)",
R05307,S1,exclude,"S1: no audio, video or deepfake term in title or abstract",
R05308,S2,exclude,"S2 no human real-vs-fake judgment of AI-generated stimuli (detector, generator, dataset or other study)",
R05309,S2,exclude,"S2 no human real-vs-fake judgment of AI-generated stimuli (detector, generator, dataset or other study)",
R05310,S1,exclude,"S1: no audio, video or deepfake term in title or abstract",
R05311,S2,exclude,"S2 no human real-vs-fake judgment of AI-generated stimuli (detector, generator, dataset or other study)",
R05312,S2,exclude,"S2 no human real-vs-fake judgment of AI-generated stimuli (detector, generator, dataset or other study)",
R05313,S1,exclude,"S1: no audio, video or deepfake term in title or abstract",
R05314,S1b,exclude,S1b: no human-study term in title or abstract,
R05315,S1b,exclude,S1b: no human-study term in title or abstract,
R05316,S2,exclude,"S2 no human real-vs-fake judgment of AI-generated stimuli (detector, generator, dataset or other study)",
R05317,S2,exclude,"S2 no human real-vs-fake judgment of AI-generated stimuli (detector, generator, dataset or other study)",
R05318,S1,exclude,"S1: no audio, video or deepfake term in title or abstract",
R05319,S2,exclude,"S2 no human real-vs-fake judgment of AI-generated stimuli (detector, generator, dataset or other study)",
R05320,S2,exclude,"S2 no human real-vs-fake judgment of AI-generated stimuli (detector, generator, dataset or other study)",
R05321,S2,exclude,"S2 no human real-vs-fake judgment of AI-generated stimuli (detector, generator, dataset or other study)",
R05322,S1,exclude,"S1: no audio, video or deepfake term in title or abstract",
R05323,S1b,exclude,S1b: no human-study term in title or abstract,
R05324,S2,exclude,"S2 no human real-vs-fake judgment of AI-generated stimuli (detector, generator, dataset or other study)",
R05325,S1,exclude,"S1: no audio, video or deepfake term in title or abstract",
R05326,S2,exclude,"S2 no human real-vs-fake judgment of AI-generated stimuli (detector, generator, dataset or other study)",
R05327,S1,exclude,"S1: no audio, video or deepfake term in title or abstract",
R05328,S1,exclude,"S1: no audio, video or deepfake term in title or abstract",
R05329,S2,exclude,"S2 no human real-vs-fake judgment of AI-generated stimuli (detector, generator, dataset or other study)",
R05330,S2,exclude,"S2 no human real-vs-fake judgment of AI-generated stimuli (detector, generator, dataset or other study)",
R05331,S1,exclude,"S1: no audio, video or deepfake term in title or abstract",
R05332,S1,exclude,"S1: no audio, video or deepfake term in title or abstract",
R05333,S1b,exclude,S1b: no human-study term in title or abstract,
R05334,S1,exclude,"S1: no audio, video or deepfake term in title or abstract",
R05335,S2,exclude,"S2 no human real-vs-fake judgment of AI-generated stimuli (detector, generator, dataset or other study)",
R05336,S2,exclude,"S2 no human real-vs-fake judgment of AI-generated stimuli (detector, generator, dataset or other study)",
R05337,S2,exclude,S2 stimuli are not audio or video (text or still images),
R05338,S1,exclude,"S1: no audio, video or deepfake term in title or abstract",
R05339,S2,exclude,"S2 no human real-vs-fake judgment of AI-generated stimuli (detector, generator, dataset or other study)",
R05340,S1b,exclude,S1b: no human-study term in title or abstract,
R05341,S1,exclude,"S1: no audio, video or deepfake term in title or abstract",
R05342,S2,exclude,"S2 no human real-vs-fake judgment of AI-generated stimuli (detector, generator, dataset or other study)",
R05343,S2,exclude,"S2 no human real-vs-fake judgment of AI-generated stimuli (detector, generator, dataset or other study)",
R05344,S1,exclude,"S1: no audio, video or deepfake term in title or abstract",
R05345,S1,exclude,"S1: no audio, video or deepfake term in title or abstract",
R05346,S2,exclude,"S2 no human real-vs-fake judgment of AI-generated stimuli (detector, generator, dataset or other study)",
R05347,S2,exclude,"S2 no human real-vs-fake judgment of AI-generated stimuli (detector, generator, dataset or other study)",
R05348,S2,exclude,"S2 no human real-vs-fake judgment of AI-generated stimuli (detector, generator, dataset or other study)",
R05349,S2,exclude,"S2 no human real-vs-fake judgment of AI-generated stimuli (detector, generator, dataset or other study)",
R05350,S2,exclude,"S2 no human real-vs-fake judgment of AI-generated stimuli (detector, generator, dataset or other study)",
R05351,S2,exclude,"S2 no human real-vs-fake judgment of AI-generated stimuli (detector, generator, dataset or other study)",
R05352,S2,exclude,"S2 no human real-vs-fake judgment of AI-generated stimuli (detector, generator, dataset or other study)",
R05353,S2,exclude,"S2 no human real-vs-fake judgment of AI-generated stimuli (detector, generator, dataset or other study)",
R05354,S1,exclude,"S1: no audio, video or deepfake term in title or abstract",
R05355,S2,exclude,"S2 no human real-vs-fake judgment of AI-generated stimuli (detector, generator, dataset or other study)",
R05356,S2,exclude,"S2 no human real-vs-fake judgment of AI-generated stimuli (detector, generator, dataset or other study)",
R05357,S1,exclude,"S1: no audio, video or deepfake term in title or abstract",
R05358,S2,exclude,"S2 no human real-vs-fake judgment of AI-generated stimuli (detector, generator, dataset or other study)",
R05359,S1,exclude,"S1: no audio, video or deepfake term in title or abstract",
R05360,S2,exclude,"S2 no human real-vs-fake judgment of AI-generated stimuli (detector, generator, dataset or other study)",
R05361,S2,exclude,"S2 no human real-vs-fake judgment of AI-generated stimuli (detector, generator, dataset or other study)",
R05362,S1b,exclude,S1b: no human-study term in title or abstract,
R05363,S1,exclude,"S1: no audio, video or deepfake term in title or abstract",
R05364,S2,exclude,"S2 no human real-vs-fake judgment of AI-generated stimuli (detector, generator, dataset or other study)",
R05365,S2,exclude,"S2 no human real-vs-fake judgment of AI-generated stimuli (detector, generator, dataset or other study)",
R05366,S1,exclude,"S1: no audio, video or deepfake term in title or abstract",
R05367,S1b,exclude,S1b: no human-study term in title or abstract,
R05368,S1,exclude,"S1: no audio, video or deepfake term in title or abstract",
R05369,S2,exclude,"S2 no human real-vs-fake judgment of AI-generated stimuli (detector, generator, dataset or other study)",
R05370,S2,exclude,"S2 no human real-vs-fake judgment of AI-generated stimuli (detector, generator, dataset or other study)",
R05371,S1,exclude,"S1: no audio, video or deepfake term in title or abstract",
R05372,S2,exclude,"S2 humans rate quality or naturalness only, no real-vs-fake judgment",
R05373,S1,exclude,"S1: no audio, video or deepfake term in title or abstract",
R05374,S2,exclude,"S2 no human real-vs-fake judgment of AI-generated stimuli (detector, generator, dataset or other study)",
R05375,S2,exclude,"S2 no human real-vs-fake judgment of AI-generated stimuli (detector, generator, dataset or other study)",
R05376,S2,exclude,"S2 no human real-vs-fake judgment of AI-generated stimuli (detector, generator, dataset or other study)",
R05377,S1,exclude,"S1: no audio, video or deepfake term in title or abstract",
R05378,S2,exclude,"S2 no human real-vs-fake judgment of AI-generated stimuli (detector, generator, dataset or other study)",
R05379,S2,exclude,"S2 no human real-vs-fake judgment of AI-generated stimuli (detector, generator, dataset or other study)",
R05380,S2,exclude,"S2 no human real-vs-fake judgment of AI-generated stimuli (detector, generator, dataset or other study)",
R05381,S2,exclude,"S2 no human real-vs-fake judgment of AI-generated stimuli (detector, generator, dataset or other study)",
R05382,S1,exclude,"S1: no audio, video or deepfake term in title or abstract",
R05383,S1,exclude,"S1: no audio, video or deepfake term in title or abstract",
R05384,S2,exclude,S2 stimuli are not audio or video (text or still images),
R05385,S2,exclude,"S2 no human real-vs-fake judgment of AI-generated stimuli (detector, generator, dataset or other study)",
R05386,S1,exclude,"S1: no audio, video or deepfake term in title or abstract",
R05387,S2,exclude,"S2 no human real-vs-fake judgment of AI-generated stimuli (detector, generator, dataset or other study)",
R05388,S1,exclude,"S1: no audio, video or deepfake term in title or abstract",
R05389,S1,exclude,"S1: no audio, video or deepfake term in title or abstract",
R05390,S2,exclude,"S2 no human real-vs-fake judgment of AI-generated stimuli (detector, generator, dataset or other study)",
R05391,S1,exclude,"S1: no audio, video or deepfake term in title or abstract",
R05392,S2,exclude,"S2 no human real-vs-fake judgment of AI-generated stimuli (detector, generator, dataset or other study)",
R05393,S2,exclude,"S2 no human real-vs-fake judgment of AI-generated stimuli (detector, generator, dataset or other study)",
R05394,S2,exclude,"S2 no human real-vs-fake judgment of AI-generated stimuli (detector, generator, dataset or other study)",
R05395,S1,exclude,"S1: no audio, video or deepfake term in title or abstract",
R05396,S1,exclude,"S1: no audio, video or deepfake term in title or abstract",
R05397,S2,exclude,"S2 no human real-vs-fake judgment of AI-generated stimuli (detector, generator, dataset or other study)",
R05398,S1,exclude,"S1: no audio, video or deepfake term in title or abstract",
R05399,S1b,exclude,S1b: no human-study term in title or abstract,
R05400,S1,exclude,"S1: no audio, video or deepfake term in title or abstract",
R05401,S1b,exclude,S1b: no human-study term in title or abstract,
R05402,S2,exclude,"S2 no human real-vs-fake judgment of AI-generated stimuli (detector, generator, dataset or other study)",
R05403,S1,exclude,"S1: no audio, video or deepfake term in title or abstract",
R05404,S2,exclude,"S2 no human real-vs-fake judgment of AI-generated stimuli (detector, generator, dataset or other study)",
R05405,S1b,exclude,S1b: no human-study term in title or abstract,
R05406,S2,exclude,"S2 no human real-vs-fake judgment of AI-generated stimuli (detector, generator, dataset or other study)",
R05407,S2,exclude,"S2 no human real-vs-fake judgment of AI-generated stimuli (detector, generator, dataset or other study)",
R05408,S1,exclude,"S1: no audio, video or deepfake term in title or abstract",
R05409,S2,exclude,"S2 no human real-vs-fake judgment of AI-generated stimuli (detector, generator, dataset or other study)",
R05410,S1b,exclude,S1b: no human-study term in title or abstract,
R05411,S1,exclude,"S1: no audio, video or deepfake term in title or abstract",
R05412,S1b,exclude,S1b: no human-study term in title or abstract,
R05413,S2,exclude,"S2 no human real-vs-fake judgment of AI-generated stimuli (detector, generator, dataset or other study)",
R05414,S2,exclude,"S2 no human real-vs-fake judgment of AI-generated stimuli (detector, generator, dataset or other study)",
R05415,S2,exclude,"S2 no human real-vs-fake judgment of AI-generated stimuli (detector, generator, dataset or other study)",
R05416,S3,exclude,E2: Wade test compares text CEO responses vs AI-generated responses,full_text
R05417,S1,exclude,"S1: no audio, video or deepfake term in title or abstract",
R05418,S2,exclude,"S2 no human real-vs-fake judgment of AI-generated stimuli (detector, generator, dataset or other study)",
R05419,S2,exclude,"S2 no human real-vs-fake judgment of AI-generated stimuli (detector, generator, dataset or other study)",
R05420,S1,exclude,"S1: no audio, video or deepfake term in title or abstract",
R05421,S2,exclude,"S2 no human real-vs-fake judgment of AI-generated stimuli (detector, generator, dataset or other study)",
R05422,S1,exclude,"S1: no audio, video or deepfake term in title or abstract",
R05423,S1,exclude,"S1: no audio, video or deepfake term in title or abstract",
R05424,S1b,exclude,S1b: no human-study term in title or abstract,
R05425,S1,exclude,"S1: no audio, video or deepfake term in title or abstract",
R05426,S1,exclude,"S1: no audio, video or deepfake term in title or abstract",
R05427,S2,exclude,"S2 no human real-vs-fake judgment of AI-generated stimuli (detector, generator, dataset or other study)",
R05428,S1,exclude,"S1: no audio, video or deepfake term in title or abstract",
R05429,S2,exclude,"S2 no human real-vs-fake judgment of AI-generated stimuli (detector, generator, dataset or other study)",
R05430,S2,exclude,"S2 no human real-vs-fake judgment of AI-generated stimuli (detector, generator, dataset or other study)",
R05431,S1,exclude,"S1: no audio, video or deepfake term in title or abstract",
R05432,S2,exclude,"S2 no human real-vs-fake judgment of AI-generated stimuli (detector, generator, dataset or other study)",
R05433,S1,exclude,"S1: no audio, video or deepfake term in title or abstract",
R05434,S1,exclude,"S1: no audio, video or deepfake term in title or abstract",
R05435,S2,exclude,"S2 no human real-vs-fake judgment of AI-generated stimuli (detector, generator, dataset or other study)",
R05436,S1b,exclude,S1b: no human-study term in title or abstract,
R05437,S2,exclude,"S2 no human real-vs-fake judgment of AI-generated stimuli (detector, generator, dataset or other study)",
R05438,S2,exclude,"S2 no human real-vs-fake judgment of AI-generated stimuli (detector, generator, dataset or other study)",
R05439,S2,exclude,"S2 no human real-vs-fake judgment of AI-generated stimuli (detector, generator, dataset or other study)",
R05440,S1,exclude,"S1: no audio, video or deepfake term in title or abstract",
R05441,S1,exclude,"S1: no audio, video or deepfake term in title or abstract",
R05442,S1,exclude,"S1: no audio, video or deepfake term in title or abstract",
R05443,S1,exclude,"S1: no audio, video or deepfake term in title or abstract",
R05444,S1,exclude,"S1: no audio, video or deepfake term in title or abstract",
R05445,S1b,exclude,S1b: no human-study term in title or abstract,
R05446,S1b,exclude,S1b: no human-study term in title or abstract,
R05447,S1,exclude,"S1: no audio, video or deepfake term in title or abstract",
R05448,S1,exclude,"S1: no audio, video or deepfake term in title or abstract",
R05449,S1,exclude,"S1: no audio, video or deepfake term in title or abstract",
R05450,S1,exclude,"S1: no audio, video or deepfake term in title or abstract",
R05451,S1,exclude,"S1: no audio, video or deepfake term in title or abstract",
R05452,S2,exclude,"S2 no human real-vs-fake judgment of AI-generated stimuli (detector, generator, dataset or other study)",
R05453,S1,exclude,"S1: no audio, video or deepfake term in title or abstract",
R05454,S1,exclude,"S1: no audio, video or deepfake term in title or abstract",
R05455,S1b,exclude,S1b: no human-study term in title or abstract,
R05456,S1,exclude,"S1: no audio, video or deepfake term in title or abstract",
R05457,S1,exclude,"S1: no audio, video or deepfake term in title or abstract",
R05458,S1,exclude,"S1: no audio, video or deepfake term in title or abstract",
R05459,S2,exclude,"S2 no human real-vs-fake judgment of AI-generated stimuli (detector, generator, dataset or other study)",
R05460,S2,exclude,"S2 no human real-vs-fake judgment of AI-generated stimuli (detector, generator, dataset or other study)",
R05461,S2,exclude,"S2 no human real-vs-fake judgment of AI-generated stimuli (detector, generator, dataset or other study)",
R05462,S1,exclude,"S1: no audio, video or deepfake term in title or abstract",
R05463,S2,exclude,"S2 no human real-vs-fake judgment of AI-generated stimuli (detector, generator, dataset or other study)",
R05464,S1,exclude,"S1: no audio, video or deepfake term in title or abstract",
R05465,S1,exclude,"S1: no audio, video or deepfake term in title or abstract",
R05466,S1,exclude,"S1: no audio, video or deepfake term in title or abstract",
R05467,S2,exclude,"S2 no human real-vs-fake judgment of AI-generated stimuli (detector, generator, dataset or other study)",
R05468,S2,exclude,"S2 no human real-vs-fake judgment of AI-generated stimuli (detector, generator, dataset or other study)",
R05469,S2,exclude,"S2 no human real-vs-fake judgment of AI-generated stimuli (detector, generator, dataset or other study)",
R05470,S2,exclude,"S2 no human real-vs-fake judgment of AI-generated stimuli (detector, generator, dataset or other study)",
R05471,S2,exclude,"S2 no human real-vs-fake judgment of AI-generated stimuli (detector, generator, dataset or other study)",
R05472,S1,exclude,"S1: no audio, video or deepfake term in title or abstract",
R05473,S2,exclude,"S2 no human real-vs-fake judgment of AI-generated stimuli (detector, generator, dataset or other study)",
R05474,S2,exclude,"S2 no human real-vs-fake judgment of AI-generated stimuli (detector, generator, dataset or other study)",
R05475,S2,exclude,"S2 no human real-vs-fake judgment of AI-generated stimuli (detector, generator, dataset or other study)",
R05476,S1,exclude,"S1: no audio, video or deepfake term in title or abstract",
R05477,S1,exclude,"S1: no audio, video or deepfake term in title or abstract",
R05478,S2,exclude,"S2 no human real-vs-fake judgment of AI-generated stimuli (detector, generator, dataset or other study)",
R05479,S2,exclude,"S2 no human real-vs-fake judgment of AI-generated stimuli (detector, generator, dataset or other study)",
R05480,S2,exclude,"S2 no human real-vs-fake judgment of AI-generated stimuli (detector, generator, dataset or other study)",
R05481,S2,exclude,"S2 no human real-vs-fake judgment of AI-generated stimuli (detector, generator, dataset or other study)",
R05482,S2,exclude,"S2 no human real-vs-fake judgment of AI-generated stimuli (detector, generator, dataset or other study)",
R05483,S3,exclude,E1: framework paper; no empirical listening study (projections only),full_text
R05484,S1,exclude,"S1: no audio, video or deepfake term in title or abstract",
R05485,S2,exclude,"S2 no human real-vs-fake judgment of AI-generated stimuli (detector, generator, dataset or other study)",
R05486,S2,exclude,"S2 no human real-vs-fake judgment of AI-generated stimuli (detector, generator, dataset or other study)",
R05487,S1,exclude,"S1: no audio, video or deepfake term in title or abstract",
R05488,S1,exclude,"S1: no audio, video or deepfake term in title or abstract",
R05489,S1,exclude,"S1: no audio, video or deepfake term in title or abstract",
R05490,S2,exclude,"S2 no human real-vs-fake judgment of AI-generated stimuli (detector, generator, dataset or other study)",
R05491,S1,exclude,"S1: no audio, video or deepfake term in title or abstract",
R05492,S2,exclude,"S2 no human real-vs-fake judgment of AI-generated stimuli (detector, generator, dataset or other study)",
R05493,S1,exclude,"S1: no audio, video or deepfake term in title or abstract",
R05494,S1,exclude,"S1: no audio, video or deepfake term in title or abstract",
R05495,S2,exclude,"S2 no human real-vs-fake judgment of AI-generated stimuli (detector, generator, dataset or other study)",
R05496,S2,exclude,"S2 no human real-vs-fake judgment of AI-generated stimuli (detector, generator, dataset or other study)",
R05497,S1b,exclude,S1b: no human-study term in title or abstract,
R05498,S2,exclude,"S2 humans rate quality or naturalness only, no real-vs-fake judgment",
R05499,S3,exclude,E4: subjective rating that generated videos were hard to distinguish; no real-vs-fake classification,full_text
R05500,S2,exclude,"S2 no human real-vs-fake judgment of AI-generated stimuli (detector, generator, dataset or other study)",
R05501,S1,exclude,"S1: no audio, video or deepfake term in title or abstract",
R05502,S2,exclude,"S2 no human real-vs-fake judgment of AI-generated stimuli (detector, generator, dataset or other study)",
R05503,S1b,exclude,S1b: no human-study term in title or abstract,
R05504,S2,exclude,"S2 no human real-vs-fake judgment of AI-generated stimuli (detector, generator, dataset or other study)",
R05505,S1,exclude,"S1: no audio, video or deepfake term in title or abstract",
R05506,S1,exclude,"S1: no audio, video or deepfake term in title or abstract",
R05507,S1,exclude,"S1: no audio, video or deepfake term in title or abstract",
R05508,S1,exclude,"S1: no audio, video or deepfake term in title or abstract",
R05509,S2,exclude,"S2 no human real-vs-fake judgment of AI-generated stimuli (detector, generator, dataset or other study)",
R05510,S1,exclude,"S1: no audio, video or deepfake term in title or abstract",
R05511,S1,exclude,"S1: no audio, video or deepfake term in title or abstract",
R05512,S2,exclude,"S2 no human real-vs-fake judgment of AI-generated stimuli (detector, generator, dataset or other study)",
R05513,S1,exclude,"S1: no audio, video or deepfake term in title or abstract",
R05514,S1,exclude,"S1: no audio, video or deepfake term in title or abstract",
R05515,S2,exclude,"S2 no human real-vs-fake judgment of AI-generated stimuli (detector, generator, dataset or other study)",
R05516,S1,exclude,"S1: no audio, video or deepfake term in title or abstract",
R05517,S1,exclude,"S1: no audio, video or deepfake term in title or abstract",
R05518,S2,exclude,"S2 no human real-vs-fake judgment of AI-generated stimuli (detector, generator, dataset or other study)",
R05519,S2,exclude,"S2 no human real-vs-fake judgment of AI-generated stimuli (detector, generator, dataset or other study)",
R05520,S2,exclude,"S2 no human real-vs-fake judgment of AI-generated stimuli (detector, generator, dataset or other study)",
R05521,S1,exclude,"S1: no audio, video or deepfake term in title or abstract",
R05522,S2,exclude,"S2 no human real-vs-fake judgment of AI-generated stimuli (detector, generator, dataset or other study)",
R05523,S2,exclude,"S2 no human real-vs-fake judgment of AI-generated stimuli (detector, generator, dataset or other study)",
R05524,S2,exclude,"S2 no human real-vs-fake judgment of AI-generated stimuli (detector, generator, dataset or other study)",
R05525,S1,exclude,"S1: no audio, video or deepfake term in title or abstract",
R05526,S1,exclude,"S1: no audio, video or deepfake term in title or abstract",
R05527,S1b,exclude,S1b: no human-study term in title or abstract,
R05528,S1,exclude,"S1: no audio, video or deepfake term in title or abstract",
R05529,S2,exclude,"S2 no human real-vs-fake judgment of AI-generated stimuli (detector, generator, dataset or other study)",
R05530,S2,exclude,"S2 no human real-vs-fake judgment of AI-generated stimuli (detector, generator, dataset or other study)",
R05531,S1,exclude,"S1: no audio, video or deepfake term in title or abstract",
R05532,S2,exclude,"S2 no human real-vs-fake judgment of AI-generated stimuli (detector, generator, dataset or other study)",
R05533,S1,exclude,"S1: no audio, video or deepfake term in title or abstract",
R05534,S1,exclude,"S1: no audio, video or deepfake term in title or abstract",
R05535,S2,exclude,"S2 no human real-vs-fake judgment of AI-generated stimuli (detector, generator, dataset or other study)",
R05536,S2,exclude,"S2 no human real-vs-fake judgment of AI-generated stimuli (detector, generator, dataset or other study)",
R05537,S1,exclude,"S1: no audio, video or deepfake term in title or abstract",
R05538,S1b,exclude,S1b: no human-study term in title or abstract,
R05539,S1,exclude,"S1: no audio, video or deepfake term in title or abstract",
R05540,S1b,exclude,S1b: no human-study term in title or abstract,
R05541,S2,exclude,"S2 no human real-vs-fake judgment of AI-generated stimuli (detector, generator, dataset or other study)",
R05542,S2,exclude,"S2 no human real-vs-fake judgment of AI-generated stimuli (detector, generator, dataset or other study)",
R05543,S2,exclude,"S2 no human real-vs-fake judgment of AI-generated stimuli (detector, generator, dataset or other study)",
R05544,S2,exclude,"S2 no human real-vs-fake judgment of AI-generated stimuli (detector, generator, dataset or other study)",
R05545,S2,exclude,"S2 no human real-vs-fake judgment of AI-generated stimuli (detector, generator, dataset or other study)",
R05546,S2,exclude,"S2 no human real-vs-fake judgment of AI-generated stimuli (detector, generator, dataset or other study)",
R05547,S2,exclude,"S2 no human real-vs-fake judgment of AI-generated stimuli (detector, generator, dataset or other study)",
R05548,S2,exclude,"S2 no human real-vs-fake judgment of AI-generated stimuli (detector, generator, dataset or other study)",
R05549,S1,exclude,"S1: no audio, video or deepfake term in title or abstract",
R05550,S1,exclude,"S1: no audio, video or deepfake term in title or abstract",
R05551,S1,exclude,"S1: no audio, video or deepfake term in title or abstract",
R05552,S1b,exclude,S1b: no human-study term in title or abstract,
R05553,S2,exclude,"S2 no human real-vs-fake judgment of AI-generated stimuli (detector, generator, dataset or other study)",
R05554,S2,exclude,"S2 no human real-vs-fake judgment of AI-generated stimuli (detector, generator, dataset or other study)",
R05555,S1,exclude,"S1: no audio, video or deepfake term in title or abstract",
R05556,S2,exclude,"S2 no human real-vs-fake judgment of AI-generated stimuli (detector, generator, dataset or other study)",
R05557,S1,exclude,"S1: no audio, video or deepfake term in title or abstract",
R05558,S1,exclude,"S1: no audio, video or deepfake term in title or abstract",
R05559,S2,exclude,"S2 no human real-vs-fake judgment of AI-generated stimuli (detector, generator, dataset or other study)",
R05560,S2,exclude,"S2 no human real-vs-fake judgment of AI-generated stimuli (detector, generator, dataset or other study)",
R05561,S2,exclude,"S2 no human real-vs-fake judgment of AI-generated stimuli (detector, generator, dataset or other study)",
R05562,S1,exclude,"S1: no audio, video or deepfake term in title or abstract",
R05563,S1b,exclude,S1b: no human-study term in title or abstract,
R05564,S1b,exclude,S1b: no human-study term in title or abstract,
R05565,S2,exclude,"S2 no human real-vs-fake judgment of AI-generated stimuli (detector, generator, dataset or other study)",
R05566,S2,exclude,"S2 no human real-vs-fake judgment of AI-generated stimuli (detector, generator, dataset or other study)",
R05567,S1,exclude,"S1: no audio, video or deepfake term in title or abstract",
R05568,S2,exclude,"S2 no human real-vs-fake judgment of AI-generated stimuli (detector, generator, dataset or other study)",
R05569,S2,exclude,"S2 no human real-vs-fake judgment of AI-generated stimuli (detector, generator, dataset or other study)",
R05570,S2,exclude,"S2 no human real-vs-fake judgment of AI-generated stimuli (detector, generator, dataset or other study)",
R05571,S2,exclude,"S2 no human real-vs-fake judgment of AI-generated stimuli (detector, generator, dataset or other study)",
R05572,S1,exclude,"S1: no audio, video or deepfake term in title or abstract",
R05573,S1b,exclude,S1b: no human-study term in title or abstract,
R05574,S2,exclude,"S2 no human real-vs-fake judgment of AI-generated stimuli (detector, generator, dataset or other study)",
R05575,S1,exclude,"S1: no audio, video or deepfake term in title or abstract",
R05576,S2,exclude,"S2 no human real-vs-fake judgment of AI-generated stimuli (detector, generator, dataset or other study)",
R05577,S2,exclude,"S2 no human real-vs-fake judgment of AI-generated stimuli (detector, generator, dataset or other study)",
R05578,S2,exclude,"S2 no human real-vs-fake judgment of AI-generated stimuli (detector, generator, dataset or other study)",
R05579,S2,exclude,"S2 no human real-vs-fake judgment of AI-generated stimuli (detector, generator, dataset or other study)",
R05580,S2,exclude,"S2 no human real-vs-fake judgment of AI-generated stimuli (detector, generator, dataset or other study)",
R05581,S1,exclude,"S1: no audio, video or deepfake term in title or abstract",
R05582,S2,exclude,"S2 no human real-vs-fake judgment of AI-generated stimuli (detector, generator, dataset or other study)",
R05583,S1,exclude,"S1: no audio, video or deepfake term in title or abstract",
R05584,S2,exclude,"S2 no human real-vs-fake judgment of AI-generated stimuli (detector, generator, dataset or other study)",
R05585,S2,exclude,"S2 no human real-vs-fake judgment of AI-generated stimuli (detector, generator, dataset or other study)",
R05586,S1,exclude,"S1: no audio, video or deepfake term in title or abstract",
R05587,S2,exclude,"S2 no human real-vs-fake judgment of AI-generated stimuli (detector, generator, dataset or other study)",
R05588,S2,exclude,"S2 no human real-vs-fake judgment of AI-generated stimuli (detector, generator, dataset or other study)",
R05589,S2,exclude,"S2 no human real-vs-fake judgment of AI-generated stimuli (detector, generator, dataset or other study)",
R05590,S2,exclude,"S2 no human real-vs-fake judgment of AI-generated stimuli (detector, generator, dataset or other study)",
R05591,S2,exclude,"S2 no human real-vs-fake judgment of AI-generated stimuli (detector, generator, dataset or other study)",
R05592,S2,exclude,"S2 no human real-vs-fake judgment of AI-generated stimuli (detector, generator, dataset or other study)",
R05593,S1b,exclude,S1b: no human-study term in title or abstract,
R05594,S1b,exclude,S1b: no human-study term in title or abstract,
R05595,S2,exclude,"S2 no human real-vs-fake judgment of AI-generated stimuli (detector, generator, dataset or other study)",
R05596,S2,exclude,"S2 humans rate quality or naturalness only, no real-vs-fake judgment",
R05597,S2,exclude,"S2 no human real-vs-fake judgment of AI-generated stimuli (detector, generator, dataset or other study)",
R05598,S2,exclude,"S2 no human real-vs-fake judgment of AI-generated stimuli (detector, generator, dataset or other study)",
R05599,S2,exclude,"S2 no human real-vs-fake judgment of AI-generated stimuli (detector, generator, dataset or other study)",
R05600,S2,exclude,"S2 no human real-vs-fake judgment of AI-generated stimuli (detector, generator, dataset or other study)",
R05601,S2,exclude,"S2 no human real-vs-fake judgment of AI-generated stimuli (detector, generator, dataset or other study)",
R05602,S1,exclude,"S1: no audio, video or deepfake term in title or abstract",
R05603,S1,exclude,"S1: no audio, video or deepfake term in title or abstract",
R05604,S1,exclude,"S1: no audio, video or deepfake term in title or abstract",
R05605,S1,exclude,"S1: no audio, video or deepfake term in title or abstract",
R05606,S1,exclude,"S1: no audio, video or deepfake term in title or abstract",
R05607,S2,exclude,"S2 no human real-vs-fake judgment of AI-generated stimuli (detector, generator, dataset or other study)",
R05608,S1,exclude,"S1: no audio, video or deepfake term in title or abstract",
R05609,S1b,exclude,S1b: no human-study term in title or abstract,
R05610,S1,exclude,"S1: no audio, video or deepfake term in title or abstract",
R05611,S2,exclude,"S2 no human real-vs-fake judgment of AI-generated stimuli (detector, generator, dataset or other study)",
R05612,S2,exclude,"S2 no human real-vs-fake judgment of AI-generated stimuli (detector, generator, dataset or other study)",
R05613,S1,exclude,"S1: no audio, video or deepfake term in title or abstract",
R05614,S1,exclude,"S1: no audio, video or deepfake term in title or abstract",
R05615,S1,exclude,"S1: no audio, video or deepfake term in title or abstract",
R05616,S2,exclude,"S2 no human real-vs-fake judgment of AI-generated stimuli (detector, generator, dataset or other study)",
R05617,S1,exclude,"S1: no audio, video or deepfake term in title or abstract",
R05618,S2,exclude,"S2 no human real-vs-fake judgment of AI-generated stimuli (detector, generator, dataset or other study)",
R05619,S1,exclude,"S1: no audio, video or deepfake term in title or abstract",
R05620,S1,exclude,"S1: no audio, video or deepfake term in title or abstract",
R05621,S1,exclude,"S1: no audio, video or deepfake term in title or abstract",
R05622,S2,exclude,"S2 no human real-vs-fake judgment of AI-generated stimuli (detector, generator, dataset or other study)",
R05623,S1,exclude,"S1: no audio, video or deepfake term in title or abstract",
R05624,S2,exclude,"S2 no human real-vs-fake judgment of AI-generated stimuli (detector, generator, dataset or other study)",
R05625,S2,exclude,"S2 no human real-vs-fake judgment of AI-generated stimuli (detector, generator, dataset or other study)",
R05626,S2,exclude,"S2 no human real-vs-fake judgment of AI-generated stimuli (detector, generator, dataset or other study)",
R05627,S2,exclude,"S2 no human real-vs-fake judgment of AI-generated stimuli (detector, generator, dataset or other study)",
R05628,S2,exclude,"S2 no human real-vs-fake judgment of AI-generated stimuli (detector, generator, dataset or other study)",
R05629,S1,exclude,"S1: no audio, video or deepfake term in title or abstract",
R05630,S1b,exclude,S1b: no human-study term in title or abstract,
R05631,S1,exclude,"S1: no audio, video or deepfake term in title or abstract",
R05632,S1,exclude,"S1: no audio, video or deepfake term in title or abstract",
R05633,S1,exclude,"S1: no audio, video or deepfake term in title or abstract",
R05634,S1,exclude,"S1: no audio, video or deepfake term in title or abstract",
R05635,S2,exclude,"S2 no human real-vs-fake judgment of AI-generated stimuli (detector, generator, dataset or other study)",
R05636,S2,exclude,"S2 no human real-vs-fake judgment of AI-generated stimuli (detector, generator, dataset or other study)",
R05637,S1,exclude,"S1: no audio, video or deepfake term in title or abstract",
R05638,S1,exclude,"S1: no audio, video or deepfake term in title or abstract",
R05639,S2,exclude,"S2 no human real-vs-fake judgment of AI-generated stimuli (detector, generator, dataset or other study)",
R05640,S1b,exclude,S1b: no human-study term in title or abstract,
R05641,S1,exclude,"S1: no audio, video or deepfake term in title or abstract",
R05642,S2,exclude,"S2 no human real-vs-fake judgment of AI-generated stimuli (detector, generator, dataset or other study)",
R05643,S1,exclude,"S1: no audio, video or deepfake term in title or abstract",
R05644,S2,exclude,"S2 no human real-vs-fake judgment of AI-generated stimuli (detector, generator, dataset or other study)",
R05645,S1,exclude,"S1: no audio, video or deepfake term in title or abstract",
R05646,S1,exclude,"S1: no audio, video or deepfake term in title or abstract",
R05647,S1,exclude,"S1: no audio, video or deepfake term in title or abstract",
R05648,S1,exclude,"S1: no audio, video or deepfake term in title or abstract",
R05649,S1,exclude,"S1: no audio, video or deepfake term in title or abstract",
R05650,S1,exclude,"S1: no audio, video or deepfake term in title or abstract",
R05651,S1,exclude,"S1: no audio, video or deepfake term in title or abstract",
R05652,S1,exclude,"S1: no audio, video or deepfake term in title or abstract",
R05653,S1b,exclude,S1b: no human-study term in title or abstract,
R05654,S2,exclude,"S2 no human real-vs-fake judgment of AI-generated stimuli (detector, generator, dataset or other study)",
R05655,S1,exclude,"S1: no audio, video or deepfake term in title or abstract",
R05656,S2,exclude,"S2 no human real-vs-fake judgment of AI-generated stimuli (detector, generator, dataset or other study)",
R05657,S1b,exclude,S1b: no human-study term in title or abstract,
R05658,S2,exclude,"S2 no human real-vs-fake judgment of AI-generated stimuli (detector, generator, dataset or other study)",
R05659,S1b,exclude,S1b: no human-study term in title or abstract,
R05660,S2,exclude,"S2 no human real-vs-fake judgment of AI-generated stimuli (detector, generator, dataset or other study)",
R05661,S2,exclude,"S2 no human real-vs-fake judgment of AI-generated stimuli (detector, generator, dataset or other study)",
R05662,S2,exclude,"S2 no human real-vs-fake judgment of AI-generated stimuli (detector, generator, dataset or other study)",
R05663,S2,exclude,"S2 no human real-vs-fake judgment of AI-generated stimuli (detector, generator, dataset or other study)",
R05664,S2,exclude,"S2 no human real-vs-fake judgment of AI-generated stimuli (detector, generator, dataset or other study)",
R05665,S2,exclude,"S2 no human real-vs-fake judgment of AI-generated stimuli (detector, generator, dataset or other study)",
R05666,S2,exclude,"S2 no human real-vs-fake judgment of AI-generated stimuli (detector, generator, dataset or other study)",
R05667,S2,exclude,"S2 no human real-vs-fake judgment of AI-generated stimuli (detector, generator, dataset or other study)",
R05668,S1,exclude,"S1: no audio, video or deepfake term in title or abstract",
R05669,S2,exclude,"S2 no human real-vs-fake judgment of AI-generated stimuli (detector, generator, dataset or other study)",
R05670,S2,exclude,"S2 no human real-vs-fake judgment of AI-generated stimuli (detector, generator, dataset or other study)",
R05671,S2,exclude,"S2 no human real-vs-fake judgment of AI-generated stimuli (detector, generator, dataset or other study)",
R05672,S2,exclude,"S2 no human real-vs-fake judgment of AI-generated stimuli (detector, generator, dataset or other study)",
R05673,S2,exclude,"S2 no human real-vs-fake judgment of AI-generated stimuli (detector, generator, dataset or other study)",
R05674,S2,exclude,"S2 no human real-vs-fake judgment of AI-generated stimuli (detector, generator, dataset or other study)",
R05675,S1,exclude,"S1: no audio, video or deepfake term in title or abstract",
R05676,S1,exclude,"S1: no audio, video or deepfake term in title or abstract",
R05677,S1,exclude,"S1: no audio, video or deepfake term in title or abstract",
R05678,S2,exclude,"S2 no human real-vs-fake judgment of AI-generated stimuli (detector, generator, dataset or other study)",
R05679,S2,exclude,"S2 no human real-vs-fake judgment of AI-generated stimuli (detector, generator, dataset or other study)",
R05680,S1,exclude,"S1: no audio, video or deepfake term in title or abstract",
R05681,S1,exclude,"S1: no audio, video or deepfake term in title or abstract",
R05682,S2,exclude,"S2 no human real-vs-fake judgment of AI-generated stimuli (detector, generator, dataset or other study)",
R05683,S1,exclude,"S1: no audio, video or deepfake term in title or abstract",
R05684,S2,exclude,"S2 no human real-vs-fake judgment of AI-generated stimuli (detector, generator, dataset or other study)",
R05685,S1,exclude,"S1: no audio, video or deepfake term in title or abstract",
R05686,S2,exclude,"S2 no human real-vs-fake judgment of AI-generated stimuli (detector, generator, dataset or other study)",
R05687,S1,exclude,"S1: no audio, video or deepfake term in title or abstract",
R05688,S2,exclude,"S2 no human real-vs-fake judgment of AI-generated stimuli (detector, generator, dataset or other study)",
R05689,S1,exclude,"S1: no audio, video or deepfake term in title or abstract",
R05690,S1,exclude,"S1: no audio, video or deepfake term in title or abstract",
R05691,S1,exclude,"S1: no audio, video or deepfake term in title or abstract",
R05692,S2,exclude,"S2 no human real-vs-fake judgment of AI-generated stimuli (detector, generator, dataset or other study)",
R05693,S1,exclude,"S1: no audio, video or deepfake term in title or abstract",
R05694,S2,exclude,"S2 no human real-vs-fake judgment of AI-generated stimuli (detector, generator, dataset or other study)",
R05695,S1,exclude,"S1: no audio, video or deepfake term in title or abstract",
R05696,S2,exclude,"S2 no human real-vs-fake judgment of AI-generated stimuli (detector, generator, dataset or other study)",
R05697,S1,exclude,"S1: no audio, video or deepfake term in title or abstract",
R05698,S2,exclude,"S2 no human real-vs-fake judgment of AI-generated stimuli (detector, generator, dataset or other study)",
R05699,S2,exclude,"S2 no human real-vs-fake judgment of AI-generated stimuli (detector, generator, dataset or other study)",
R05700,S2,exclude,"S2 no human real-vs-fake judgment of AI-generated stimuli (detector, generator, dataset or other study)",
R05701,S2,exclude,"S2 no human real-vs-fake judgment of AI-generated stimuli (detector, generator, dataset or other study)",
R05702,S2,exclude,"S2 no human real-vs-fake judgment of AI-generated stimuli (detector, generator, dataset or other study)",
R05703,S2,exclude,"S2 no human real-vs-fake judgment of AI-generated stimuli (detector, generator, dataset or other study)",
R05704,S2,exclude,"S2 no human real-vs-fake judgment of AI-generated stimuli (detector, generator, dataset or other study)",
R05705,S1,exclude,"S1: no audio, video or deepfake term in title or abstract",
R05706,S1,exclude,"S1: no audio, video or deepfake term in title or abstract",
R05707,S2,exclude,"S2 no human real-vs-fake judgment of AI-generated stimuli (detector, generator, dataset or other study)",
R05708,S2,exclude,"S2 no human real-vs-fake judgment of AI-generated stimuli (detector, generator, dataset or other study)",
R05709,S1,exclude,"S1: no audio, video or deepfake term in title or abstract",
R05710,S1,exclude,"S1: no audio, video or deepfake term in title or abstract",
R05711,S1,exclude,"S1: no audio, video or deepfake term in title or abstract",
R05712,S1,exclude,"S1: no audio, video or deepfake term in title or abstract",
R05713,S2,exclude,"S2 no human real-vs-fake judgment of AI-generated stimuli (detector, generator, dataset or other study)",
R05714,S2,exclude,"S2 no human real-vs-fake judgment of AI-generated stimuli (detector, generator, dataset or other study)",
R05715,S1,exclude,"S1: no audio, video or deepfake term in title or abstract",
R05716,S1b,exclude,S1b: no human-study term in title or abstract,
R05717,S1b,exclude,S1b: no human-study term in title or abstract,
R05718,S1b,exclude,S1b: no human-study term in title or abstract,
R05719,S1,exclude,"S1: no audio, video or deepfake term in title or abstract",
R05720,S2,exclude,"S2 no human real-vs-fake judgment of AI-generated stimuli (detector, generator, dataset or other study)",
R05721,S1,exclude,"S1: no audio, video or deepfake term in title or abstract",
R05722,S1,exclude,"S1: no audio, video or deepfake term in title or abstract",
R05723,S1b,exclude,S1b: no human-study term in title or abstract,
R05724,S2,exclude,"S2 no human real-vs-fake judgment of AI-generated stimuli (detector, generator, dataset or other study)",
R05725,S1,exclude,"S1: no audio, video or deepfake term in title or abstract",
R05726,S1b,exclude,S1b: no human-study term in title or abstract,
R05727,S2,exclude,"S2 no human real-vs-fake judgment of AI-generated stimuli (detector, generator, dataset or other study)",
R05728,S1,exclude,"S1: no audio, video or deepfake term in title or abstract",
R05729,S2,exclude,"S2 no human real-vs-fake judgment of AI-generated stimuli (detector, generator, dataset or other study)",
R05730,S2,exclude,"S2 no human real-vs-fake judgment of AI-generated stimuli (detector, generator, dataset or other study)",
R05731,S1,exclude,"S1: no audio, video or deepfake term in title or abstract",
R05732,S1b,exclude,S1b: no human-study term in title or abstract,
R05733,S2,exclude,"S2 no human real-vs-fake judgment of AI-generated stimuli (detector, generator, dataset or other study)",
R05734,S1,exclude,"S1: no audio, video or deepfake term in title or abstract",
R05735,S2,exclude,"S2 no human real-vs-fake judgment of AI-generated stimuli (detector, generator, dataset or other study)",
R05736,S1,exclude,"S1: no audio, video or deepfake term in title or abstract",
R05737,S1b,exclude,S1b: no human-study term in title or abstract,
R05738,S1,exclude,"S1: no audio, video or deepfake term in title or abstract",
R05739,S1,exclude,"S1: no audio, video or deepfake term in title or abstract",
R05740,S2,exclude,"S2 no human real-vs-fake judgment of AI-generated stimuli (detector, generator, dataset or other study)",
R05741,S1,exclude,"S1: no audio, video or deepfake term in title or abstract",
R05742,S2,exclude,"S2 no human real-vs-fake judgment of AI-generated stimuli (detector, generator, dataset or other study)",
R05743,S1b,exclude,S1b: no human-study term in title or abstract,
R05744,S1,exclude,"S1: no audio, video or deepfake term in title or abstract",
R05745,S1,exclude,"S1: no audio, video or deepfake term in title or abstract",
R05746,S1b,exclude,S1b: no human-study term in title or abstract,
R05747,S1b,exclude,S1b: no human-study term in title or abstract,
R05748,S1,exclude,"S1: no audio, video or deepfake term in title or abstract",
R05749,S2,exclude,"S2 no human real-vs-fake judgment of AI-generated stimuli (detector, generator, dataset or other study)",
R05750,S1,exclude,"S1: no audio, video or deepfake term in title or abstract",
R05751,S1,exclude,"S1: no audio, video or deepfake term in title or abstract",
R05752,S1,exclude,"S1: no audio, video or deepfake term in title or abstract",
R05753,S1,exclude,"S1: no audio, video or deepfake term in title or abstract",
R05754,S2,exclude,"S2 no human real-vs-fake judgment of AI-generated stimuli (detector, generator, dataset or other study)",
R05755,S2,exclude,"S2 no human real-vs-fake judgment of AI-generated stimuli (detector, generator, dataset or other study)",
R05756,S2,exclude,"S2 no human real-vs-fake judgment of AI-generated stimuli (detector, generator, dataset or other study)",
R05757,S2,exclude,"S2 no human real-vs-fake judgment of AI-generated stimuli (detector, generator, dataset or other study)",
R05758,S1,exclude,"S1: no audio, video or deepfake term in title or abstract",
R05759,S2,exclude,"S2 no human real-vs-fake judgment of AI-generated stimuli (detector, generator, dataset or other study)",
R05760,S2,exclude,"S2 no human real-vs-fake judgment of AI-generated stimuli (detector, generator, dataset or other study)",
R05761,S1,exclude,"S1: no audio, video or deepfake term in title or abstract",
R05762,S2,exclude,"S2 no human real-vs-fake judgment of AI-generated stimuli (detector, generator, dataset or other study)",
R05763,S1,exclude,"S1: no audio, video or deepfake term in title or abstract",
R05764,S2,exclude,"S2 no human real-vs-fake judgment of AI-generated stimuli (detector, generator, dataset or other study)",
R05765,S2,exclude,"S2 no human real-vs-fake judgment of AI-generated stimuli (detector, generator, dataset or other study)",
R05766,S2,exclude,"S2 no human real-vs-fake judgment of AI-generated stimuli (detector, generator, dataset or other study)",
R05767,S2,exclude,"S2 no human real-vs-fake judgment of AI-generated stimuli (detector, generator, dataset or other study)",
R05768,S1,exclude,"S1: no audio, video or deepfake term in title or abstract",
R05769,S1,exclude,"S1: no audio, video or deepfake term in title or abstract",
R05770,S1,exclude,"S1: no audio, video or deepfake term in title or abstract",
R05771,S1,exclude,"S1: no audio, video or deepfake term in title or abstract",
R05772,S2,exclude,"S2 no human real-vs-fake judgment of AI-generated stimuli (detector, generator, dataset or other study)",
R05773,S1,exclude,"S1: no audio, video or deepfake term in title or abstract",
R05774,S1,exclude,"S1: no audio, video or deepfake term in title or abstract",
R05775,S1,exclude,"S1: no audio, video or deepfake term in title or abstract",
R05776,S2,exclude,"S2 no human real-vs-fake judgment of AI-generated stimuli (detector, generator, dataset or other study)",
R05777,S1b,exclude,S1b: no human-study term in title or abstract,
R05778,S1,exclude,"S1: no audio, video or deepfake term in title or abstract",
R05779,S1b,exclude,S1b: no human-study term in title or abstract,
R05780,S1,exclude,"S1: no audio, video or deepfake term in title or abstract",
R05781,S1,exclude,"S1: no audio, video or deepfake term in title or abstract",
R05782,S1b,exclude,S1b: no human-study term in title or abstract,
R05783,S1,exclude,"S1: no audio, video or deepfake term in title or abstract",
R05784,S1,exclude,"S1: no audio, video or deepfake term in title or abstract",
R05785,S1,exclude,"S1: no audio, video or deepfake term in title or abstract",
R05786,S2,exclude,"S2 no human real-vs-fake judgment of AI-generated stimuli (detector, generator, dataset or other study)",
R05787,S2,exclude,"S2 no human real-vs-fake judgment of AI-generated stimuli (detector, generator, dataset or other study)",
R05788,S2,exclude,"S2 no human real-vs-fake judgment of AI-generated stimuli (detector, generator, dataset or other study)",
R05789,S1,exclude,"S1: no audio, video or deepfake term in title or abstract",
R05790,S1,exclude,"S1: no audio, video or deepfake term in title or abstract",
R05791,S1,exclude,"S1: no audio, video or deepfake term in title or abstract",
R05792,S2,exclude,"S2 no human real-vs-fake judgment of AI-generated stimuli (detector, generator, dataset or other study)",
R05793,S2,exclude,"S2 no human real-vs-fake judgment of AI-generated stimuli (detector, generator, dataset or other study)",
R05794,S1,exclude,"S1: no audio, video or deepfake term in title or abstract",
R05795,S1,exclude,"S1: no audio, video or deepfake term in title or abstract",
R05796,S1,exclude,"S1: no audio, video or deepfake term in title or abstract",
R05797,S2,exclude,"S2 no human real-vs-fake judgment of AI-generated stimuli (detector, generator, dataset or other study)",
R05798,S2,exclude,"S2 no human real-vs-fake judgment of AI-generated stimuli (detector, generator, dataset or other study)",
R05799,S2,exclude,"S2 no human real-vs-fake judgment of AI-generated stimuli (detector, generator, dataset or other study)",
R05800,S1,exclude,"S1: no audio, video or deepfake term in title or abstract",
R05801,S1b,exclude,S1b: no human-study term in title or abstract,
R05802,S1,exclude,"S1: no audio, video or deepfake term in title or abstract",
R05803,S2,exclude,"S2 no human real-vs-fake judgment of AI-generated stimuli (detector, generator, dataset or other study)",
R05804,S1,exclude,"S1: no audio, video or deepfake term in title or abstract",
R05805,S2,exclude,"S2 no human real-vs-fake judgment of AI-generated stimuli (detector, generator, dataset or other study)",
R05806,S1b,exclude,S1b: no human-study term in title or abstract,
R05807,S2,exclude,"S2 no human real-vs-fake judgment of AI-generated stimuli (detector, generator, dataset or other study)",
R05808,S2,exclude,"S2 no human real-vs-fake judgment of AI-generated stimuli (detector, generator, dataset or other study)",
R05809,S2,exclude,"S2 no human real-vs-fake judgment of AI-generated stimuli (detector, generator, dataset or other study)",
R05810,S2,exclude,"S2 no human real-vs-fake judgment of AI-generated stimuli (detector, generator, dataset or other study)",
R05811,S2,exclude,"S2 no human real-vs-fake judgment of AI-generated stimuli (detector, generator, dataset or other study)",
R05812,S2,exclude,"S2 no human real-vs-fake judgment of AI-generated stimuli (detector, generator, dataset or other study)",
R05813,S2,exclude,"S2 no human real-vs-fake judgment of AI-generated stimuli (detector, generator, dataset or other study)",
R05814,S1,exclude,"S1: no audio, video or deepfake term in title or abstract",
R05815,S1,exclude,"S1: no audio, video or deepfake term in title or abstract",
R05816,S1,exclude,"S1: no audio, video or deepfake term in title or abstract",
R05817,S2,exclude,"S2 no human real-vs-fake judgment of AI-generated stimuli (detector, generator, dataset or other study)",
R05818,S1,exclude,"S1: no audio, video or deepfake term in title or abstract",
R05819,S1,exclude,"S1: no audio, video or deepfake term in title or abstract",
R05820,S1,exclude,"S1: no audio, video or deepfake term in title or abstract",
R05821,S2,exclude,"S2 no human real-vs-fake judgment of AI-generated stimuli (detector, generator, dataset or other study)",
R05822,S2,exclude,"S2 no human real-vs-fake judgment of AI-generated stimuli (detector, generator, dataset or other study)",
R05823,S1b,exclude,S1b: no human-study term in title or abstract,
R05824,S2,exclude,"S2 no human real-vs-fake judgment of AI-generated stimuli (detector, generator, dataset or other study)",
R05825,S2,exclude,"S2 no human real-vs-fake judgment of AI-generated stimuli (detector, generator, dataset or other study)",
R05826,S2,exclude,"S2 no human real-vs-fake judgment of AI-generated stimuli (detector, generator, dataset or other study)",
R05827,S1,exclude,"S1: no audio, video or deepfake term in title or abstract",
R05828,S1,exclude,"S1: no audio, video or deepfake term in title or abstract",
R05829,S2,exclude,"S2 no human real-vs-fake judgment of AI-generated stimuli (detector, generator, dataset or other study)",
R05830,S1,exclude,"S1: no audio, video or deepfake term in title or abstract",
R05831,S2,exclude,"S2 no human real-vs-fake judgment of AI-generated stimuli (detector, generator, dataset or other study)",
R05832,S1,exclude,"S1: no audio, video or deepfake term in title or abstract",
R05833,S1,exclude,"S1: no audio, video or deepfake term in title or abstract",
R05834,S1,exclude,"S1: no audio, video or deepfake term in title or abstract",
R05835,S1,exclude,"S1: no audio, video or deepfake term in title or abstract",
R05836,S2,exclude,"S2 no human real-vs-fake judgment of AI-generated stimuli (detector, generator, dataset or other study)",
R05837,S1,exclude,"S1: no audio, video or deepfake term in title or abstract",
R05838,S1,exclude,"S1: no audio, video or deepfake term in title or abstract",
R05839,S1b,exclude,S1b: no human-study term in title or abstract,
R05840,S2,exclude,"S2 no human real-vs-fake judgment of AI-generated stimuli (detector, generator, dataset or other study)",
R05841,S2,exclude,"S2 no human real-vs-fake judgment of AI-generated stimuli (detector, generator, dataset or other study)",
R05842,S1,exclude,"S1: no audio, video or deepfake term in title or abstract",
R05843,S2,exclude,"S2 no human real-vs-fake judgment of AI-generated stimuli (detector, generator, dataset or other study)",
R05844,S1b,exclude,S1b: no human-study term in title or abstract,
R05845,S2,exclude,"S2 no human real-vs-fake judgment of AI-generated stimuli (detector, generator, dataset or other study)",
R05846,S1,exclude,"S1: no audio, video or deepfake term in title or abstract",
R05847,S1,exclude,"S1: no audio, video or deepfake term in title or abstract",
R05848,S1,exclude,"S1: no audio, video or deepfake term in title or abstract",
R05849,S2,exclude,"S2 no human real-vs-fake judgment of AI-generated stimuli (detector, generator, dataset or other study)",
R05850,S2,exclude,"S2 no human real-vs-fake judgment of AI-generated stimuli (detector, generator, dataset or other study)",
R05851,S2,exclude,"S2 no human real-vs-fake judgment of AI-generated stimuli (detector, generator, dataset or other study)",
R05852,S2,exclude,"S2 no human real-vs-fake judgment of AI-generated stimuli (detector, generator, dataset or other study)",
R05853,S2,exclude,"S2 no human real-vs-fake judgment of AI-generated stimuli (detector, generator, dataset or other study)",
R05854,S1,exclude,"S1: no audio, video or deepfake term in title or abstract",
R05855,S1b,exclude,S1b: no human-study term in title or abstract,
R05856,S2,exclude,"S2 no human real-vs-fake judgment of AI-generated stimuli (detector, generator, dataset or other study)",
R05857,S2,exclude,"S2 no human real-vs-fake judgment of AI-generated stimuli (detector, generator, dataset or other study)",
R05858,S1,exclude,"S1: no audio, video or deepfake term in title or abstract",
R05859,S1,exclude,"S1: no audio, video or deepfake term in title or abstract",
R05860,S2,exclude,"S2 no human real-vs-fake judgment of AI-generated stimuli (detector, generator, dataset or other study)",
R05861,S2,exclude,"S2 no human real-vs-fake judgment of AI-generated stimuli (detector, generator, dataset or other study)",
R05862,S2,exclude,"S2 no human real-vs-fake judgment of AI-generated stimuli (detector, generator, dataset or other study)",
R05863,S2,exclude,"S2 no human real-vs-fake judgment of AI-generated stimuli (detector, generator, dataset or other study)",
R05864,S2,exclude,"S2 no human real-vs-fake judgment of AI-generated stimuli (detector, generator, dataset or other study)",
R05865,S1,exclude,"S1: no audio, video or deepfake term in title or abstract",
R05866,S2,exclude,"S2 no human real-vs-fake judgment of AI-generated stimuli (detector, generator, dataset or other study)",
R05867,S2,exclude,"S2 no human real-vs-fake judgment of AI-generated stimuli (detector, generator, dataset or other study)",
R05868,S2,exclude,"S2 no human real-vs-fake judgment of AI-generated stimuli (detector, generator, dataset or other study)",
R05869,S2,exclude,"S2 no human real-vs-fake judgment of AI-generated stimuli (detector, generator, dataset or other study)",
R05870,S1,exclude,"S1: no audio, video or deepfake term in title or abstract",
R05871,S2,exclude,"S2 no human real-vs-fake judgment of AI-generated stimuli (detector, generator, dataset or other study)",
R05872,S1,exclude,"S1: no audio, video or deepfake term in title or abstract",
R05873,S1,exclude,"S1: no audio, video or deepfake term in title or abstract",
R05874,S1b,exclude,S1b: no human-study term in title or abstract,
R05875,S2,exclude,"S2 no human real-vs-fake judgment of AI-generated stimuli (detector, generator, dataset or other study)",
R05876,S2,exclude,"S2 no human real-vs-fake judgment of AI-generated stimuli (detector, generator, dataset or other study)",
R05877,S2,exclude,"S2 no human real-vs-fake judgment of AI-generated stimuli (detector, generator, dataset or other study)",
R05878,S1,exclude,"S1: no audio, video or deepfake term in title or abstract",
R05879,S2,exclude,"S2 no human real-vs-fake judgment of AI-generated stimuli (detector, generator, dataset or other study)",
R05880,S1,exclude,"S1: no audio, video or deepfake term in title or abstract",
R05881,S1b,exclude,S1b: no human-study term in title or abstract,
R05882,S2,exclude,"S2 no human real-vs-fake judgment of AI-generated stimuli (detector, generator, dataset or other study)",
R05883,S2,exclude,"S2 no human real-vs-fake judgment of AI-generated stimuli (detector, generator, dataset or other study)",
R05884,S1,exclude,"S1: no audio, video or deepfake term in title or abstract",
R05885,S1,exclude,"S1: no audio, video or deepfake term in title or abstract",
R05886,S2,exclude,"S2 no human real-vs-fake judgment of AI-generated stimuli (detector, generator, dataset or other study)",
R05887,S1,exclude,"S1: no audio, video or deepfake term in title or abstract",
R05888,S1b,exclude,S1b: no human-study term in title or abstract,
R05889,S1b,exclude,S1b: no human-study term in title or abstract,
R05890,S1,exclude,"S1: no audio, video or deepfake term in title or abstract",
R05891,S2,exclude,"S2 no human real-vs-fake judgment of AI-generated stimuli (detector, generator, dataset or other study)",
R05892,S1,exclude,"S1: no audio, video or deepfake term in title or abstract",
R05893,S1b,exclude,S1b: no human-study term in title or abstract,
R05894,S1,exclude,"S1: no audio, video or deepfake term in title or abstract",
R05895,S1,exclude,"S1: no audio, video or deepfake term in title or abstract",
R05896,S1,exclude,"S1: no audio, video or deepfake term in title or abstract",
R05897,S1,exclude,"S1: no audio, video or deepfake term in title or abstract",
R05898,S1,exclude,"S1: no audio, video or deepfake term in title or abstract",
R05899,S2,exclude,"S2 no human real-vs-fake judgment of AI-generated stimuli (detector, generator, dataset or other study)",
R05900,S1,exclude,"S1: no audio, video or deepfake term in title or abstract",
R05901,S1,exclude,"S1: no audio, video or deepfake term in title or abstract",
R05902,S2,exclude,S2 E3 (meta-analysis of AI misinformation experiments; reference list to be checked in Stage 3),
R05903,S1b,exclude,S1b: no human-study term in title or abstract,
R05904,S1,exclude,"S1: no audio, video or deepfake term in title or abstract",
R05905,S1,exclude,"S1: no audio, video or deepfake term in title or abstract",
R05906,S2,exclude,"S2 no human real-vs-fake judgment of AI-generated stimuli (detector, generator, dataset or other study)",
R05907,S2,exclude,"S2 no human real-vs-fake judgment of AI-generated stimuli (detector, generator, dataset or other study)",
R05908,S1,exclude,"S1: no audio, video or deepfake term in title or abstract",
R05909,S1,exclude,"S1: no audio, video or deepfake term in title or abstract",
R05910,S2,exclude,"S2 no human real-vs-fake judgment of AI-generated stimuli (detector, generator, dataset or other study)",
R05911,S1,exclude,"S1: no audio, video or deepfake term in title or abstract",
R05912,S1,exclude,"S1: no audio, video or deepfake term in title or abstract",
R05913,S2,exclude,"S2 no human real-vs-fake judgment of AI-generated stimuli (detector, generator, dataset or other study)",
R05914,S1,exclude,"S1: no audio, video or deepfake term in title or abstract",
R05915,S1b,exclude,S1b: no human-study term in title or abstract,
R05916,S2,exclude,"S2 no human real-vs-fake judgment of AI-generated stimuli (detector, generator, dataset or other study)",
R05917,S1b,exclude,S1b: no human-study term in title or abstract,
R05918,S1,exclude,"S1: no audio, video or deepfake term in title or abstract",
R05919,S2,exclude,"S2 no human real-vs-fake judgment of AI-generated stimuli (detector, generator, dataset or other study)",
R05920,S2,exclude,"S2 no human real-vs-fake judgment of AI-generated stimuli (detector, generator, dataset or other study)",
R05921,S1,exclude,"S1: no audio, video or deepfake term in title or abstract",
R05922,S2,exclude,"S2 no human real-vs-fake judgment of AI-generated stimuli (detector, generator, dataset or other study)",
R05923,S1,exclude,"S1: no audio, video or deepfake term in title or abstract",
R05924,S2,exclude,"S2 no human real-vs-fake judgment of AI-generated stimuli (detector, generator, dataset or other study)",
R05925,S2,exclude,"S2 no human real-vs-fake judgment of AI-generated stimuli (detector, generator, dataset or other study)",
R05926,S2,exclude,"S2 no human real-vs-fake judgment of AI-generated stimuli (detector, generator, dataset or other study)",
R05927,S2,exclude,"S2 no human real-vs-fake judgment of AI-generated stimuli (detector, generator, dataset or other study)",
R05928,S1,exclude,"S1: no audio, video or deepfake term in title or abstract",
R05929,S1,exclude,"S1: no audio, video or deepfake term in title or abstract",
R05930,S1,exclude,"S1: no audio, video or deepfake term in title or abstract",
R05931,S1,exclude,"S1: no audio, video or deepfake term in title or abstract",
R05932,S1,exclude,"S1: no audio, video or deepfake term in title or abstract",
R05933,S2,exclude,"S2 no human real-vs-fake judgment of AI-generated stimuli (detector, generator, dataset or other study)",
R05934,S2,exclude,"S2 no human real-vs-fake judgment of AI-generated stimuli (detector, generator, dataset or other study)",
R05935,S2,exclude,"S2 no human real-vs-fake judgment of AI-generated stimuli (detector, generator, dataset or other study)",
R05936,S2,exclude,"S2 no human real-vs-fake judgment of AI-generated stimuli (detector, generator, dataset or other study)",
R05937,S2,exclude,"S2 no human real-vs-fake judgment of AI-generated stimuli (detector, generator, dataset or other study)",
R05938,S2,exclude,"S2 no human real-vs-fake judgment of AI-generated stimuli (detector, generator, dataset or other study)",
R05939,S1,exclude,"S1: no audio, video or deepfake term in title or abstract",
R05940,S1,exclude,"S1: no audio, video or deepfake term in title or abstract",
R05941,S2,exclude,"S2 no human real-vs-fake judgment of AI-generated stimuli (detector, generator, dataset or other study)",
R05942,S2,exclude,"S2 no human real-vs-fake judgment of AI-generated stimuli (detector, generator, dataset or other study)",
R05943,S1,exclude,"S1: no audio, video or deepfake term in title or abstract",
R05944,S1,exclude,"S1: no audio, video or deepfake term in title or abstract",
R05945,S2,exclude,"S2 no human real-vs-fake judgment of AI-generated stimuli (detector, generator, dataset or other study)",
R05946,S2,exclude,"S2 no human real-vs-fake judgment of AI-generated stimuli (detector, generator, dataset or other study)",
R05947,S2,exclude,"S2 no human real-vs-fake judgment of AI-generated stimuli (detector, generator, dataset or other study)",
R05948,S2,exclude,"S2 no human real-vs-fake judgment of AI-generated stimuli (detector, generator, dataset or other study)",
R05949,S1b,exclude,S1b: no human-study term in title or abstract,
R05950,S1,exclude,"S1: no audio, video or deepfake term in title or abstract",
R05951,S1,exclude,"S1: no audio, video or deepfake term in title or abstract",
R05952,S1,exclude,"S1: no audio, video or deepfake term in title or abstract",
R05953,S2,exclude,"S2 no human real-vs-fake judgment of AI-generated stimuli (detector, generator, dataset or other study)",
R05954,S1b,exclude,S1b: no human-study term in title or abstract,
R05955,S1,exclude,"S1: no audio, video or deepfake term in title or abstract",
R05956,S1,exclude,"S1: no audio, video or deepfake term in title or abstract",
R05957,S2,exclude,"S2 no human real-vs-fake judgment of AI-generated stimuli (detector, generator, dataset or other study)",
R05958,S1,exclude,"S1: no audio, video or deepfake term in title or abstract",
R05959,S1b,exclude,S1b: no human-study term in title or abstract,
R05960,S1,exclude,"S1: no audio, video or deepfake term in title or abstract",
R05961,S1,exclude,"S1: no audio, video or deepfake term in title or abstract",
R05962,S1,exclude,"S1: no audio, video or deepfake term in title or abstract",
R05963,S1,exclude,"S1: no audio, video or deepfake term in title or abstract",
R05964,S2,exclude,"S2 no human real-vs-fake judgment of AI-generated stimuli (detector, generator, dataset or other study)",
R05965,S2,exclude,"S2 no human real-vs-fake judgment of AI-generated stimuli (detector, generator, dataset or other study)",
R05966,S2,exclude,"S2 no human real-vs-fake judgment of AI-generated stimuli (detector, generator, dataset or other study)",
R05967,S2,exclude,"S2 no human real-vs-fake judgment of AI-generated stimuli (detector, generator, dataset or other study)",
R05968,S2,exclude,"S2 no human real-vs-fake judgment of AI-generated stimuli (detector, generator, dataset or other study)",
R05969,S2,exclude,"S2 no human real-vs-fake judgment of AI-generated stimuli (detector, generator, dataset or other study)",
R05970,S1,exclude,"S1: no audio, video or deepfake term in title or abstract",
R05971,S1,exclude,"S1: no audio, video or deepfake term in title or abstract",
R05972,S2,exclude,"S2 no human real-vs-fake judgment of AI-generated stimuli (detector, generator, dataset or other study)",
R05973,S1,exclude,"S1: no audio, video or deepfake term in title or abstract",
R05974,S1,exclude,"S1: no audio, video or deepfake term in title or abstract",
R05975,S1,exclude,"S1: no audio, video or deepfake term in title or abstract",
R05976,S2,exclude,"S2 no human real-vs-fake judgment of AI-generated stimuli (detector, generator, dataset or other study)",
R05977,S2,exclude,"S2 no human real-vs-fake judgment of AI-generated stimuli (detector, generator, dataset or other study)",
R05978,S1,exclude,"S1: no audio, video or deepfake term in title or abstract",
R05979,S2,exclude,"S2 no human real-vs-fake judgment of AI-generated stimuli (detector, generator, dataset or other study)",
R05980,S2,exclude,"S2 no human real-vs-fake judgment of AI-generated stimuli (detector, generator, dataset or other study)",
R05981,S1,exclude,"S1: no audio, video or deepfake term in title or abstract",
R05982,S1,exclude,"S1: no audio, video or deepfake term in title or abstract",
R05983,S2,exclude,"S2 no human real-vs-fake judgment of AI-generated stimuli (detector, generator, dataset or other study)",
R05984,S2,exclude,"S2 no human real-vs-fake judgment of AI-generated stimuli (detector, generator, dataset or other study)",
R05985,S1b,exclude,S1b: no human-study term in title or abstract,
R05986,S1,exclude,"S1: no audio, video or deepfake term in title or abstract",
R05987,S2,exclude,"S2 no human real-vs-fake judgment of AI-generated stimuli (detector, generator, dataset or other study)",
R05988,S2,exclude,"S2 no human real-vs-fake judgment of AI-generated stimuli (detector, generator, dataset or other study)",
R05989,S1,exclude,"S1: no audio, video or deepfake term in title or abstract",
R05990,S2,exclude,"S2 no human real-vs-fake judgment of AI-generated stimuli (detector, generator, dataset or other study)",
R05991,S1,exclude,"S1: no audio, video or deepfake term in title or abstract",
R05992,S1,exclude,"S1: no audio, video or deepfake term in title or abstract",
R05993,S1,exclude,"S1: no audio, video or deepfake term in title or abstract",
R05994,S2,exclude,"S2 no human real-vs-fake judgment of AI-generated stimuli (detector, generator, dataset or other study)",
R05995,S2,exclude,S2 stimuli are not audio or video (text or still images),
R05996,S1,exclude,"S1: no audio, video or deepfake term in title or abstract",
R05997,S2,exclude,"S2 no human real-vs-fake judgment of AI-generated stimuli (detector, generator, dataset or other study)",
R05998,S2,exclude,"S2 no human real-vs-fake judgment of AI-generated stimuli (detector, generator, dataset or other study)",
R05999,S1,exclude,"S1: no audio, video or deepfake term in title or abstract",
R06000,S2,exclude,"S2 no human real-vs-fake judgment of AI-generated stimuli (detector, generator, dataset or other study)",
R06001,S1,exclude,"S1: no audio, video or deepfake term in title or abstract",
R06002,S2,exclude,"S2 no human real-vs-fake judgment of AI-generated stimuli (detector, generator, dataset or other study)",
R06003,S2,exclude,"S2 no human real-vs-fake judgment of AI-generated stimuli (detector, generator, dataset or other study)",
R06004,S2,exclude,"S2 no human real-vs-fake judgment of AI-generated stimuli (detector, generator, dataset or other study)",
R06005,S1,exclude,"S1: no audio, video or deepfake term in title or abstract",
R06006,S2,exclude,"S2 no human real-vs-fake judgment of AI-generated stimuli (detector, generator, dataset or other study)",
R06007,S1b,exclude,S1b: no human-study term in title or abstract,
R06008,S2,exclude,"S2 no human real-vs-fake judgment of AI-generated stimuli (detector, generator, dataset or other study)",
R06009,S2,exclude,"S2 no human real-vs-fake judgment of AI-generated stimuli (detector, generator, dataset or other study)",
R06010,S1,exclude,"S1: no audio, video or deepfake term in title or abstract",
R06011,S2,exclude,"S2 no human real-vs-fake judgment of AI-generated stimuli (detector, generator, dataset or other study)",
R06012,S1,exclude,"S1: no audio, video or deepfake term in title or abstract",
R06013,S2,exclude,"S2 no human real-vs-fake judgment of AI-generated stimuli (detector, generator, dataset or other study)",
R06014,S2,exclude,"S2 no human real-vs-fake judgment of AI-generated stimuli (detector, generator, dataset or other study)",
R06015,S2,exclude,"S2 no human real-vs-fake judgment of AI-generated stimuli (detector, generator, dataset or other study)",
R06016,S2,exclude,"S2 no human real-vs-fake judgment of AI-generated stimuli (detector, generator, dataset or other study)",
R06017,S2,exclude,"S2 no human real-vs-fake judgment of AI-generated stimuli (detector, generator, dataset or other study)",
R06018,S2,exclude,"S2 no human real-vs-fake judgment of AI-generated stimuli (detector, generator, dataset or other study)",
R06019,S2,exclude,"S2 no human real-vs-fake judgment of AI-generated stimuli (detector, generator, dataset or other study)",
R06020,S2,exclude,S2 stimuli are not audio or video (text or still images),
R06021,S2,exclude,"S2 no human real-vs-fake judgment of AI-generated stimuli (detector, generator, dataset or other study)",
R06022,S1b,exclude,S1b: no human-study term in title or abstract,
R06023,S2,exclude,"S2 no human real-vs-fake judgment of AI-generated stimuli (detector, generator, dataset or other study)",
R06024,S1b,exclude,S1b: no human-study term in title or abstract,
R06025,S1,exclude,"S1: no audio, video or deepfake term in title or abstract",
R06026,S1,exclude,"S1: no audio, video or deepfake term in title or abstract",
R06027,S2,exclude,"S2 no human real-vs-fake judgment of AI-generated stimuli (detector, generator, dataset or other study)",
R06028,S1,exclude,"S1: no audio, video or deepfake term in title or abstract",
R06029,S1,exclude,"S1: no audio, video or deepfake term in title or abstract",
R06030,S2,exclude,"S2 no human real-vs-fake judgment of AI-generated stimuli (detector, generator, dataset or other study)",
R06031,S1,exclude,"S1: no audio, video or deepfake term in title or abstract",
R06032,S1,exclude,"S1: no audio, video or deepfake term in title or abstract",
R06033,S1,exclude,"S1: no audio, video or deepfake term in title or abstract",
R06034,S1,exclude,"S1: no audio, video or deepfake term in title or abstract",
R06035,S2,exclude,"S2 no human real-vs-fake judgment of AI-generated stimuli (detector, generator, dataset or other study)",
R06036,S1,exclude,"S1: no audio, video or deepfake term in title or abstract",
R06037,S1,exclude,"S1: no audio, video or deepfake term in title or abstract",
R06038,S1,exclude,"S1: no audio, video or deepfake term in title or abstract",
R06039,S1b,exclude,S1b: no human-study term in title or abstract,
R06040,S1b,exclude,S1b: no human-study term in title or abstract,
R06041,S2,exclude,"S2 no human real-vs-fake judgment of AI-generated stimuli (detector, generator, dataset or other study)",
R06042,S2,exclude,"S2 no human real-vs-fake judgment of AI-generated stimuli (detector, generator, dataset or other study)",
R06043,S2,exclude,"S2 no human real-vs-fake judgment of AI-generated stimuli (detector, generator, dataset or other study)",
R06044,S2,exclude,"S2 no human real-vs-fake judgment of AI-generated stimuli (detector, generator, dataset or other study)",
R06045,S2,exclude,"S2 no human real-vs-fake judgment of AI-generated stimuli (detector, generator, dataset or other study)",
R06046,S1,exclude,"S1: no audio, video or deepfake term in title or abstract",
R06047,S2,exclude,"S2 no human real-vs-fake judgment of AI-generated stimuli (detector, generator, dataset or other study)",
R06048,S2,exclude,"S2 no human real-vs-fake judgment of AI-generated stimuli (detector, generator, dataset or other study)",
R06049,S1,exclude,"S1: no audio, video or deepfake term in title or abstract",
R06050,S2,exclude,"S2 no human real-vs-fake judgment of AI-generated stimuli (detector, generator, dataset or other study)",
R06051,S1,exclude,"S1: no audio, video or deepfake term in title or abstract",
R06052,S1,exclude,"S1: no audio, video or deepfake term in title or abstract",
R06053,S2,exclude,"S2 no human real-vs-fake judgment of AI-generated stimuli (detector, generator, dataset or other study)",
R06054,S1,exclude,"S1: no audio, video or deepfake term in title or abstract",
R06055,S2,exclude,"S2 no human real-vs-fake judgment of AI-generated stimuli (detector, generator, dataset or other study)",
R06056,S2,exclude,"S2 no human real-vs-fake judgment of AI-generated stimuli (detector, generator, dataset or other study)",
R06057,S1,exclude,"S1: no audio, video or deepfake term in title or abstract",
R06058,S2,exclude,"S2 no human real-vs-fake judgment of AI-generated stimuli (detector, generator, dataset or other study)",
R06059,S2,exclude,"S2 no human real-vs-fake judgment of AI-generated stimuli (detector, generator, dataset or other study)",
R06060,S1,exclude,"S1: no audio, video or deepfake term in title or abstract",
R06061,S1,exclude,"S1: no audio, video or deepfake term in title or abstract",
R06062,S2,exclude,"S2 no human real-vs-fake judgment of AI-generated stimuli (detector, generator, dataset or other study)",
R06063,S1b,exclude,S1b: no human-study term in title or abstract,
R06064,S2,exclude,"S2 no human real-vs-fake judgment of AI-generated stimuli (detector, generator, dataset or other study)",
R06065,S1,exclude,"S1: no audio, video or deepfake term in title or abstract",
R06066,S1b,exclude,S1b: no human-study term in title or abstract,
R06067,S1,exclude,"S1: no audio, video or deepfake term in title or abstract",
R06068,S2,exclude,"S2 no human real-vs-fake judgment of AI-generated stimuli (detector, generator, dataset or other study)",
R06069,S1,exclude,"S1: no audio, video or deepfake term in title or abstract",
R06070,S2,exclude,"S2 no human real-vs-fake judgment of AI-generated stimuli (detector, generator, dataset or other study)",
R06071,S2,exclude,"S2 no human real-vs-fake judgment of AI-generated stimuli (detector, generator, dataset or other study)",
R06072,S2,exclude,"S2 no human real-vs-fake judgment of AI-generated stimuli (detector, generator, dataset or other study)",
R06073,S2,exclude,"S2 no human real-vs-fake judgment of AI-generated stimuli (detector, generator, dataset or other study)",
R06074,S1,exclude,"S1: no audio, video or deepfake term in title or abstract",
R06075,S2,exclude,"S2 no human real-vs-fake judgment of AI-generated stimuli (detector, generator, dataset or other study)",
R06076,S1,exclude,"S1: no audio, video or deepfake term in title or abstract",
R06077,S2,exclude,"S2 no human real-vs-fake judgment of AI-generated stimuli (detector, generator, dataset or other study)",
R06078,S1b,exclude,S1b: no human-study term in title or abstract,
R06079,S1,exclude,"S1: no audio, video or deepfake term in title or abstract",
R06080,S1b,exclude,S1b: no human-study term in title or abstract,
R06081,S1,exclude,"S1: no audio, video or deepfake term in title or abstract",
R06082,S1,exclude,"S1: no audio, video or deepfake term in title or abstract",
R06083,S1,exclude,"S1: no audio, video or deepfake term in title or abstract",
R06084,S1,exclude,"S1: no audio, video or deepfake term in title or abstract",
R06085,S2,exclude,"S2 no human real-vs-fake judgment of AI-generated stimuli (detector, generator, dataset or other study)",
R06086,S2,exclude,"S2 no human real-vs-fake judgment of AI-generated stimuli (detector, generator, dataset or other study)",
R06087,S1,exclude,"S1: no audio, video or deepfake term in title or abstract",
R06088,S1,exclude,"S1: no audio, video or deepfake term in title or abstract",
R06089,S2,exclude,"S2 no human real-vs-fake judgment of AI-generated stimuli (detector, generator, dataset or other study)",
R06090,S1,exclude,"S1: no audio, video or deepfake term in title or abstract",
R06091,S1b,exclude,S1b: no human-study term in title or abstract,
R06092,S2,exclude,"S2 no human real-vs-fake judgment of AI-generated stimuli (detector, generator, dataset or other study)",
R06093,S1,exclude,"S1: no audio, video or deepfake term in title or abstract",
R06094,S1,exclude,"S1: no audio, video or deepfake term in title or abstract",
R06095,S1,exclude,"S1: no audio, video or deepfake term in title or abstract",
R06096,S1b,exclude,S1b: no human-study term in title or abstract,
R06097,S2,exclude,"S2 no human real-vs-fake judgment of AI-generated stimuli (detector, generator, dataset or other study)",
R06098,S1,exclude,"S1: no audio, video or deepfake term in title or abstract",
R06099,S1,exclude,"S1: no audio, video or deepfake term in title or abstract",
R06100,S2,exclude,"S2 no human real-vs-fake judgment of AI-generated stimuli (detector, generator, dataset or other study)",
R06101,S2,exclude,"S2 no human real-vs-fake judgment of AI-generated stimuli (detector, generator, dataset or other study)",
R06102,S2,exclude,"S2 no human real-vs-fake judgment of AI-generated stimuli (detector, generator, dataset or other study)",
R06103,S1,exclude,"S1: no audio, video or deepfake term in title or abstract",
R06104,S1,exclude,"S1: no audio, video or deepfake term in title or abstract",
R06105,S1,exclude,"S1: no audio, video or deepfake term in title or abstract",
R06106,S1b,exclude,S1b: no human-study term in title or abstract,
R06107,S1,exclude,"S1: no audio, video or deepfake term in title or abstract",
R06108,S2,exclude,"S2 no human real-vs-fake judgment of AI-generated stimuli (detector, generator, dataset or other study)",
R06109,S2,exclude,"S2 no human real-vs-fake judgment of AI-generated stimuli (detector, generator, dataset or other study)",
R06110,S2,exclude,"S2 no human real-vs-fake judgment of AI-generated stimuli (detector, generator, dataset or other study)",
R06111,S1,exclude,"S1: no audio, video or deepfake term in title or abstract",
R06112,S2,exclude,"S2 no human real-vs-fake judgment of AI-generated stimuli (detector, generator, dataset or other study)",
R06113,S1,exclude,"S1: no audio, video or deepfake term in title or abstract",
R06114,S1,exclude,"S1: no audio, video or deepfake term in title or abstract",
R06115,S3,exclude,"E4: Likert ratings of generated driving videos; real footage only as reference, no real-vs-generated judgment",full_text
R06116,S2,exclude,"S2 no human real-vs-fake judgment of AI-generated stimuli (detector, generator, dataset or other study)",
R06117,S2,exclude,"S2 no human real-vs-fake judgment of AI-generated stimuli (detector, generator, dataset or other study)",
R06118,S1,exclude,"S1: no audio, video or deepfake term in title or abstract",
R06119,S2,exclude,"S2 no human real-vs-fake judgment of AI-generated stimuli (detector, generator, dataset or other study)",
R06120,S2,exclude,"S2 no human real-vs-fake judgment of AI-generated stimuli (detector, generator, dataset or other study)",
R06121,S1,exclude,"S1: no audio, video or deepfake term in title or abstract",
R06122,S1,exclude,"S1: no audio, video or deepfake term in title or abstract",
R06123,S2,exclude,"S2 no human real-vs-fake judgment of AI-generated stimuli (detector, generator, dataset or other study)",
R06124,S1,exclude,"S1: no audio, video or deepfake term in title or abstract",
R06125,S1,exclude,"S1: no audio, video or deepfake term in title or abstract",
R06126,S2,exclude,"S2 no human real-vs-fake judgment of AI-generated stimuli (detector, generator, dataset or other study)",
R06127,S2,exclude,"S2 no human real-vs-fake judgment of AI-generated stimuli (detector, generator, dataset or other study)",
R06128,S1,exclude,"S1: no audio, video or deepfake term in title or abstract",
R06129,S2,exclude,"S2 no human real-vs-fake judgment of AI-generated stimuli (detector, generator, dataset or other study)",
R06130,S2,exclude,"S2 no human real-vs-fake judgment of AI-generated stimuli (detector, generator, dataset or other study)",
R06131,S2,exclude,"S2 no human real-vs-fake judgment of AI-generated stimuli (detector, generator, dataset or other study)",
R06132,S2,exclude,"S2 no human real-vs-fake judgment of AI-generated stimuli (detector, generator, dataset or other study)",
R06133,S2,exclude,"S2 no human real-vs-fake judgment of AI-generated stimuli (detector, generator, dataset or other study)",
R06134,S2,exclude,"S2 no human real-vs-fake judgment of AI-generated stimuli (detector, generator, dataset or other study)",
R06135,S2,exclude,"S2 no human real-vs-fake judgment of AI-generated stimuli (detector, generator, dataset or other study)",
R06136,S2,exclude,"S2 no human real-vs-fake judgment of AI-generated stimuli (detector, generator, dataset or other study)",
R06137,S1b,exclude,S1b: no human-study term in title or abstract,
R06138,S2,exclude,"S2 no human real-vs-fake judgment of AI-generated stimuli (detector, generator, dataset or other study)",
R06139,S2,exclude,"S2 no human real-vs-fake judgment of AI-generated stimuli (detector, generator, dataset or other study)",
R06140,S2,exclude,"S2 no human real-vs-fake judgment of AI-generated stimuli (detector, generator, dataset or other study)",
R06141,S2,exclude,"S2 no human real-vs-fake judgment of AI-generated stimuli (detector, generator, dataset or other study)",
R06142,S1,exclude,"S1: no audio, video or deepfake term in title or abstract",
R06143,S2,exclude,"S2 no human real-vs-fake judgment of AI-generated stimuli (detector, generator, dataset or other study)",
R06144,S2,exclude,"S2 no human real-vs-fake judgment of AI-generated stimuli (detector, generator, dataset or other study)",
R06145,S2,exclude,"S2 no human real-vs-fake judgment of AI-generated stimuli (detector, generator, dataset or other study)",
R06146,S1,exclude,"S1: no audio, video or deepfake term in title or abstract",
R06147,S1,exclude,"S1: no audio, video or deepfake term in title or abstract",
R06148,S2,exclude,"S2 no human real-vs-fake judgment of AI-generated stimuli (detector, generator, dataset or other study)",
R06149,S1,exclude,"S1: no audio, video or deepfake term in title or abstract",
R06150,S1,exclude,"S1: no audio, video or deepfake term in title or abstract",
R06151,S2,exclude,"S2 no human real-vs-fake judgment of AI-generated stimuli (detector, generator, dataset or other study)",
R06152,S1b,exclude,S1b: no human-study term in title or abstract,
R06153,S2,exclude,"S2 no human real-vs-fake judgment of AI-generated stimuli (detector, generator, dataset or other study)",
R06154,S2,exclude,"S2 no human real-vs-fake judgment of AI-generated stimuli (detector, generator, dataset or other study)",
R06155,S2,exclude,"S2 no human real-vs-fake judgment of AI-generated stimuli (detector, generator, dataset or other study)",
R06156,S1,exclude,"S1: no audio, video or deepfake term in title or abstract",
R06157,S1,exclude,"S1: no audio, video or deepfake term in title or abstract",
R06158,S2,exclude,"S2 no human real-vs-fake judgment of AI-generated stimuli (detector, generator, dataset or other study)",
R06159,S1,exclude,"S1: no audio, video or deepfake term in title or abstract",
R06160,S2,exclude,"S2 no human real-vs-fake judgment of AI-generated stimuli (detector, generator, dataset or other study)",
R06161,S2,exclude,"S2 no human real-vs-fake judgment of AI-generated stimuli (detector, generator, dataset or other study)",
R06162,S2,exclude,"S2 no human real-vs-fake judgment of AI-generated stimuli (detector, generator, dataset or other study)",
R06163,S2,exclude,"S2 no human real-vs-fake judgment of AI-generated stimuli (detector, generator, dataset or other study)",
R06164,S2,exclude,"S2 no human real-vs-fake judgment of AI-generated stimuli (detector, generator, dataset or other study)",
R06165,S1,exclude,"S1: no audio, video or deepfake term in title or abstract",
R06166,S1,exclude,"S1: no audio, video or deepfake term in title or abstract",
R06167,S2,exclude,"S2 no human real-vs-fake judgment of AI-generated stimuli (detector, generator, dataset or other study)",
R06168,S1,exclude,"S1: no audio, video or deepfake term in title or abstract",
R06169,S2,exclude,"S2 no human real-vs-fake judgment of AI-generated stimuli (detector, generator, dataset or other study)",
R06170,S2,exclude,S2 stimuli are not audio or video (text or still images),
R06171,S2,exclude,"S2 no human real-vs-fake judgment of AI-generated stimuli (detector, generator, dataset or other study)",
R06172,S2,exclude,"S2 no human real-vs-fake judgment of AI-generated stimuli (detector, generator, dataset or other study)",
R06173,S1,exclude,"S1: no audio, video or deepfake term in title or abstract",
R06174,S1b,exclude,S1b: no human-study term in title or abstract,
R06175,S1,exclude,"S1: no audio, video or deepfake term in title or abstract",
R06176,S1,exclude,"S1: no audio, video or deepfake term in title or abstract",
R06177,S2,exclude,"S2 no human real-vs-fake judgment of AI-generated stimuli (detector, generator, dataset or other study)",
R06178,S1,exclude,"S1: no audio, video or deepfake term in title or abstract",
R06179,S1,exclude,"S1: no audio, video or deepfake term in title or abstract",
R06180,S2,exclude,"S2 no human real-vs-fake judgment of AI-generated stimuli (detector, generator, dataset or other study)",
R06181,S1,exclude,"S1: no audio, video or deepfake term in title or abstract",
R06182,S2,exclude,"S2 no human real-vs-fake judgment of AI-generated stimuli (detector, generator, dataset or other study)",
R06183,S1,exclude,"S1: no audio, video or deepfake term in title or abstract",
R06184,S1,exclude,"S1: no audio, video or deepfake term in title or abstract",
R06185,S1,exclude,"S1: no audio, video or deepfake term in title or abstract",
R06186,S2,exclude,"S2 no human real-vs-fake judgment of AI-generated stimuli (detector, generator, dataset or other study)",
R06187,S2,exclude,"S2 no human real-vs-fake judgment of AI-generated stimuli (detector, generator, dataset or other study)",
R06188,S1,exclude,"S1: no audio, video or deepfake term in title or abstract",
R06189,S2,exclude,"S2 no human real-vs-fake judgment of AI-generated stimuli (detector, generator, dataset or other study)",
R06190,S1b,exclude,S1b: no human-study term in title or abstract,
R06191,S1,exclude,"S1: no audio, video or deepfake term in title or abstract",
R06192,S2,exclude,"S2 no human real-vs-fake judgment of AI-generated stimuli (detector, generator, dataset or other study)",
R06193,S1,exclude,"S1: no audio, video or deepfake term in title or abstract",
R06194,S2,exclude,"S2 no human real-vs-fake judgment of AI-generated stimuli (detector, generator, dataset or other study)",
R06195,S2,exclude,"S2 no human real-vs-fake judgment of AI-generated stimuli (detector, generator, dataset or other study)",
R06196,S2,exclude,"S2 no human real-vs-fake judgment of AI-generated stimuli (detector, generator, dataset or other study)",
R06197,S2,exclude,"S2 no human real-vs-fake judgment of AI-generated stimuli (detector, generator, dataset or other study)",
R06198,S3,exclude,E2: eye tracking on AI vs human images,full_text
R06199,S1,exclude,"S1: no audio, video or deepfake term in title or abstract",
R06200,S1,exclude,"S1: no audio, video or deepfake term in title or abstract",
R06201,S2,exclude,"S2 no human real-vs-fake judgment of AI-generated stimuli (detector, generator, dataset or other study)",
R06202,S1,exclude,"S1: no audio, video or deepfake term in title or abstract",
R06203,S1,exclude,"S1: no audio, video or deepfake term in title or abstract",
R06204,S1,exclude,"S1: no audio, video or deepfake term in title or abstract",
R06205,S2,exclude,"S2 no human real-vs-fake judgment of AI-generated stimuli (detector, generator, dataset or other study)",
R06206,S2,exclude,"S2 no human real-vs-fake judgment of AI-generated stimuli (detector, generator, dataset or other study)",
R06207,S1,exclude,"S1: no audio, video or deepfake term in title or abstract",
R06208,S2,exclude,"S2 no human real-vs-fake judgment of AI-generated stimuli (detector, generator, dataset or other study)",
R06209,S1,exclude,"S1: no audio, video or deepfake term in title or abstract",
R06210,S1,exclude,"S1: no audio, video or deepfake term in title or abstract",
R06211,S1,exclude,"S1: no audio, video or deepfake term in title or abstract",
R06212,S1,exclude,"S1: no audio, video or deepfake term in title or abstract",
R06213,S1,exclude,"S1: no audio, video or deepfake term in title or abstract",
R06214,S1,exclude,"S1: no audio, video or deepfake term in title or abstract",
R06215,S1,exclude,"S1: no audio, video or deepfake term in title or abstract",
R06216,S2,exclude,"S2 no human real-vs-fake judgment of AI-generated stimuli (detector, generator, dataset or other study)",
R06217,S1,exclude,"S1: no audio, video or deepfake term in title or abstract",
R06218,S2,exclude,"S2 no human real-vs-fake judgment of AI-generated stimuli (detector, generator, dataset or other study)",
R06219,S1b,exclude,S1b: no human-study term in title or abstract,
R06220,S1b,exclude,S1b: no human-study term in title or abstract,
R06221,S2,exclude,"S2 no human real-vs-fake judgment of AI-generated stimuli (detector, generator, dataset or other study)",
R06222,S1,exclude,"S1: no audio, video or deepfake term in title or abstract",
R06223,S2,exclude,"S2 no human real-vs-fake judgment of AI-generated stimuli (detector, generator, dataset or other study)",
R06224,S2,exclude,"S2 no human real-vs-fake judgment of AI-generated stimuli (detector, generator, dataset or other study)",
R06225,S1,exclude,"S1: no audio, video or deepfake term in title or abstract",
R06226,S2,exclude,"S2 no human real-vs-fake judgment of AI-generated stimuli (detector, generator, dataset or other study)",
R06227,S2,exclude,"S2 no human real-vs-fake judgment of AI-generated stimuli (detector, generator, dataset or other study)",
R06228,S1,exclude,"S1: no audio, video or deepfake term in title or abstract",
R06229,S2,exclude,"S2 no human real-vs-fake judgment of AI-generated stimuli (detector, generator, dataset or other study)",
R06230,S2,exclude,"S2 no human real-vs-fake judgment of AI-generated stimuli (detector, generator, dataset or other study)",
R06231,S1,exclude,"S1: no audio, video or deepfake term in title or abstract",
R06232,S1,exclude,"S1: no audio, video or deepfake term in title or abstract",
R06233,S1,exclude,"S1: no audio, video or deepfake term in title or abstract",
R06234,S1,exclude,"S1: no audio, video or deepfake term in title or abstract",
R06235,S2,exclude,"S2 no human real-vs-fake judgment of AI-generated stimuli (detector, generator, dataset or other study)",
R06236,S1,exclude,"S1: no audio, video or deepfake term in title or abstract",
R06237,S1,exclude,"S1: no audio, video or deepfake term in title or abstract",
R06238,S1,exclude,"S1: no audio, video or deepfake term in title or abstract",
R06239,S1,exclude,"S1: no audio, video or deepfake term in title or abstract",
R06240,S1,exclude,"S1: no audio, video or deepfake term in title or abstract",
R06241,S2,exclude,"S2 no human real-vs-fake judgment of AI-generated stimuli (detector, generator, dataset or other study)",
R06242,S2,exclude,"S2 no human real-vs-fake judgment of AI-generated stimuli (detector, generator, dataset or other study)",
R06243,S2,exclude,"S2 no human real-vs-fake judgment of AI-generated stimuli (detector, generator, dataset or other study)",
R06244,S1b,exclude,S1b: no human-study term in title or abstract,
R06245,S1b,exclude,S1b: no human-study term in title or abstract,
R06246,S1,exclude,"S1: no audio, video or deepfake term in title or abstract",
R06247,S2,exclude,"S2 no human real-vs-fake judgment of AI-generated stimuli (detector, generator, dataset or other study)",
R06248,S2,exclude,"S2 no human real-vs-fake judgment of AI-generated stimuli (detector, generator, dataset or other study)",
R06249,S2,exclude,"S2 no human real-vs-fake judgment of AI-generated stimuli (detector, generator, dataset or other study)",
R06250,S2,exclude,"S2 no human real-vs-fake judgment of AI-generated stimuli (detector, generator, dataset or other study)",
R06251,S1,exclude,"S1: no audio, video or deepfake term in title or abstract",
R06252,S2,exclude,"S2 no human real-vs-fake judgment of AI-generated stimuli (detector, generator, dataset or other study)",
R06253,S2,exclude,"S2 no human real-vs-fake judgment of AI-generated stimuli (detector, generator, dataset or other study)",
R06254,S2,exclude,"S2 no human real-vs-fake judgment of AI-generated stimuli (detector, generator, dataset or other study)",
R06255,S2,exclude,"S2 no human real-vs-fake judgment of AI-generated stimuli (detector, generator, dataset or other study)",
R06256,S2,exclude,"S2 no human real-vs-fake judgment of AI-generated stimuli (detector, generator, dataset or other study)",
R06257,S2,exclude,"S2 no human real-vs-fake judgment of AI-generated stimuli (detector, generator, dataset or other study)",
R06258,S1,exclude,"S1: no audio, video or deepfake term in title or abstract",
R06259,S2,exclude,"S2 no human real-vs-fake judgment of AI-generated stimuli (detector, generator, dataset or other study)",
R06260,S2,exclude,"S2 no human real-vs-fake judgment of AI-generated stimuli (detector, generator, dataset or other study)",
R06261,S2,exclude,"S2 no human real-vs-fake judgment of AI-generated stimuli (detector, generator, dataset or other study)",
R06262,S2,exclude,"S2 no human real-vs-fake judgment of AI-generated stimuli (detector, generator, dataset or other study)",
R06263,S1,exclude,"S1: no audio, video or deepfake term in title or abstract",
R06264,S1b,exclude,S1b: no human-study term in title or abstract,
R06265,S2,exclude,"S2 no human real-vs-fake judgment of AI-generated stimuli (detector, generator, dataset or other study)",
R06266,S2,exclude,"S2 no human real-vs-fake judgment of AI-generated stimuli (detector, generator, dataset or other study)",
R06267,S1,exclude,"S1: no audio, video or deepfake term in title or abstract",
R06268,S2,exclude,"S2 no human real-vs-fake judgment of AI-generated stimuli (detector, generator, dataset or other study)",
R06269,S1,exclude,"S1: no audio, video or deepfake term in title or abstract",
R06270,S2,exclude,"S2 no human real-vs-fake judgment of AI-generated stimuli (detector, generator, dataset or other study)",
R06271,S2,exclude,"S2 no human real-vs-fake judgment of AI-generated stimuli (detector, generator, dataset or other study)",
R06272,S2,exclude,"S2 no human real-vs-fake judgment of AI-generated stimuli (detector, generator, dataset or other study)",
R06273,S1,exclude,"S1: no audio, video or deepfake term in title or abstract",
R06274,S2,exclude,"S2 no human real-vs-fake judgment of AI-generated stimuli (detector, generator, dataset or other study)",
R06275,S2,exclude,"S2 no human real-vs-fake judgment of AI-generated stimuli (detector, generator, dataset or other study)",
R06276,S2,exclude,"S2 no human real-vs-fake judgment of AI-generated stimuli (detector, generator, dataset or other study)",
R06277,S2,exclude,"S2 no human real-vs-fake judgment of AI-generated stimuli (detector, generator, dataset or other study)",
R06278,S1,exclude,"S1: no audio, video or deepfake term in title or abstract",
R06279,S2,exclude,"S2 no human real-vs-fake judgment of AI-generated stimuli (detector, generator, dataset or other study)",
R06280,S1,exclude,"S1: no audio, video or deepfake term in title or abstract",
R06281,S2,exclude,"S2 no human real-vs-fake judgment of AI-generated stimuli (detector, generator, dataset or other study)",
R06282,S2,exclude,"S2 no human real-vs-fake judgment of AI-generated stimuli (detector, generator, dataset or other study)",
R06283,S1,exclude,"S1: no audio, video or deepfake term in title or abstract",
R06284,S2,exclude,"S2 no human real-vs-fake judgment of AI-generated stimuli (detector, generator, dataset or other study)",
R06285,S2,exclude,"S2 no human real-vs-fake judgment of AI-generated stimuli (detector, generator, dataset or other study)",
R06286,S2,exclude,"S2 no human real-vs-fake judgment of AI-generated stimuli (detector, generator, dataset or other study)",
R06287,S1,exclude,"S1: no audio, video or deepfake term in title or abstract",
R06288,S1,exclude,"S1: no audio, video or deepfake term in title or abstract",
R06289,S2,exclude,"S2 no human real-vs-fake judgment of AI-generated stimuli (detector, generator, dataset or other study)",
R06290,S2,exclude,"S2 no human real-vs-fake judgment of AI-generated stimuli (detector, generator, dataset or other study)",
R06291,S2,exclude,"S2 no human real-vs-fake judgment of AI-generated stimuli (detector, generator, dataset or other study)",
R06292,S1,exclude,"S1: no audio, video or deepfake term in title or abstract",
R06293,S1b,exclude,S1b: no human-study term in title or abstract,
R06294,S1,exclude,"S1: no audio, video or deepfake term in title or abstract",
R06295,S1,exclude,"S1: no audio, video or deepfake term in title or abstract",
R06296,S2,exclude,"S2 no human real-vs-fake judgment of AI-generated stimuli (detector, generator, dataset or other study)",
R06297,S2,exclude,"S2 no human real-vs-fake judgment of AI-generated stimuli (detector, generator, dataset or other study)",
R06298,S2,exclude,"S2 no human real-vs-fake judgment of AI-generated stimuli (detector, generator, dataset or other study)",
R06299,S1,exclude,"S1: no audio, video or deepfake term in title or abstract",
R06300,S1,exclude,"S1: no audio, video or deepfake term in title or abstract",
R06301,S2,exclude,"S2 no human real-vs-fake judgment of AI-generated stimuli (detector, generator, dataset or other study)",
R06302,S1,exclude,"S1: no audio, video or deepfake term in title or abstract",
R06303,S1,exclude,"S1: no audio, video or deepfake term in title or abstract",
R06304,S2,exclude,"S2 no human real-vs-fake judgment of AI-generated stimuli (detector, generator, dataset or other study)",
R06305,S2,exclude,"S2 no human real-vs-fake judgment of AI-generated stimuli (detector, generator, dataset or other study)",
R06306,S1b,exclude,S1b: no human-study term in title or abstract,
R06307,S2,exclude,"S2 no human real-vs-fake judgment of AI-generated stimuli (detector, generator, dataset or other study)",
R06308,S2,exclude,"S2 no human real-vs-fake judgment of AI-generated stimuli (detector, generator, dataset or other study)",
R06309,S2,exclude,"S2 no human real-vs-fake judgment of AI-generated stimuli (detector, generator, dataset or other study)",
R06310,S2,exclude,"S2 no human real-vs-fake judgment of AI-generated stimuli (detector, generator, dataset or other study)",
R06311,S1,exclude,"S1: no audio, video or deepfake term in title or abstract",
R06312,S2,exclude,"S2 no human real-vs-fake judgment of AI-generated stimuli (detector, generator, dataset or other study)",
R06313,S2,exclude,"S2 no human real-vs-fake judgment of AI-generated stimuli (detector, generator, dataset or other study)",
R06314,S2,exclude,"S2 no human real-vs-fake judgment of AI-generated stimuli (detector, generator, dataset or other study)",
R06315,S1,exclude,"S1: no audio, video or deepfake term in title or abstract",
R06316,S2,exclude,"S2 no human real-vs-fake judgment of AI-generated stimuli (detector, generator, dataset or other study)",
R06317,S2,exclude,"S2 no human real-vs-fake judgment of AI-generated stimuli (detector, generator, dataset or other study)",
R06318,S2,exclude,"S2 no human real-vs-fake judgment of AI-generated stimuli (detector, generator, dataset or other study)",
R06319,S2,exclude,"S2 no human real-vs-fake judgment of AI-generated stimuli (detector, generator, dataset or other study)",
R06320,S2,exclude,"S2 no human real-vs-fake judgment of AI-generated stimuli (detector, generator, dataset or other study)",
R06321,S1,exclude,"S1: no audio, video or deepfake term in title or abstract",
R06322,S2,exclude,"S2 no human real-vs-fake judgment of AI-generated stimuli (detector, generator, dataset or other study)",
R06323,S1,exclude,"S1: no audio, video or deepfake term in title or abstract",
R06324,S1,exclude,"S1: no audio, video or deepfake term in title or abstract",
R06325,S2,exclude,"S2 no human real-vs-fake judgment of AI-generated stimuli (detector, generator, dataset or other study)",
R06326,S1,exclude,"S1: no audio, video or deepfake term in title or abstract",
R06327,S1b,exclude,S1b: no human-study term in title or abstract,
R06328,S1,exclude,"S1: no audio, video or deepfake term in title or abstract",
R06329,S1,exclude,"S1: no audio, video or deepfake term in title or abstract",
R06330,S1,exclude,"S1: no audio, video or deepfake term in title or abstract",
R06331,S2,exclude,"S2 no human real-vs-fake judgment of AI-generated stimuli (detector, generator, dataset or other study)",
R06332,S2,exclude,"S2 no human real-vs-fake judgment of AI-generated stimuli (detector, generator, dataset or other study)",
R06333,S1,exclude,"S1: no audio, video or deepfake term in title or abstract",
R06334,S2,exclude,"S2 no human real-vs-fake judgment of AI-generated stimuli (detector, generator, dataset or other study)",
R06335,S2,exclude,"S2 no human real-vs-fake judgment of AI-generated stimuli (detector, generator, dataset or other study)",
R06336,S2,exclude,"S2 no human real-vs-fake judgment of AI-generated stimuli (detector, generator, dataset or other study)",
R06337,S1,exclude,"S1: no audio, video or deepfake term in title or abstract",
R06338,S2,exclude,"S2 no human real-vs-fake judgment of AI-generated stimuli (detector, generator, dataset or other study)",
R06339,S2,exclude,"S2 no human real-vs-fake judgment of AI-generated stimuli (detector, generator, dataset or other study)",
R06340,S3,exclude,E2: AI detection of text/image marketing content,full_text
R06341,S1,exclude,"S1: no audio, video or deepfake term in title or abstract",
R06342,S2,exclude,"S2 no human real-vs-fake judgment of AI-generated stimuli (detector, generator, dataset or other study)",
R06343,S2,exclude,"S2 no human real-vs-fake judgment of AI-generated stimuli (detector, generator, dataset or other study)",
R06344,S2,exclude,"S2 no human real-vs-fake judgment of AI-generated stimuli (detector, generator, dataset or other study)",
R06345,S1b,exclude,S1b: no human-study term in title or abstract,
R06346,S2,exclude,"S2 no human real-vs-fake judgment of AI-generated stimuli (detector, generator, dataset or other study)",
R06347,S1,exclude,"S1: no audio, video or deepfake term in title or abstract",
R06348,S2,exclude,"S2 no human real-vs-fake judgment of AI-generated stimuli (detector, generator, dataset or other study)",
R06349,S2,exclude,"S2 no human real-vs-fake judgment of AI-generated stimuli (detector, generator, dataset or other study)",
R06350,S2,exclude,"S2 no human real-vs-fake judgment of AI-generated stimuli (detector, generator, dataset or other study)",
R06351,S2,exclude,"S2 no human real-vs-fake judgment of AI-generated stimuli (detector, generator, dataset or other study)",
R06352,S2,exclude,"S2 no human real-vs-fake judgment of AI-generated stimuli (detector, generator, dataset or other study)",
R06353,S2,exclude,"S2 no human real-vs-fake judgment of AI-generated stimuli (detector, generator, dataset or other study)",
R06354,S1,exclude,"S1: no audio, video or deepfake term in title or abstract",
R06355,S2,exclude,"S2 no human real-vs-fake judgment of AI-generated stimuli (detector, generator, dataset or other study)",
R06356,S1,exclude,"S1: no audio, video or deepfake term in title or abstract",
R06357,S2,exclude,"S2 no human real-vs-fake judgment of AI-generated stimuli (detector, generator, dataset or other study)",
R06358,S2,exclude,"S2 no human real-vs-fake judgment of AI-generated stimuli (detector, generator, dataset or other study)",
R06359,S2,exclude,"S2 no human real-vs-fake judgment of AI-generated stimuli (detector, generator, dataset or other study)",
R06360,S2,exclude,"S2 no human real-vs-fake judgment of AI-generated stimuli (detector, generator, dataset or other study)",
R06361,S1,exclude,"S1: no audio, video or deepfake term in title or abstract",
R06362,S1,exclude,"S1: no audio, video or deepfake term in title or abstract",
R06363,S2,exclude,"S2 no human real-vs-fake judgment of AI-generated stimuli (detector, generator, dataset or other study)",
R06364,S2,exclude,"S2 no human real-vs-fake judgment of AI-generated stimuli (detector, generator, dataset or other study)",
R06365,S2,exclude,"S2 no human real-vs-fake judgment of AI-generated stimuli (detector, generator, dataset or other study)",
R06366,S2,exclude,"S2 no human real-vs-fake judgment of AI-generated stimuli (detector, generator, dataset or other study)",
R06367,S1,exclude,"S1: no audio, video or deepfake term in title or abstract",
R06368,S1,exclude,"S1: no audio, video or deepfake term in title or abstract",
R06369,S1,exclude,"S1: no audio, video or deepfake term in title or abstract",
R06370,S1,exclude,"S1: no audio, video or deepfake term in title or abstract",
R06371,S2,exclude,"S2 no human real-vs-fake judgment of AI-generated stimuli (detector, generator, dataset or other study)",
R06372,S2,exclude,"S2 no human real-vs-fake judgment of AI-generated stimuli (detector, generator, dataset or other study)",
R06373,S2,exclude,"S2 no human real-vs-fake judgment of AI-generated stimuli (detector, generator, dataset or other study)",
R06374,S2,exclude,"S2 no human real-vs-fake judgment of AI-generated stimuli (detector, generator, dataset or other study)",
R06375,S1,exclude,"S1: no audio, video or deepfake term in title or abstract",
R06376,S1,exclude,"S1: no audio, video or deepfake term in title or abstract",
R06377,S1,exclude,"S1: no audio, video or deepfake term in title or abstract",
R06378,S2,exclude,"S2 no human real-vs-fake judgment of AI-generated stimuli (detector, generator, dataset or other study)",
R06379,S1,exclude,"S1: no audio, video or deepfake term in title or abstract",
R06380,S2,exclude,"S2 no human real-vs-fake judgment of AI-generated stimuli (detector, generator, dataset or other study)",
R06381,S2,exclude,"S2 no human real-vs-fake judgment of AI-generated stimuli (detector, generator, dataset or other study)",
R06382,S1,exclude,"S1: no audio, video or deepfake term in title or abstract",
R06383,S2,exclude,"S2 no human real-vs-fake judgment of AI-generated stimuli (detector, generator, dataset or other study)",
R06384,S2,exclude,"S2 no human real-vs-fake judgment of AI-generated stimuli (detector, generator, dataset or other study)",
R06385,S2,exclude,"S2 no human real-vs-fake judgment of AI-generated stimuli (detector, generator, dataset or other study)",
R06386,S2,exclude,"S2 no human real-vs-fake judgment of AI-generated stimuli (detector, generator, dataset or other study)",
R06387,S1b,exclude,S1b: no human-study term in title or abstract,
R06388,S2,exclude,"S2 no human real-vs-fake judgment of AI-generated stimuli (detector, generator, dataset or other study)",
R06389,S2,exclude,"S2 no human real-vs-fake judgment of AI-generated stimuli (detector, generator, dataset or other study)",
R06390,S2,exclude,"S2 no human real-vs-fake judgment of AI-generated stimuli (detector, generator, dataset or other study)",
R06391,S2,exclude,"S2 no human real-vs-fake judgment of AI-generated stimuli (detector, generator, dataset or other study)",
R06392,S2,exclude,"S2 no human real-vs-fake judgment of AI-generated stimuli (detector, generator, dataset or other study)",
R06393,S1,exclude,"S1: no audio, video or deepfake term in title or abstract",
R06394,S1,exclude,"S1: no audio, video or deepfake term in title or abstract",
R06395,S2,exclude,"S2 no human real-vs-fake judgment of AI-generated stimuli (detector, generator, dataset or other study)",
R06396,S1,exclude,"S1: no audio, video or deepfake term in title or abstract",
R06397,S2,exclude,"S2 no human real-vs-fake judgment of AI-generated stimuli (detector, generator, dataset or other study)",
R06398,S2,exclude,"S2 no human real-vs-fake judgment of AI-generated stimuli (detector, generator, dataset or other study)",
R06399,S1b,exclude,S1b: no human-study term in title or abstract,
R06400,S2,exclude,"S2 no human real-vs-fake judgment of AI-generated stimuli (detector, generator, dataset or other study)",
R06401,S1,exclude,"S1: no audio, video or deepfake term in title or abstract",
R06402,S2,exclude,"S2 no human real-vs-fake judgment of AI-generated stimuli (detector, generator, dataset or other study)",
R06403,S1,exclude,"S1: no audio, video or deepfake term in title or abstract",
R06404,S1,exclude,"S1: no audio, video or deepfake term in title or abstract",
R06405,S2,exclude,"S2 no human real-vs-fake judgment of AI-generated stimuli (detector, generator, dataset or other study)",
R06406,S2,exclude,"S2 no human real-vs-fake judgment of AI-generated stimuli (detector, generator, dataset or other study)",
R06407,S2,exclude,"S2 no human real-vs-fake judgment of AI-generated stimuli (detector, generator, dataset or other study)",
R06408,S1,exclude,"S1: no audio, video or deepfake term in title or abstract",
R06409,S1,exclude,"S1: no audio, video or deepfake term in title or abstract",
R06410,S1b,exclude,S1b: no human-study term in title or abstract,
R06411,S2,exclude,"S2 no human real-vs-fake judgment of AI-generated stimuli (detector, generator, dataset or other study)",
R06412,S2,exclude,"S2 no human real-vs-fake judgment of AI-generated stimuli (detector, generator, dataset or other study)",
R06413,S2,exclude,"S2 no human real-vs-fake judgment of AI-generated stimuli (detector, generator, dataset or other study)",
R06414,S1,exclude,"S1: no audio, video or deepfake term in title or abstract",
R06415,S2,exclude,"S2 no human real-vs-fake judgment of AI-generated stimuli (detector, generator, dataset or other study)",
R06416,S2,exclude,"S2 no human real-vs-fake judgment of AI-generated stimuli (detector, generator, dataset or other study)",
R06417,S1b,exclude,S1b: no human-study term in title or abstract,
R06418,S2,exclude,"S2 no human real-vs-fake judgment of AI-generated stimuli (detector, generator, dataset or other study)",
R06419,S2,exclude,"S2 no human real-vs-fake judgment of AI-generated stimuli (detector, generator, dataset or other study)",
R06420,S2,exclude,"S2 no human real-vs-fake judgment of AI-generated stimuli (detector, generator, dataset or other study)",
R06421,S2,exclude,"S2 no human real-vs-fake judgment of AI-generated stimuli (detector, generator, dataset or other study)",
R06422,S2,exclude,"S2 no human real-vs-fake judgment of AI-generated stimuli (detector, generator, dataset or other study)",
R06423,S2,exclude,"S2 no human real-vs-fake judgment of AI-generated stimuli (detector, generator, dataset or other study)",
R06424,S2,exclude,"S2 no human real-vs-fake judgment of AI-generated stimuli (detector, generator, dataset or other study)",
R06425,S2,exclude,"S2 no human real-vs-fake judgment of AI-generated stimuli (detector, generator, dataset or other study)",
R06426,S2,exclude,"S2 no human real-vs-fake judgment of AI-generated stimuli (detector, generator, dataset or other study)",
R06427,S2,exclude,"S2 no human real-vs-fake judgment of AI-generated stimuli (detector, generator, dataset or other study)",
R06428,S2,exclude,"S2 no human real-vs-fake judgment of AI-generated stimuli (detector, generator, dataset or other study)",
R06429,S2,exclude,"S2 no human real-vs-fake judgment of AI-generated stimuli (detector, generator, dataset or other study)",
R06430,S1,exclude,"S1: no audio, video or deepfake term in title or abstract",
R06431,S1,exclude,"S1: no audio, video or deepfake term in title or abstract",
R06432,S1,exclude,"S1: no audio, video or deepfake term in title or abstract",
R06433,S2,exclude,"S2 no human real-vs-fake judgment of AI-generated stimuli (detector, generator, dataset or other study)",
R06434,S2,exclude,"S2 no human real-vs-fake judgment of AI-generated stimuli (detector, generator, dataset or other study)",
R06435,S2,exclude,"S2 no human real-vs-fake judgment of AI-generated stimuli (detector, generator, dataset or other study)",
R06436,S1b,exclude,S1b: no human-study term in title or abstract,
R06437,S2,exclude,"S2 no human real-vs-fake judgment of AI-generated stimuli (detector, generator, dataset or other study)",
R06438,S1,exclude,"S1: no audio, video or deepfake term in title or abstract",
R06439,S2,exclude,"S2 no human real-vs-fake judgment of AI-generated stimuli (detector, generator, dataset or other study)",
R06440,S2,exclude,"S2 no human real-vs-fake judgment of AI-generated stimuli (detector, generator, dataset or other study)",
R06441,S2,exclude,"S2 no human real-vs-fake judgment of AI-generated stimuli (detector, generator, dataset or other study)",
R06442,S1,exclude,"S1: no audio, video or deepfake term in title or abstract",
R06443,S2,exclude,"S2 no human real-vs-fake judgment of AI-generated stimuli (detector, generator, dataset or other study)",
R06444,S2,exclude,"S2 no human real-vs-fake judgment of AI-generated stimuli (detector, generator, dataset or other study)",
R06445,S2,exclude,"S2 no human real-vs-fake judgment of AI-generated stimuli (detector, generator, dataset or other study)",
R06446,S2,exclude,"S2 no human real-vs-fake judgment of AI-generated stimuli (detector, generator, dataset or other study)",
R06447,S2,exclude,"S2 no human real-vs-fake judgment of AI-generated stimuli (detector, generator, dataset or other study)",
R06448,S1,exclude,"S1: no audio, video or deepfake term in title or abstract",
R06449,S2,exclude,"S2 no human real-vs-fake judgment of AI-generated stimuli (detector, generator, dataset or other study)",
R06450,S2,exclude,"S2 no human real-vs-fake judgment of AI-generated stimuli (detector, generator, dataset or other study)",
R06451,S2,exclude,"S2 no human real-vs-fake judgment of AI-generated stimuli (detector, generator, dataset or other study)",
R06452,S1,exclude,"S1: no audio, video or deepfake term in title or abstract",
R06453,S2,exclude,"S2 no human real-vs-fake judgment of AI-generated stimuli (detector, generator, dataset or other study)",
R06454,S2,exclude,"S2 no human real-vs-fake judgment of AI-generated stimuli (detector, generator, dataset or other study)",
R06455,S2,exclude,"S2 no human real-vs-fake judgment of AI-generated stimuli (detector, generator, dataset or other study)",
R06456,S2,exclude,"S2 no human real-vs-fake judgment of AI-generated stimuli (detector, generator, dataset or other study)",
R06457,S1,exclude,"S1: no audio, video or deepfake term in title or abstract",
R06458,S1,exclude,"S1: no audio, video or deepfake term in title or abstract",
R06459,S1,exclude,"S1: no audio, video or deepfake term in title or abstract",
R06460,S1,exclude,"S1: no audio, video or deepfake term in title or abstract",
R06461,S1,exclude,"S1: no audio, video or deepfake term in title or abstract",
R06462,S1,exclude,"S1: no audio, video or deepfake term in title or abstract",
R06463,S2,exclude,"S2 no human real-vs-fake judgment of AI-generated stimuli (detector, generator, dataset or other study)",
R06464,S1,exclude,"S1: no audio, video or deepfake term in title or abstract",
R06465,S3,include,User tests (N=394) of how often LLM-generated Turkish vishing content was perceived as real,include
R06466,S3,include,Experiment 1: listeners judged whether voice samples were real or AI-cloned,include
R06467,S1,exclude,"S1: no audio, video or deepfake term in title or abstract",
R06468,S2,exclude,"S2 no human real-vs-fake judgment of AI-generated stimuli (detector, generator, dataset or other study)",
R06469,S1,exclude,"S1: no audio, video or deepfake term in title or abstract",
R06470,S1,exclude,"S1: no audio, video or deepfake term in title or abstract",
R06471,S1,exclude,"S1: no audio, video or deepfake term in title or abstract",
R06472,S1,exclude,"S1: no audio, video or deepfake term in title or abstract",
R06473,S1,exclude,"S1: no audio, video or deepfake term in title or abstract",
R06474,S2,exclude,"S2 no human real-vs-fake judgment of AI-generated stimuli (detector, generator, dataset or other study)",
R06475,S2,exclude,"S2 no human real-vs-fake judgment of AI-generated stimuli (detector, generator, dataset or other study)",
R06476,S1,exclude,"S1: no audio, video or deepfake term in title or abstract",
R06477,S1,exclude,"S1: no audio, video or deepfake term in title or abstract",
R06478,S1,exclude,"S1: no audio, video or deepfake term in title or abstract",
R06479,S2,exclude,"S2 no human real-vs-fake judgment of AI-generated stimuli (detector, generator, dataset or other study)",
R06480,S1,exclude,"S1: no audio, video or deepfake term in title or abstract",
R06481,S2,exclude,"S2 no human real-vs-fake judgment of AI-generated stimuli (detector, generator, dataset or other study)",
R06482,S1,exclude,"S1: no audio, video or deepfake term in title or abstract",
R06483,S1,exclude,"S1: no audio, video or deepfake term in title or abstract",
R06484,S1,exclude,"S1: no audio, video or deepfake term in title or abstract",
R06485,S1,exclude,"S1: no audio, video or deepfake term in title or abstract",
R06486,S2,exclude,"S2 no human real-vs-fake judgment of AI-generated stimuli (detector, generator, dataset or other study)",
R06487,S1,exclude,"S1: no audio, video or deepfake term in title or abstract",
R06488,S1,exclude,"S1: no audio, video or deepfake term in title or abstract",
R06489,S1b,exclude,S1b: no human-study term in title or abstract,
R06490,S1,exclude,"S1: no audio, video or deepfake term in title or abstract",
R06491,S2,exclude,"S2 humans rate quality or naturalness only, no real-vs-fake judgment",
R06492,S2,exclude,"S2 no human real-vs-fake judgment of AI-generated stimuli (detector, generator, dataset or other study)",
R06493,S1b,exclude,S1b: no human-study term in title or abstract,
R06494,S1b,exclude,S1b: no human-study term in title or abstract,
R06495,S1b,exclude,S1b: no human-study term in title or abstract,
R06496,S1b,exclude,S1b: no human-study term in title or abstract,
R06497,S2,exclude,"S2 no human real-vs-fake judgment of AI-generated stimuli (detector, generator, dataset or other study)",
R06498,S1,exclude,"S1: no audio, video or deepfake term in title or abstract",
R06499,S2,exclude,"S2 no human real-vs-fake judgment of AI-generated stimuli (detector, generator, dataset or other study)",
R06500,S2,exclude,"S2 no human real-vs-fake judgment of AI-generated stimuli (detector, generator, dataset or other study)",
R06501,S1b,exclude,S1b: no human-study term in title or abstract,
R06502,S1,exclude,"S1: no audio, video or deepfake term in title or abstract",
R06503,S1b,exclude,S1b: no human-study term in title or abstract,
R06504,S1b,exclude,S1b: no human-study term in title or abstract,
R06505,S2,exclude,"S2 no human real-vs-fake judgment of AI-generated stimuli (detector, generator, dataset or other study)",
R06506,S2,exclude,"S2 no human real-vs-fake judgment of AI-generated stimuli (detector, generator, dataset or other study)",
R06507,S1b,exclude,S1b: no human-study term in title or abstract,
R06508,S1b,exclude,S1b: no human-study term in title or abstract,
R06509,S1b,exclude,S1b: no human-study term in title or abstract,
R06510,S1b,exclude,S1b: no human-study term in title or abstract,
R06511,S1b,exclude,S1b: no human-study term in title or abstract,
R06512,S1b,exclude,S1b: no human-study term in title or abstract,
R06513,S1b,exclude,S1b: no human-study term in title or abstract,
R06514,S1b,exclude,S1b: no human-study term in title or abstract,
R06515,S1b,exclude,S1b: no human-study term in title or abstract,
R06516,S1b,exclude,S1b: no human-study term in title or abstract,
R06517,S1b,exclude,S1b: no human-study term in title or abstract,
R06518,S2,exclude,"S2 no human real-vs-fake judgment of AI-generated stimuli (detector, generator, dataset or other study)",
R06519,S1b,exclude,S1b: no human-study term in title or abstract,
R06520,S2,exclude,"S2 no human real-vs-fake judgment of AI-generated stimuli (detector, generator, dataset or other study)",
R06521,S2,exclude,"S2 no human real-vs-fake judgment of AI-generated stimuli (detector, generator, dataset or other study)",
R06522,S1b,exclude,S1b: no human-study term in title or abstract,
R06523,S1b,exclude,S1b: no human-study term in title or abstract,
R06524,S1b,exclude,S1b: no human-study term in title or abstract,
R06525,S1,exclude,"S1: no audio, video or deepfake term in title or abstract",
R06526,S1b,exclude,S1b: no human-study term in title or abstract,
R06527,S1b,exclude,S1b: no human-study term in title or abstract,
R06528,S1b,exclude,S1b: no human-study term in title or abstract,
R06529,S1b,exclude,S1b: no human-study term in title or abstract,
R06530,S1b,exclude,S1b: no human-study term in title or abstract,
R06531,S1b,exclude,S1b: no human-study term in title or abstract,
R06532,S1b,exclude,S1b: no human-study term in title or abstract,
R06533,S1b,exclude,S1b: no human-study term in title or abstract,
R06534,S1b,exclude,S1b: no human-study term in title or abstract,
R06535,S1b,exclude,S1b: no human-study term in title or abstract,
R06536,S1b,exclude,S1b: no human-study term in title or abstract,
R06537,S1b,exclude,S1b: no human-study term in title or abstract,
R06538,S2,exclude,"S2 no human real-vs-fake judgment of AI-generated stimuli (detector, generator, dataset or other study)",
R06539,S1b,exclude,S1b: no human-study term in title or abstract,
R06540,S2,exclude,"S2 no human real-vs-fake judgment of AI-generated stimuli (detector, generator, dataset or other study)",
R06541,S1b,exclude,S1b: no human-study term in title or abstract,
R06542,S1b,exclude,S1b: no human-study term in title or abstract,
R06543,S1b,exclude,S1b: no human-study term in title or abstract,
R06544,S1b,exclude,S1b: no human-study term in title or abstract,
R06545,S1b,exclude,S1b: no human-study term in title or abstract,
R06546,S1b,exclude,S1b: no human-study term in title or abstract,
R06547,S2,exclude,"S2 no human real-vs-fake judgment of AI-generated stimuli (detector, generator, dataset or other study)",
R06548,S1b,exclude,S1b: no human-study term in title or abstract,
R06549,S1,exclude,"S1: no audio, video or deepfake term in title or abstract",
R06550,S1b,exclude,S1b: no human-study term in title or abstract,
R06551,S2,exclude,"S2 no human real-vs-fake judgment of AI-generated stimuli (detector, generator, dataset or other study)",
R06552,S1,exclude,"S1: no audio, video or deepfake term in title or abstract",
R06553,S1b,exclude,S1b: no human-study term in title or abstract,
R06554,S1,exclude,"S1: no audio, video or deepfake term in title or abstract",
R06555,S1b,exclude,S1b: no human-study term in title or abstract,
R06556,S1b,exclude,S1b: no human-study term in title or abstract,
R06557,S1b,exclude,S1b: no human-study term in title or abstract,
R06558,S2,exclude,"S2 no human real-vs-fake judgment of AI-generated stimuli (detector, generator, dataset or other study)",
R06559,S1,exclude,"S1: no audio, video or deepfake term in title or abstract",
R06560,S1b,exclude,S1b: no human-study term in title or abstract,
R06561,S1b,exclude,S1b: no human-study term in title or abstract,
R06562,S1b,exclude,S1b: no human-study term in title or abstract,
R06563,S1b,exclude,S1b: no human-study term in title or abstract,
R06564,S1b,exclude,S1b: no human-study term in title or abstract,
R06565,S1b,exclude,S1b: no human-study term in title or abstract,
R06566,S1b,exclude,S1b: no human-study term in title or abstract,
R06567,S2,exclude,"S2 no human real-vs-fake judgment of AI-generated stimuli (detector, generator, dataset or other study)",
R06568,S2,exclude,S2 stimuli are not audio or video (text or still images),
R06569,S1b,exclude,S1b: no human-study term in title or abstract,
R06570,S1b,exclude,S1b: no human-study term in title or abstract,
R06571,S1b,exclude,S1b: no human-study term in title or abstract,
R06572,S1b,exclude,S1b: no human-study term in title or abstract,
R06573,S1b,exclude,S1b: no human-study term in title or abstract,
R06574,S1b,exclude,S1b: no human-study term in title or abstract,
R06575,S1b,exclude,S1b: no human-study term in title or abstract,
R06576,S1b,exclude,S1b: no human-study term in title or abstract,
R06577,S1b,exclude,S1b: no human-study term in title or abstract,
R06578,S1b,exclude,S1b: no human-study term in title or abstract,
R06579,S1b,exclude,S1b: no human-study term in title or abstract,
R06580,S2,exclude,"S2 no human real-vs-fake judgment of AI-generated stimuli (detector, generator, dataset or other study)",
R06581,S1,exclude,"S1: no audio, video or deepfake term in title or abstract",
R06582,S1,exclude,"S1: no audio, video or deepfake term in title or abstract",
R06583,S2,exclude,"S2 no human real-vs-fake judgment of AI-generated stimuli (detector, generator, dataset or other study)",
R06584,S3,not_retrieved,No abstract or full text; title suggests algorithmic perceptual-similarity detector,full_text
R06585,S1,exclude,"S1: no audio, video or deepfake term in title or abstract",
R06586,S1b,exclude,S1b: no human-study term in title or abstract,
R06587,S1b,exclude,S1b: no human-study term in title or abstract,
R06588,S1b,exclude,S1b: no human-study term in title or abstract,
R06589,S1b,exclude,S1b: no human-study term in title or abstract,
R06590,S2,exclude,"S2 no human real-vs-fake judgment of AI-generated stimuli (detector, generator, dataset or other study)",
R06591,S1,exclude,"S1: no audio, video or deepfake term in title or abstract",
R06592,S1b,exclude,S1b: no human-study term in title or abstract,
R06593,S1b,exclude,S1b: no human-study term in title or abstract,
R06594,S1b,exclude,S1b: no human-study term in title or abstract,
R06595,S1b,exclude,S1b: no human-study term in title or abstract,
R06596,S1,exclude,"S1: no audio, video or deepfake term in title or abstract",
R06597,S1b,exclude,S1b: no human-study term in title or abstract,
R06598,S1b,exclude,S1b: no human-study term in title or abstract,
R06599,S1,exclude,"S1: no audio, video or deepfake term in title or abstract",
R06600,S1b,exclude,S1b: no human-study term in title or abstract,
R06601,S1b,exclude,S1b: no human-study term in title or abstract,
R06602,S1b,exclude,S1b: no human-study term in title or abstract,
R06603,S1b,exclude,S1b: no human-study term in title or abstract,
R06604,S1b,exclude,S1b: no human-study term in title or abstract,
R06605,S1,exclude,"S1: no audio, video or deepfake term in title or abstract",
R06606,S1,exclude,"S1: no audio, video or deepfake term in title or abstract",
R06607,S1b,exclude,S1b: no human-study term in title or abstract,
R06608,S1,exclude,"S1: no audio, video or deepfake term in title or abstract",
R06609,S1b,exclude,S1b: no human-study term in title or abstract,
R06610,S1b,exclude,S1b: no human-study term in title or abstract,
R06611,S2,exclude,"S2 no human real-vs-fake judgment of AI-generated stimuli (detector, generator, dataset or other study)",
R06612,S2,exclude,"S2 no human real-vs-fake judgment of AI-generated stimuli (detector, generator, dataset or other study)",
R06613,S1b,exclude,S1b: no human-study term in title or abstract,
R06614,S2,exclude,"S2 no human real-vs-fake judgment of AI-generated stimuli (detector, generator, dataset or other study)",
R06615,S1b,exclude,S1b: no human-study term in title or abstract,
R06616,S1b,exclude,S1b: no human-study term in title or abstract,
R06617,S1,exclude,"S1: no audio, video or deepfake term in title or abstract",
R06618,S1b,exclude,S1b: no human-study term in title or abstract,
R06619,S1b,exclude,S1b: no human-study term in title or abstract,
R06620,S1,exclude,"S1: no audio, video or deepfake term in title or abstract",
R06621,S1b,exclude,S1b: no human-study term in title or abstract,
R06622,S1b,exclude,S1b: no human-study term in title or abstract,
R06623,S1b,exclude,S1b: no human-study term in title or abstract,
R06624,S2,exclude,"S2 no human real-vs-fake judgment of AI-generated stimuli (detector, generator, dataset or other study)",
R06625,S1b,exclude,S1b: no human-study term in title or abstract,
R06626,S2,exclude,"S2 no human real-vs-fake judgment of AI-generated stimuli (detector, generator, dataset or other study)",
R06627,S2,exclude,"S2 no human real-vs-fake judgment of AI-generated stimuli (detector, generator, dataset or other study)",
R06628,S1b,exclude,S1b: no human-study term in title or abstract,
R06629,S1b,exclude,S1b: no human-study term in title or abstract,
R06630,S2,exclude,"S2 no human real-vs-fake judgment of AI-generated stimuli (detector, generator, dataset or other study)",
R06631,S1,exclude,"S1: no audio, video or deepfake term in title or abstract",
R06632,S2,exclude,"S2 no human real-vs-fake judgment of AI-generated stimuli (detector, generator, dataset or other study)",
R06633,S2,exclude,"S2 no human real-vs-fake judgment of AI-generated stimuli (detector, generator, dataset or other study)",
R06634,S1b,exclude,S1b: no human-study term in title or abstract,
R06635,S1b,exclude,S1b: no human-study term in title or abstract,
R06636,S1b,exclude,S1b: no human-study term in title or abstract,
R06637,S1b,exclude,S1b: no human-study term in title or abstract,
R06638,S1b,exclude,S1b: no human-study term in title or abstract,
R06639,S1,exclude,"S1: no audio, video or deepfake term in title or abstract",
R06640,S2,exclude,"S2 no human real-vs-fake judgment of AI-generated stimuli (detector, generator, dataset or other study)",
R06641,S1b,exclude,S1b: no human-study term in title or abstract,
R06642,S1b,exclude,S1b: no human-study term in title or abstract,
R06643,S1b,exclude,S1b: no human-study term in title or abstract,
R06644,S1,exclude,"S1: no audio, video or deepfake term in title or abstract",
R06645,S1,exclude,"S1: no audio, video or deepfake term in title or abstract",
R06646,S1,exclude,"S1: no audio, video or deepfake term in title or abstract",
R06647,S1b,exclude,S1b: no human-study term in title or abstract,
R06648,S2,exclude,"S2 no human real-vs-fake judgment of AI-generated stimuli (detector, generator, dataset or other study)",
R06649,S2,exclude,"S2 no human real-vs-fake judgment of AI-generated stimuli (detector, generator, dataset or other study)",
R06650,S1b,exclude,S1b: no human-study term in title or abstract,
R06651,S1,exclude,"S1: no audio, video or deepfake term in title or abstract",
R06652,S1b,exclude,S1b: no human-study term in title or abstract,
R06653,S1,exclude,"S1: no audio, video or deepfake term in title or abstract",
R06654,S1b,exclude,S1b: no human-study term in title or abstract,
R06655,S1b,exclude,S1b: no human-study term in title or abstract,
R06656,S2,exclude,"S2 no human real-vs-fake judgment of AI-generated stimuli (detector, generator, dataset or other study)",
R06657,S1b,exclude,S1b: no human-study term in title or abstract,
R06658,S1,exclude,"S1: no audio, video or deepfake term in title or abstract",
R06659,S1b,exclude,S1b: no human-study term in title or abstract,
R06660,S2,exclude,"S2 no human real-vs-fake judgment of AI-generated stimuli (detector, generator, dataset or other study)",
R06661,S2,exclude,"S2 no human real-vs-fake judgment of AI-generated stimuli (detector, generator, dataset or other study)",
R06662,S1b,exclude,S1b: no human-study term in title or abstract,
R06663,S1b,exclude,S1b: no human-study term in title or abstract,
R06664,S1b,exclude,S1b: no human-study term in title or abstract,
R06665,S1b,exclude,S1b: no human-study term in title or abstract,
R06666,S3,include,"Trivia game: 2,383 participants made 24,502 AI-vs-human guesses on image, sound and text",full_text
R06667,S1,exclude,"S1: no audio, video or deepfake term in title or abstract",
R06668,S1b,exclude,S1b: no human-study term in title or abstract,
R06669,S1b,exclude,S1b: no human-study term in title or abstract,
R06670,S1b,exclude,S1b: no human-study term in title or abstract,
R06671,S1b,exclude,S1b: no human-study term in title or abstract,
R06672,S2,exclude,"S2 no human real-vs-fake judgment of AI-generated stimuli (detector, generator, dataset or other study)",
R06673,S1b,exclude,S1b: no human-study term in title or abstract,
R06674,S1b,exclude,S1b: no human-study term in title or abstract,
R06675,S1b,exclude,S1b: no human-study term in title or abstract,
R06676,S1,exclude,"S1: no audio, video or deepfake term in title or abstract",
R06677,S1b,exclude,S1b: no human-study term in title or abstract,
R06678,S1b,exclude,S1b: no human-study term in title or abstract,
R06679,S1b,exclude,S1b: no human-study term in title or abstract,
R06680,S1,exclude,"S1: no audio, video or deepfake term in title or abstract",
R06681,S2,exclude,"S2 no human real-vs-fake judgment of AI-generated stimuli (detector, generator, dataset or other study)",
R06682,S1b,exclude,S1b: no human-study term in title or abstract,
R06683,S1b,exclude,S1b: no human-study term in title or abstract,
R06684,S1b,exclude,S1b: no human-study term in title or abstract,
R06685,S1,exclude,"S1: no audio, video or deepfake term in title or abstract",
R06686,S1b,exclude,S1b: no human-study term in title or abstract,
R06687,S2,exclude,"S2 no human real-vs-fake judgment of AI-generated stimuli (detector, generator, dataset or other study)",
R06688,S1,exclude,"S1: no audio, video or deepfake term in title or abstract",
R06689,S1,exclude,"S1: no audio, video or deepfake term in title or abstract",
R06690,S2,exclude,"S2 no human real-vs-fake judgment of AI-generated stimuli (detector, generator, dataset or other study)",
R06691,S1b,exclude,S1b: no human-study term in title or abstract,
R06692,S1,exclude,"S1: no audio, video or deepfake term in title or abstract",
R06693,S1,exclude,"S1: no audio, video or deepfake term in title or abstract",
R06694,S1b,exclude,S1b: no human-study term in title or abstract,
R06695,S2,exclude,"S2 no human real-vs-fake judgment of AI-generated stimuli (detector, generator, dataset or other study)",
R06696,S1b,exclude,S1b: no human-study term in title or abstract,
R06697,S1b,exclude,S1b: no human-study term in title or abstract,
R06698,S1b,exclude,S1b: no human-study term in title or abstract,
R06699,S1b,exclude,S1b: no human-study term in title or abstract,
R06700,S1,exclude,"S1: no audio, video or deepfake term in title or abstract",
R06701,S1b,exclude,S1b: no human-study term in title or abstract,
R06702,S1b,exclude,S1b: no human-study term in title or abstract,
R06703,S1b,exclude,S1b: no human-study term in title or abstract,
R06704,S1b,exclude,S1b: no human-study term in title or abstract,
R06705,S2,exclude,"S2 no human real-vs-fake judgment of AI-generated stimuli (detector, generator, dataset or other study)",
R06706,S2,exclude,"S2 no human real-vs-fake judgment of AI-generated stimuli (detector, generator, dataset or other study)",
R06707,S2,exclude,"S2 no human real-vs-fake judgment of AI-generated stimuli (detector, generator, dataset or other study)",
R06708,S1b,exclude,S1b: no human-study term in title or abstract,
R06709,S1,exclude,"S1: no audio, video or deepfake term in title or abstract",
R06710,S1b,exclude,S1b: no human-study term in title or abstract,
R06711,S1b,exclude,S1b: no human-study term in title or abstract,
R06712,S1b,exclude,S1b: no human-study term in title or abstract,
R06713,S1b,exclude,S1b: no human-study term in title or abstract,
R06714,S1b,exclude,S1b: no human-study term in title or abstract,
R06715,S1b,exclude,S1b: no human-study term in title or abstract,
R06716,S1b,exclude,S1b: no human-study term in title or abstract,
R06717,S1,exclude,"S1: no audio, video or deepfake term in title or abstract",
R06718,S2,exclude,"S2 no human real-vs-fake judgment of AI-generated stimuli (detector, generator, dataset or other study)",
R06719,S1b,exclude,S1b: no human-study term in title or abstract,
R06720,S1b,exclude,S1b: no human-study term in title or abstract,
R06721,S1,exclude,"S1: no audio, video or deepfake term in title or abstract",
R06722,S1b,exclude,S1b: no human-study term in title or abstract,
R06723,S1b,exclude,S1b: no human-study term in title or abstract,
R06724,S1b,exclude,S1b: no human-study term in title or abstract,
R06725,S1b,exclude,S1b: no human-study term in title or abstract,
R06726,S1,exclude,"S1: no audio, video or deepfake term in title or abstract",
R06727,S1b,exclude,S1b: no human-study term in title or abstract,
R06728,S2,exclude,"S2 no human real-vs-fake judgment of AI-generated stimuli (detector, generator, dataset or other study)",
R06729,S2,exclude,"S2 no human real-vs-fake judgment of AI-generated stimuli (detector, generator, dataset or other study)",
R06730,S1b,exclude,S1b: no human-study term in title or abstract,
R06731,S1,exclude,"S1: no audio, video or deepfake term in title or abstract",
R06732,S1b,exclude,S1b: no human-study term in title or abstract,
R06733,S1,exclude,"S1: no audio, video or deepfake term in title or abstract",
R06734,S1b,exclude,S1b: no human-study term in title or abstract,
R06735,S1b,exclude,S1b: no human-study term in title or abstract,
R06736,S2,exclude,"S2 no human real-vs-fake judgment of AI-generated stimuli (detector, generator, dataset or other study)",
R06737,S2,exclude,"S2 no human real-vs-fake judgment of AI-generated stimuli (detector, generator, dataset or other study)",
R06738,S1,exclude,"S1: no audio, video or deepfake term in title or abstract",
R06739,S1b,exclude,S1b: no human-study term in title or abstract,
R06740,S1b,exclude,S1b: no human-study term in title or abstract,
R06741,S1b,exclude,S1b: no human-study term in title or abstract,
R06742,S1b,exclude,S1b: no human-study term in title or abstract,
R06743,S1,exclude,"S1: no audio, video or deepfake term in title or abstract",
R06744,S1,exclude,"S1: no audio, video or deepfake term in title or abstract",
R06745,S1,exclude,"S1: no audio, video or deepfake term in title or abstract",
R06746,S1,exclude,"S1: no audio, video or deepfake term in title or abstract",
R06747,S1b,exclude,S1b: no human-study term in title or abstract,
R06748,S1,exclude,"S1: no audio, video or deepfake term in title or abstract",
R06749,S1b,exclude,S1b: no human-study term in title or abstract,
R06750,S2,exclude,"S2 no human real-vs-fake judgment of AI-generated stimuli (detector, generator, dataset or other study)",
R06751,S1b,exclude,S1b: no human-study term in title or abstract,
R06752,S1b,exclude,S1b: no human-study term in title or abstract,
R06753,S1b,exclude,S1b: no human-study term in title or abstract,
R06754,S1b,exclude,S1b: no human-study term in title or abstract,
R06755,S1b,exclude,S1b: no human-study term in title or abstract,
R06756,S2,exclude,"S2 no human real-vs-fake judgment of AI-generated stimuli (detector, generator, dataset or other study)",
R06757,S1b,exclude,S1b: no human-study term in title or abstract,
R06758,S1,exclude,"S1: no audio, video or deepfake term in title or abstract",
R06759,S1b,exclude,S1b: no human-study term in title or abstract,
R06760,S1,exclude,"S1: no audio, video or deepfake term in title or abstract",
R06761,S1,exclude,"S1: no audio, video or deepfake term in title or abstract",
R06762,S1b,exclude,S1b: no human-study term in title or abstract,
R06763,S1,exclude,"S1: no audio, video or deepfake term in title or abstract",
R06764,S1b,exclude,S1b: no human-study term in title or abstract,
R06765,S1,exclude,"S1: no audio, video or deepfake term in title or abstract",
R06766,S2,exclude,"S2 no human real-vs-fake judgment of AI-generated stimuli (detector, generator, dataset or other study)",
R06767,S1b,exclude,S1b: no human-study term in title or abstract,
R06768,S1b,exclude,S1b: no human-study term in title or abstract,
R06769,S1b,exclude,S1b: no human-study term in title or abstract,
R06770,S1b,exclude,S1b: no human-study term in title or abstract,
R06771,S1b,exclude,S1b: no human-study term in title or abstract,
R06772,S2,exclude,"S2 no human real-vs-fake judgment of AI-generated stimuli (detector, generator, dataset or other study)",
R06773,S1b,exclude,S1b: no human-study term in title or abstract,
R06774,S1b,exclude,S1b: no human-study term in title or abstract,
R06775,S1b,exclude,S1b: no human-study term in title or abstract,
R06776,S1b,exclude,S1b: no human-study term in title or abstract,
R06777,S1,exclude,"S1: no audio, video or deepfake term in title or abstract",
R06778,S1,exclude,"S1: no audio, video or deepfake term in title or abstract",
R06779,S1b,exclude,S1b: no human-study term in title or abstract,
R06780,S1,exclude,"S1: no audio, video or deepfake term in title or abstract",
R06781,S1,exclude,"S1: no audio, video or deepfake term in title or abstract",
R06782,S1,exclude,"S1: no audio, video or deepfake term in title or abstract",
R06783,S2,exclude,"S2 no human real-vs-fake judgment of AI-generated stimuli (detector, generator, dataset or other study)",
R06784,S1b,exclude,S1b: no human-study term in title or abstract,
R06785,S1,exclude,"S1: no audio, video or deepfake term in title or abstract",
R06786,S2,exclude,"S2 no human real-vs-fake judgment of AI-generated stimuli (detector, generator, dataset or other study)",
R06787,S1b,exclude,S1b: no human-study term in title or abstract,
R06788,S1,exclude,"S1: no audio, video or deepfake term in title or abstract",
R06789,S1b,exclude,S1b: no human-study term in title or abstract,
R06790,S1b,exclude,S1b: no human-study term in title or abstract,
R06791,S1b,exclude,S1b: no human-study term in title or abstract,
R06792,S1b,exclude,S1b: no human-study term in title or abstract,
R06793,S1b,exclude,S1b: no human-study term in title or abstract,
R06794,S1,exclude,"S1: no audio, video or deepfake term in title or abstract",
R06795,S1b,exclude,S1b: no human-study term in title or abstract,
R06796,S1,exclude,"S1: no audio, video or deepfake term in title or abstract",
R06797,S1b,exclude,S1b: no human-study term in title or abstract,
R06798,S2,exclude,"S2 no human real-vs-fake judgment of AI-generated stimuli (detector, generator, dataset or other study)",
R06799,S1b,exclude,S1b: no human-study term in title or abstract,
R06800,S1,exclude,"S1: no audio, video or deepfake term in title or abstract",
R06801,S1b,exclude,S1b: no human-study term in title or abstract,
R06802,S2,exclude,"S2 no human real-vs-fake judgment of AI-generated stimuli (detector, generator, dataset or other study)",
R06803,S2,exclude,"S2 no human real-vs-fake judgment of AI-generated stimuli (detector, generator, dataset or other study)",
R06804,S1,exclude,"S1: no audio, video or deepfake term in title or abstract",
R06805,S2,exclude,S2 stimuli are not audio or video (text or still images),
R06806,S1b,exclude,S1b: no human-study term in title or abstract,
R06807,S1b,exclude,S1b: no human-study term in title or abstract,
R06808,S2,exclude,"S2 no human real-vs-fake judgment of AI-generated stimuli (detector, generator, dataset or other study)",
R06809,S1,exclude,"S1: no audio, video or deepfake term in title or abstract",
R06810,S1b,exclude,S1b: no human-study term in title or abstract,
R06811,S1,exclude,"S1: no audio, video or deepfake term in title or abstract",
R06812,S1,exclude,"S1: no audio, video or deepfake term in title or abstract",
R06813,S1b,exclude,S1b: no human-study term in title or abstract,
R06814,S1b,exclude,S1b: no human-study term in title or abstract,
R06815,S1b,exclude,S1b: no human-study term in title or abstract,
R06816,S1,exclude,"S1: no audio, video or deepfake term in title or abstract",
R06817,S1b,exclude,S1b: no human-study term in title or abstract,
R06818,S1b,exclude,S1b: no human-study term in title or abstract,
R06819,S2,exclude,"S2 no human real-vs-fake judgment of AI-generated stimuli (detector, generator, dataset or other study)",
R06820,S2,exclude,"S2 no human real-vs-fake judgment of AI-generated stimuli (detector, generator, dataset or other study)",
R06821,S1b,exclude,S1b: no human-study term in title or abstract,
R06822,S1,exclude,"S1: no audio, video or deepfake term in title or abstract",
R06823,S1b,exclude,S1b: no human-study term in title or abstract,
R06824,S1,exclude,"S1: no audio, video or deepfake term in title or abstract",
R06825,S1,exclude,"S1: no audio, video or deepfake term in title or abstract",
R06826,S1b,exclude,S1b: no human-study term in title or abstract,
R06827,S1b,exclude,S1b: no human-study term in title or abstract,
R06828,S2,exclude,"S2 no human real-vs-fake judgment of AI-generated stimuli (detector, generator, dataset or other study)",
R06829,S2,exclude,"S2 no human real-vs-fake judgment of AI-generated stimuli (detector, generator, dataset or other study)",
R06830,S1,exclude,"S1: no audio, video or deepfake term in title or abstract",
R06831,S1b,exclude,S1b: no human-study term in title or abstract,
R06832,S1b,exclude,S1b: no human-study term in title or abstract,
R06833,S1,exclude,"S1: no audio, video or deepfake term in title or abstract",
R06834,S1,exclude,"S1: no audio, video or deepfake term in title or abstract",
R06835,S1b,exclude,S1b: no human-study term in title or abstract,
R06836,S2,exclude,"S2 no human real-vs-fake judgment of AI-generated stimuli (detector, generator, dataset or other study)",
R06837,S2,exclude,"S2 no human real-vs-fake judgment of AI-generated stimuli (detector, generator, dataset or other study)",
R06838,S1,exclude,"S1: no audio, video or deepfake term in title or abstract",
R06839,S1,exclude,"S1: no audio, video or deepfake term in title or abstract",
R06840,S2,exclude,"S2 no human real-vs-fake judgment of AI-generated stimuli (detector, generator, dataset or other study)",
R06841,S1b,exclude,S1b: no human-study term in title or abstract,
R06842,S1,exclude,"S1: no audio, video or deepfake term in title or abstract",
R06843,S1b,exclude,S1b: no human-study term in title or abstract,
R06844,S2,exclude,"S2 no human real-vs-fake judgment of AI-generated stimuli (detector, generator, dataset or other study)",
R06845,S1,exclude,"S1: no audio, video or deepfake term in title or abstract",
R06846,S1b,exclude,S1b: no human-study term in title or abstract,
R06847,S1,exclude,"S1: no audio, video or deepfake term in title or abstract",
R06848,S1,exclude,"S1: no audio, video or deepfake term in title or abstract",
R06849,S1,exclude,"S1: no audio, video or deepfake term in title or abstract",
R06850,S1b,exclude,S1b: no human-study term in title or abstract,
R06851,S1b,exclude,S1b: no human-study term in title or abstract,
R06852,S1,exclude,"S1: no audio, video or deepfake term in title or abstract",
R06853,S1b,exclude,S1b: no human-study term in title or abstract,
R06854,S1b,exclude,S1b: no human-study term in title or abstract,
R06855,S1b,exclude,S1b: no human-study term in title or abstract,
R06856,S2,exclude,"S2 no human real-vs-fake judgment of AI-generated stimuli (detector, generator, dataset or other study)",
R06857,S1b,exclude,S1b: no human-study term in title or abstract,
R06858,S1,exclude,"S1: no audio, video or deepfake term in title or abstract",
R06859,S1b,exclude,S1b: no human-study term in title or abstract,
R06860,S1b,exclude,S1b: no human-study term in title or abstract,
R06861,S1,exclude,"S1: no audio, video or deepfake term in title or abstract",
R06862,S1b,exclude,S1b: no human-study term in title or abstract,
R06863,S1,exclude,"S1: no audio, video or deepfake term in title or abstract",
R06864,S1b,exclude,S1b: no human-study term in title or abstract,
R06865,S1,exclude,"S1: no audio, video or deepfake term in title or abstract",
R06866,S1,exclude,"S1: no audio, video or deepfake term in title or abstract",
R06867,S1,exclude,"S1: no audio, video or deepfake term in title or abstract",
R06868,S1,exclude,"S1: no audio, video or deepfake term in title or abstract",
R06869,S1,exclude,"S1: no audio, video or deepfake term in title or abstract",
R06870,S1,exclude,"S1: no audio, video or deepfake term in title or abstract",
R06871,S1,exclude,"S1: no audio, video or deepfake term in title or abstract",
R06872,S1,exclude,"S1: no audio, video or deepfake term in title or abstract",
R06873,S1,exclude,"S1: no audio, video or deepfake term in title or abstract",
R06874,S1b,exclude,S1b: no human-study term in title or abstract,
R06875,S1,exclude,"S1: no audio, video or deepfake term in title or abstract",
R06876,S1,exclude,"S1: no audio, video or deepfake term in title or abstract",
R06877,S1,exclude,"S1: no audio, video or deepfake term in title or abstract",
R06878,S2,exclude,"S2 no human real-vs-fake judgment of AI-generated stimuli (detector, generator, dataset or other study)",
R06879,S1b,exclude,S1b: no human-study term in title or abstract,
R06880,S1,exclude,"S1: no audio, video or deepfake term in title or abstract",
R06881,S1b,exclude,S1b: no human-study term in title or abstract,
R06882,S2,exclude,"S2 no human real-vs-fake judgment of AI-generated stimuli (detector, generator, dataset or other study)",
R06883,S3,not_retrieved,Could not read paper; unclear whether a listener test exists or only automatic detectors,full_text
R06884,S1b,exclude,S1b: no human-study term in title or abstract,
R06885,S1,exclude,"S1: no audio, video or deepfake term in title or abstract",
R06886,S1b,exclude,S1b: no human-study term in title or abstract,
R06887,S1,exclude,"S1: no audio, video or deepfake term in title or abstract",
R06888,S1b,exclude,S1b: no human-study term in title or abstract,
R06889,S1,exclude,"S1: no audio, video or deepfake term in title or abstract",
R06890,S1b,exclude,S1b: no human-study term in title or abstract,
R06891,S1b,exclude,S1b: no human-study term in title or abstract,
R06892,S1,exclude,"S1: no audio, video or deepfake term in title or abstract",
R06893,S1,exclude,"S1: no audio, video or deepfake term in title or abstract",
R06894,S1,exclude,"S1: no audio, video or deepfake term in title or abstract",
R06895,S1,exclude,"S1: no audio, video or deepfake term in title or abstract",
R06896,S1b,exclude,S1b: no human-study term in title or abstract,
R06897,S1,exclude,"S1: no audio, video or deepfake term in title or abstract",
R06898,S1,exclude,"S1: no audio, video or deepfake term in title or abstract",
R06899,S1b,exclude,S1b: no human-study term in title or abstract,
R06900,S2,exclude,"S2 no human real-vs-fake judgment of AI-generated stimuli (detector, generator, dataset or other study)",
R06901,S1,exclude,"S1: no audio, video or deepfake term in title or abstract",
R06902,S2,exclude,S2 stimuli are not audio or video (text or still images),
R06903,S1b,exclude,S1b: no human-study term in title or abstract,
R06904,S2,exclude,"S2 humans rate quality or naturalness only, no real-vs-fake judgment",
R06905,S1b,exclude,S1b: no human-study term in title or abstract,
R06906,S1,exclude,"S1: no audio, video or deepfake term in title or abstract",
R06907,S1,exclude,"S1: no audio, video or deepfake term in title or abstract",
R06908,S1b,exclude,S1b: no human-study term in title or abstract,
R06909,S1,exclude,"S1: no audio, video or deepfake term in title or abstract",
R06910,S1b,exclude,S1b: no human-study term in title or abstract,
R06911,S2,exclude,"S2 no human real-vs-fake judgment of AI-generated stimuli (detector, generator, dataset or other study)",
R06912,S1,exclude,"S1: no audio, video or deepfake term in title or abstract",
R06913,S1,exclude,"S1: no audio, video or deepfake term in title or abstract",
R06914,S1,exclude,"S1: no audio, video or deepfake term in title or abstract",
R06915,S1b,exclude,S1b: no human-study term in title or abstract,
R06916,S1b,exclude,S1b: no human-study term in title or abstract,
R06917,S1,exclude,"S1: no audio, video or deepfake term in title or abstract",
R06918,S1b,exclude,S1b: no human-study term in title or abstract,
R06919,S1b,exclude,S1b: no human-study term in title or abstract,
R06920,S1,exclude,"S1: no audio, video or deepfake term in title or abstract",
R06921,S1b,exclude,S1b: no human-study term in title or abstract,
R06922,S1,exclude,"S1: no audio, video or deepfake term in title or abstract",
R06923,S1b,exclude,S1b: no human-study term in title or abstract,
R06924,S1,exclude,"S1: no audio, video or deepfake term in title or abstract",
R06925,S2,exclude,"S2 no human real-vs-fake judgment of AI-generated stimuli (detector, generator, dataset or other study)",
R06926,S1b,exclude,S1b: no human-study term in title or abstract,
R06927,S1,exclude,"S1: no audio, video or deepfake term in title or abstract",
R06928,S1b,exclude,S1b: no human-study term in title or abstract,
R06929,S1,exclude,"S1: no audio, video or deepfake term in title or abstract",
R06930,S1,exclude,"S1: no audio, video or deepfake term in title or abstract",
R06931,S1,exclude,"S1: no audio, video or deepfake term in title or abstract",
R06932,S1,exclude,"S1: no audio, video or deepfake term in title or abstract",
R06933,S1b,exclude,S1b: no human-study term in title or abstract,
R06934,S1b,exclude,S1b: no human-study term in title or abstract,
R06935,S1,exclude,"S1: no audio, video or deepfake term in title or abstract",
R06936,S1b,exclude,S1b: no human-study term in title or abstract,
R06937,S2,exclude,"S2 no human real-vs-fake judgment of AI-generated stimuli (detector, generator, dataset or other study)",
R06938,S1,exclude,"S1: no audio, video or deepfake term in title or abstract",
R06939,S2,exclude,S2 stimuli are not audio or video (text or still images),
R06940,S1b,exclude,S1b: no human-study term in title or abstract,
R06941,S1b,exclude,S1b: no human-study term in title or abstract,
R06942,S1,exclude,"S1: no audio, video or deepfake term in title or abstract",
R06943,S2,exclude,"S2 no human real-vs-fake judgment of AI-generated stimuli (detector, generator, dataset or other study)",
R06944,S1b,exclude,S1b: no human-study term in title or abstract,
R06945,S2,exclude,"S2 no human real-vs-fake judgment of AI-generated stimuli (detector, generator, dataset or other study)",
R06946,S1b,exclude,S1b: no human-study term in title or abstract,
R06947,S1b,exclude,S1b: no human-study term in title or abstract,
R06948,S1,exclude,"S1: no audio, video or deepfake term in title or abstract",
R06949,S1,exclude,"S1: no audio, video or deepfake term in title or abstract",
R06950,S2,exclude,"S2 no human real-vs-fake judgment of AI-generated stimuli (detector, generator, dataset or other study)",
R06951,S2,exclude,"S2 no human real-vs-fake judgment of AI-generated stimuli (detector, generator, dataset or other study)",
R06952,S1b,exclude,S1b: no human-study term in title or abstract,
R06953,S1,exclude,"S1: no audio, video or deepfake term in title or abstract",
R06954,S1b,exclude,S1b: no human-study term in title or abstract,
R06955,S1,exclude,"S1: no audio, video or deepfake term in title or abstract",
R06956,S2,exclude,"S2 no human real-vs-fake judgment of AI-generated stimuli (detector, generator, dataset or other study)",
R06957,S1,exclude,"S1: no audio, video or deepfake term in title or abstract",
R06958,S1,exclude,"S1: no audio, video or deepfake term in title or abstract",
R06959,S1b,exclude,S1b: no human-study term in title or abstract,
R06960,S1b,exclude,S1b: no human-study term in title or abstract,
R06961,S2,exclude,"S2 no human real-vs-fake judgment of AI-generated stimuli (detector, generator, dataset or other study)",
R06962,S2,exclude,"S2 no human real-vs-fake judgment of AI-generated stimuli (detector, generator, dataset or other study)",
R06963,S2,exclude,"S2 no human real-vs-fake judgment of AI-generated stimuli (detector, generator, dataset or other study)",
R06964,S2,exclude,"S2 no human real-vs-fake judgment of AI-generated stimuli (detector, generator, dataset or other study)",
R06965,S1,exclude,"S1: no audio, video or deepfake term in title or abstract",
R06966,S1b,exclude,S1b: no human-study term in title or abstract,
R06967,S2,exclude,"S2 no human real-vs-fake judgment of AI-generated stimuli (detector, generator, dataset or other study)",
R06968,S1,exclude,"S1: no audio, video or deepfake term in title or abstract",
R06969,S1b,exclude,S1b: no human-study term in title or abstract,
R06970,S1,exclude,"S1: no audio, video or deepfake term in title or abstract",
R06971,S2,exclude,"S2 no human real-vs-fake judgment of AI-generated stimuli (detector, generator, dataset or other study)",
R06972,S2,exclude,"S2 no human real-vs-fake judgment of AI-generated stimuli (detector, generator, dataset or other study)",
R06973,S1b,exclude,S1b: no human-study term in title or abstract,
R06974,S1b,exclude,S1b: no human-study term in title or abstract,
R06975,S1b,exclude,S1b: no human-study term in title or abstract,
R06976,S1b,exclude,S1b: no human-study term in title or abstract,
R06977,S2,exclude,"S2 no human real-vs-fake judgment of AI-generated stimuli (detector, generator, dataset or other study)",
R06978,S1,exclude,"S1: no audio, video or deepfake term in title or abstract",
R06979,S1b,exclude,S1b: no human-study term in title or abstract,
R06980,S1,exclude,"S1: no audio, video or deepfake term in title or abstract",
R06981,S1b,exclude,S1b: no human-study term in title or abstract,
R06982,S1,exclude,"S1: no audio, video or deepfake term in title or abstract",
R06983,S1b,exclude,S1b: no human-study term in title or abstract,
R06984,S1,exclude,"S1: no audio, video or deepfake term in title or abstract",
R06985,S1,exclude,"S1: no audio, video or deepfake term in title or abstract",
R06986,S1,exclude,"S1: no audio, video or deepfake term in title or abstract",
R06987,S1b,exclude,S1b: no human-study term in title or abstract,
R06988,S1,exclude,"S1: no audio, video or deepfake term in title or abstract",
R06989,S2,exclude,"S2 no human real-vs-fake judgment of AI-generated stimuli (detector, generator, dataset or other study)",
R06990,S1,exclude,"S1: no audio, video or deepfake term in title or abstract",
R06991,S2,exclude,"S2 no human real-vs-fake judgment of AI-generated stimuli (detector, generator, dataset or other study)",
R06992,S2,exclude,"S2 no human real-vs-fake judgment of AI-generated stimuli (detector, generator, dataset or other study)",
R06993,S1,exclude,"S1: no audio, video or deepfake term in title or abstract",
R06994,S1b,exclude,S1b: no human-study term in title or abstract,
R06995,S2,exclude,"S2 no human real-vs-fake judgment of AI-generated stimuli (detector, generator, dataset or other study)",
R06996,S1,exclude,"S1: no audio, video or deepfake term in title or abstract",
R06997,S1,exclude,"S1: no audio, video or deepfake term in title or abstract",
R06998,S2,exclude,"S2 no human real-vs-fake judgment of AI-generated stimuli (detector, generator, dataset or other study)",
R06999,S1,exclude,"S1: no audio, video or deepfake term in title or abstract",
R07000,S1b,exclude,S1b: no human-study term in title or abstract,
R07001,S1,exclude,"S1: no audio, video or deepfake term in title or abstract",
R07002,S2,exclude,"S2 no human real-vs-fake judgment of AI-generated stimuli (detector, generator, dataset or other study)",
R07003,S1,exclude,"S1: no audio, video or deepfake term in title or abstract",
R07004,S2,exclude,"S2 no human real-vs-fake judgment of AI-generated stimuli (detector, generator, dataset or other study)",
R07005,S1b,exclude,S1b: no human-study term in title or abstract,
R07006,S2,exclude,"S2 no human real-vs-fake judgment of AI-generated stimuli (detector, generator, dataset or other study)",
R07007,S1,exclude,"S1: no audio, video or deepfake term in title or abstract",
R07008,S1,exclude,"S1: no audio, video or deepfake term in title or abstract",
R07009,S1,exclude,"S1: no audio, video or deepfake term in title or abstract",
R07010,S1b,exclude,S1b: no human-study term in title or abstract,
R07011,S2,exclude,"S2 no human real-vs-fake judgment of AI-generated stimuli (detector, generator, dataset or other study)",
R07012,S2,exclude,"S2 no human real-vs-fake judgment of AI-generated stimuli (detector, generator, dataset or other study)",
R07013,S2,exclude,"S2 no human real-vs-fake judgment of AI-generated stimuli (detector, generator, dataset or other study)",
R07014,S1,exclude,"S1: no audio, video or deepfake term in title or abstract",
R07015,S2,exclude,"S2 no human real-vs-fake judgment of AI-generated stimuli (detector, generator, dataset or other study)",
R07016,S1,exclude,"S1: no audio, video or deepfake term in title or abstract",
R07017,S1,exclude,"S1: no audio, video or deepfake term in title or abstract",
R07018,S1b,exclude,S1b: no human-study term in title or abstract,
R07019,S1,exclude,"S1: no audio, video or deepfake term in title or abstract",
R07020,S2,exclude,"S2 no human real-vs-fake judgment of AI-generated stimuli (detector, generator, dataset or other study)",
R07021,S1,exclude,"S1: no audio, video or deepfake term in title or abstract",
R07022,S1b,exclude,S1b: no human-study term in title or abstract,
R07023,S1,exclude,"S1: no audio, video or deepfake term in title or abstract",
R07024,S1b,exclude,S1b: no human-study term in title or abstract,
R07025,S1,exclude,"S1: no audio, video or deepfake term in title or abstract",
R07026,S1b,exclude,S1b: no human-study term in title or abstract,
R07027,S1,exclude,"S1: no audio, video or deepfake term in title or abstract",
R07028,S2,exclude,"S2 no human real-vs-fake judgment of AI-generated stimuli (detector, generator, dataset or other study)",
R07029,S1,exclude,"S1: no audio, video or deepfake term in title or abstract",
R07030,S1b,exclude,S1b: no human-study term in title or abstract,
R07031,S1,exclude,"S1: no audio, video or deepfake term in title or abstract",
R07032,S1,exclude,"S1: no audio, video or deepfake term in title or abstract",
R07033,S1,exclude,"S1: no audio, video or deepfake term in title or abstract",
R07034,S1b,exclude,S1b: no human-study term in title or abstract,
R07035,S1b,exclude,S1b: no human-study term in title or abstract,
R07036,S1,exclude,"S1: no audio, video or deepfake term in title or abstract",
R07037,S1b,exclude,S1b: no human-study term in title or abstract,
R07038,S1,exclude,"S1: no audio, video or deepfake term in title or abstract",
R07039,S1,exclude,"S1: no audio, video or deepfake term in title or abstract",
R07040,S1b,exclude,S1b: no human-study term in title or abstract,
R07041,S1,exclude,"S1: no audio, video or deepfake term in title or abstract",
R07042,S1,exclude,"S1: no audio, video or deepfake term in title or abstract",
R07043,S1b,exclude,S1b: no human-study term in title or abstract,
R07044,S1b,exclude,S1b: no human-study term in title or abstract,
R07045,S1,exclude,"S1: no audio, video or deepfake term in title or abstract",
R07046,S1,exclude,"S1: no audio, video or deepfake term in title or abstract",
R07047,S2,exclude,"S2 no human real-vs-fake judgment of AI-generated stimuli (detector, generator, dataset or other study)",
R07048,S1,exclude,"S1: no audio, video or deepfake term in title or abstract",
R07049,S2,exclude,"S2 no human real-vs-fake judgment of AI-generated stimuli (detector, generator, dataset or other study)",
R07050,S1,exclude,"S1: no audio, video or deepfake term in title or abstract",
R07051,S1,exclude,"S1: no audio, video or deepfake term in title or abstract",
R07052,S2,exclude,"S2 no human real-vs-fake judgment of AI-generated stimuli (detector, generator, dataset or other study)",
R07053,S1b,exclude,S1b: no human-study term in title or abstract,
R07054,S1,exclude,"S1: no audio, video or deepfake term in title or abstract",
R07055,S1,exclude,"S1: no audio, video or deepfake term in title or abstract",
R07056,S1b,exclude,S1b: no human-study term in title or abstract,
R07057,S1,exclude,"S1: no audio, video or deepfake term in title or abstract",
R07058,S1,exclude,"S1: no audio, video or deepfake term in title or abstract",
R07059,S2,exclude,"S2 no human real-vs-fake judgment of AI-generated stimuli (detector, generator, dataset or other study)",
R07060,S1b,exclude,S1b: no human-study term in title or abstract,
R07061,S2,exclude,"S2 no human real-vs-fake judgment of AI-generated stimuli (detector, generator, dataset or other study)",
R07062,S1,exclude,"S1: no audio, video or deepfake term in title or abstract",
R07063,S1,exclude,"S1: no audio, video or deepfake term in title or abstract",
R07064,S2,exclude,"S2 no human real-vs-fake judgment of AI-generated stimuli (detector, generator, dataset or other study)",
R07065,S1,exclude,"S1: no audio, video or deepfake term in title or abstract",
R07066,S1,exclude,"S1: no audio, video or deepfake term in title or abstract",
R07067,S1b,exclude,S1b: no human-study term in title or abstract,
R07068,S2,exclude,"S2 not an empirical study (review, survey of methods, commentary, legal or policy analysis)",
R07069,S1,exclude,"S1: no audio, video or deepfake term in title or abstract",
R07070,S2,exclude,"S2 no human real-vs-fake judgment of AI-generated stimuli (detector, generator, dataset or other study)",
R07071,S1,exclude,"S1: no audio, video or deepfake term in title or abstract",
R07072,S1,exclude,"S1: no audio, video or deepfake term in title or abstract",
R07073,S1,exclude,"S1: no audio, video or deepfake term in title or abstract",
R07074,S1,exclude,"S1: no audio, video or deepfake term in title or abstract",
R07075,S1,exclude,"S1: no audio, video or deepfake term in title or abstract",
R07076,S1,exclude,"S1: no audio, video or deepfake term in title or abstract",
R07077,S2,exclude,"S2 no human real-vs-fake judgment of AI-generated stimuli (detector, generator, dataset or other study)",
R07078,S1,exclude,"S1: no audio, video or deepfake term in title or abstract",
R07079,S1,exclude,"S1: no audio, video or deepfake term in title or abstract",
R07080,S1,exclude,"S1: no audio, video or deepfake term in title or abstract",
R07081,S1,exclude,"S1: no audio, video or deepfake term in title or abstract",
R07082,S1,exclude,"S1: no audio, video or deepfake term in title or abstract",
R07083,S1,exclude,"S1: no audio, video or deepfake term in title or abstract",
R07084,S1,exclude,"S1: no audio, video or deepfake term in title or abstract",
R07085,S1b,exclude,S1b: no human-study term in title or abstract,
R07086,S1,exclude,"S1: no audio, video or deepfake term in title or abstract",
R07087,S1b,exclude,S1b: no human-study term in title or abstract,
R07088,S2,exclude,"S2 no human real-vs-fake judgment of AI-generated stimuli (detector, generator, dataset or other study)",
R07089,S1b,exclude,S1b: no human-study term in title or abstract,
R07090,S1,exclude,"S1: no audio, video or deepfake term in title or abstract",
R07091,S1b,exclude,S1b: no human-study term in title or abstract,
R07092,S1,exclude,"S1: no audio, video or deepfake term in title or abstract",
R07093,S1b,exclude,S1b: no human-study term in title or abstract,
R07094,S1,exclude,"S1: no audio, video or deepfake term in title or abstract",
R07095,S2,exclude,"S2 no human real-vs-fake judgment of AI-generated stimuli (detector, generator, dataset or other study)",
R07096,S1b,exclude,S1b: no human-study term in title or abstract,
R07097,S1,exclude,"S1: no audio, video or deepfake term in title or abstract",
R07098,S1,exclude,"S1: no audio, video or deepfake term in title or abstract",
R07099,S1,exclude,"S1: no audio, video or deepfake term in title or abstract",
R07100,S1,exclude,"S1: no audio, video or deepfake term in title or abstract",
R07101,S1b,exclude,S1b: no human-study term in title or abstract,
R07102,S1b,exclude,S1b: no human-study term in title or abstract,
R07103,S1,exclude,"S1: no audio, video or deepfake term in title or abstract",
R07104,S2,exclude,"S2 no human real-vs-fake judgment of AI-generated stimuli (detector, generator, dataset or other study)",
R07105,S1b,exclude,S1b: no human-study term in title or abstract,
R07106,S1b,exclude,S1b: no human-study term in title or abstract,
R07107,S1,exclude,"S1: no audio, video or deepfake term in title or abstract",
R07108,S1,exclude,"S1: no audio, video or deepfake term in title or abstract",
R07109,S1b,exclude,S1b: no human-study term in title or abstract,
R07110,S1b,exclude,S1b: no human-study term in title or abstract,
R07111,S2,exclude,"S2 no human real-vs-fake judgment of AI-generated stimuli (detector, generator, dataset or other study)",
R07112,S1,exclude,"S1: no audio, video or deepfake term in title or abstract",
R07113,S1b,exclude,S1b: no human-study term in title or abstract,
R07114,S1b,exclude,S1b: no human-study term in title or abstract,
R07115,S1,exclude,"S1: no audio, video or deepfake term in title or abstract",
R07116,S1,exclude,"S1: no audio, video or deepfake term in title or abstract",
R07117,S1,exclude,"S1: no audio, video or deepfake term in title or abstract",
R07118,S1,exclude,"S1: no audio, video or deepfake term in title or abstract",
R07119,S1,exclude,"S1: no audio, video or deepfake term in title or abstract",
R07120,S1,exclude,"S1: no audio, video or deepfake term in title or abstract",
R07121,S1b,exclude,S1b: no human-study term in title or abstract,
R07122,S1,exclude,"S1: no audio, video or deepfake term in title or abstract",
R07123,S1,exclude,"S1: no audio, video or deepfake term in title or abstract",
R07124,S1,exclude,"S1: no audio, video or deepfake term in title or abstract",
R07125,S1,exclude,"S1: no audio, video or deepfake term in title or abstract",
R07126,S1,exclude,"S1: no audio, video or deepfake term in title or abstract",
R07127,S1,exclude,"S1: no audio, video or deepfake term in title or abstract",
R07128,S1,exclude,"S1: no audio, video or deepfake term in title or abstract",
R07129,S1,exclude,"S1: no audio, video or deepfake term in title or abstract",
R07130,S1,exclude,"S1: no audio, video or deepfake term in title or abstract",
R07131,S1,exclude,"S1: no audio, video or deepfake term in title or abstract",
R07132,S1,exclude,"S1: no audio, video or deepfake term in title or abstract",
R07133,S1,exclude,"S1: no audio, video or deepfake term in title or abstract",
R07134,S2,exclude,"S2 no human real-vs-fake judgment of AI-generated stimuli (detector, generator, dataset or other study)",
R07135,S1b,exclude,S1b: no human-study term in title or abstract,
R07136,S1,exclude,"S1: no audio, video or deepfake term in title or abstract",
R07137,S1b,exclude,S1b: no human-study term in title or abstract,
R07138,S1,exclude,"S1: no audio, video or deepfake term in title or abstract",
R07139,S1,exclude,"S1: no audio, video or deepfake term in title or abstract",
R07140,S1,exclude,"S1: no audio, video or deepfake term in title or abstract",
R07141,S1b,exclude,S1b: no human-study term in title or abstract,
R07142,S1b,exclude,S1b: no human-study term in title or abstract,
R07143,S1b,exclude,S1b: no human-study term in title or abstract,
R07144,S1,exclude,"S1: no audio, video or deepfake term in title or abstract",
R07145,S2,exclude,"S2 no human real-vs-fake judgment of AI-generated stimuli (detector, generator, dataset or other study)",
R07146,S1,exclude,"S1: no audio, video or deepfake term in title or abstract",
R07147,S1,exclude,"S1: no audio, video or deepfake term in title or abstract",
R07148,S2,exclude,"S2 no human real-vs-fake judgment of AI-generated stimuli (detector, generator, dataset or other study)",
R07149,S2,exclude,"S2 no human real-vs-fake judgment of AI-generated stimuli (detector, generator, dataset or other study)",
R07150,S1b,exclude,S1b: no human-study term in title or abstract,
R07151,S1,exclude,"S1: no audio, video or deepfake term in title or abstract",
R07152,S1b,exclude,S1b: no human-study term in title or abstract,
R07153,S1,exclude,"S1: no audio, video or deepfake term in title or abstract",
R07154,S1b,exclude,S1b: no human-study term in title or abstract,
R07155,S1b,exclude,S1b: no human-study term in title or abstract,
R07156,S1,exclude,"S1: no audio, video or deepfake term in title or abstract",
R07157,S1b,exclude,S1b: no human-study term in title or abstract,
R07158,S1,exclude,"S1: no audio, video or deepfake term in title or abstract",
R07159,S1,exclude,"S1: no audio, video or deepfake term in title or abstract",
R07160,S1,exclude,"S1: no audio, video or deepfake term in title or abstract",
R07161,S1b,exclude,S1b: no human-study term in title or abstract,
R07162,S1,exclude,"S1: no audio, video or deepfake term in title or abstract",
R07163,S2,exclude,"S2 no human real-vs-fake judgment of AI-generated stimuli (detector, generator, dataset or other study)",
R07164,S1,exclude,"S1: no audio, video or deepfake term in title or abstract",
R07165,S1,exclude,"S1: no audio, video or deepfake term in title or abstract",
R07166,S2,exclude,"S2 no human real-vs-fake judgment of AI-generated stimuli (detector, generator, dataset or other study)",
R07167,S1,exclude,"S1: no audio, video or deepfake term in title or abstract",
R07168,S1b,exclude,S1b: no human-study term in title or abstract,
R07169,S1b,exclude,S1b: no human-study term in title or abstract,
R07170,S1b,exclude,S1b: no human-study term in title or abstract,
R07171,S1,exclude,"S1: no audio, video or deepfake term in title or abstract",
R07172,S1b,exclude,S1b: no human-study term in title or abstract,
R07173,S1,exclude,"S1: no audio, video or deepfake term in title or abstract",
R07174,S1,exclude,"S1: no audio, video or deepfake term in title or abstract",
R07175,S1b,exclude,S1b: no human-study term in title or abstract,
R07176,S1b,exclude,S1b: no human-study term in title or abstract,
R07177,S1,exclude,"S1: no audio, video or deepfake term in title or abstract",
R07178,S1,exclude,"S1: no audio, video or deepfake term in title or abstract",
R07179,S1,exclude,"S1: no audio, video or deepfake term in title or abstract",
R07180,S1,exclude,"S1: no audio, video or deepfake term in title or abstract",
R07181,S1b,exclude,S1b: no human-study term in title or abstract,
R07182,S1b,exclude,S1b: no human-study term in title or abstract,
R07183,S2,exclude,S2 stimuli are not audio or video (text or still images),
R07184,S1b,exclude,S1b: no human-study term in title or abstract,
R07185,S1,exclude,"S1: no audio, video or deepfake term in title or abstract",
R07186,S1,exclude,"S1: no audio, video or deepfake term in title or abstract",
R07187,S2,exclude,"S2 no human real-vs-fake judgment of AI-generated stimuli (detector, generator, dataset or other study)",
R07188,S2,exclude,"S2 no human real-vs-fake judgment of AI-generated stimuli (detector, generator, dataset or other study)",
R07189,S1,exclude,"S1: no audio, video or deepfake term in title or abstract",
R07190,S1b,exclude,S1b: no human-study term in title or abstract,
R07191,S1b,exclude,S1b: no human-study term in title or abstract,
R07192,S1b,exclude,S1b: no human-study term in title or abstract,
R07193,S1b,exclude,S1b: no human-study term in title or abstract,
R07194,S1,exclude,"S1: no audio, video or deepfake term in title or abstract",
R07195,S1b,exclude,S1b: no human-study term in title or abstract,
R07196,S1,exclude,"S1: no audio, video or deepfake term in title or abstract",
R07197,S2,exclude,"S2 no human real-vs-fake judgment of AI-generated stimuli (detector, generator, dataset or other study)",
R07198,S1b,exclude,S1b: no human-study term in title or abstract,
R07199,S1,exclude,"S1: no audio, video or deepfake term in title or abstract",
R07200,S1,exclude,"S1: no audio, video or deepfake term in title or abstract",
R07201,S2,exclude,"S2 no human real-vs-fake judgment of AI-generated stimuli (detector, generator, dataset or other study)",
R07202,S1b,exclude,S1b: no human-study term in title or abstract,
R07203,S1b,exclude,S1b: no human-study term in title or abstract,
R07204,S1b,exclude,S1b: no human-study term in title or abstract,
R07205,S1,exclude,"S1: no audio, video or deepfake term in title or abstract",
R07206,S1,exclude,"S1: no audio, video or deepfake term in title or abstract",
R07207,S1,exclude,"S1: no audio, video or deepfake term in title or abstract",
R07208,S1,exclude,"S1: no audio, video or deepfake term in title or abstract",
R07209,S1b,exclude,S1b: no human-study term in title or abstract,
R07210,S1,exclude,"S1: no audio, video or deepfake term in title or abstract",
R07211,S1,exclude,"S1: no audio, video or deepfake term in title or abstract",
R07212,S1b,exclude,S1b: no human-study term in title or abstract,
R07213,S1,exclude,"S1: no audio, video or deepfake term in title or abstract",
R07214,S1,exclude,"S1: no audio, video or deepfake term in title or abstract",
R07215,S1,exclude,"S1: no audio, video or deepfake term in title or abstract",
R07216,S1,exclude,"S1: no audio, video or deepfake term in title or abstract",
R07217,S1,exclude,"S1: no audio, video or deepfake term in title or abstract",
R07218,S1,exclude,"S1: no audio, video or deepfake term in title or abstract",
R07219,S1b,exclude,S1b: no human-study term in title or abstract,
R07220,S2,exclude,"S2 no human real-vs-fake judgment of AI-generated stimuli (detector, generator, dataset or other study)",
R07221,S1,exclude,"S1: no audio, video or deepfake term in title or abstract",
R07222,S2,exclude,"S2 no human real-vs-fake judgment of AI-generated stimuli (detector, generator, dataset or other study)",
R07223,S1b,exclude,S1b: no human-study term in title or abstract,
R07224,S2,exclude,"S2 no human real-vs-fake judgment of AI-generated stimuli (detector, generator, dataset or other study)",
R07225,S2,exclude,"S2 no human real-vs-fake judgment of AI-generated stimuli (detector, generator, dataset or other study)",
R07226,S1,exclude,"S1: no audio, video or deepfake term in title or abstract",
R07227,S1,exclude,"S1: no audio, video or deepfake term in title or abstract",
R07228,S1,exclude,"S1: no audio, video or deepfake term in title or abstract",
R07229,S1b,exclude,S1b: no human-study term in title or abstract,
R07230,S1,exclude,"S1: no audio, video or deepfake term in title or abstract",
R07231,S2,exclude,"S2 no human real-vs-fake judgment of AI-generated stimuli (detector, generator, dataset or other study)",
R07232,S1,exclude,"S1: no audio, video or deepfake term in title or abstract",
R07233,S1b,exclude,S1b: no human-study term in title or abstract,
R07234,S1,exclude,"S1: no audio, video or deepfake term in title or abstract",
R07235,S1,exclude,"S1: no audio, video or deepfake term in title or abstract",
R07236,S1,exclude,"S1: no audio, video or deepfake term in title or abstract",
R07237,S1,exclude,"S1: no audio, video or deepfake term in title or abstract",
R07238,S2,exclude,"S2 no human real-vs-fake judgment of AI-generated stimuli (detector, generator, dataset or other study)",
R07239,S1,exclude,"S1: no audio, video or deepfake term in title or abstract",
R07240,S1b,exclude,S1b: no human-study term in title or abstract,
R07241,S1,exclude,"S1: no audio, video or deepfake term in title or abstract",
R07242,S1,exclude,"S1: no audio, video or deepfake term in title or abstract",
R07243,S2,exclude,"S2 no human real-vs-fake judgment of AI-generated stimuli (detector, generator, dataset or other study)",
R07244,S1,exclude,"S1: no audio, video or deepfake term in title or abstract",
R07245,S1,exclude,"S1: no audio, video or deepfake term in title or abstract",
R07246,S2,exclude,"S2 no human real-vs-fake judgment of AI-generated stimuli (detector, generator, dataset or other study)",
R07247,S1b,exclude,S1b: no human-study term in title or abstract,
R07248,S1b,exclude,S1b: no human-study term in title or abstract,
R07249,S2,exclude,"S2 no human real-vs-fake judgment of AI-generated stimuli (detector, generator, dataset or other study)",
R07250,S2,exclude,"S2 no human real-vs-fake judgment of AI-generated stimuli (detector, generator, dataset or other study)",
R07251,S1,exclude,"S1: no audio, video or deepfake term in title or abstract",
R07252,S1,exclude,"S1: no audio, video or deepfake term in title or abstract",
R07253,S1b,exclude,S1b: no human-study term in title or abstract,
R07254,S2,exclude,"S2 no human real-vs-fake judgment of AI-generated stimuli (detector, generator, dataset or other study)",
R07255,S2,exclude,"S2 no human real-vs-fake judgment of AI-generated stimuli (detector, generator, dataset or other study)",
R07256,S2,exclude,"S2 no human real-vs-fake judgment of AI-generated stimuli (detector, generator, dataset or other study)",
R07257,S1,exclude,"S1: no audio, video or deepfake term in title or abstract",
R07258,S1b,exclude,S1b: no human-study term in title or abstract,
R07259,S1b,exclude,S1b: no human-study term in title or abstract,
R07260,S2,exclude,"S2 no human real-vs-fake judgment of AI-generated stimuli (detector, generator, dataset or other study)",
R07261,S1,exclude,"S1: no audio, video or deepfake term in title or abstract",
R07262,S1,exclude,"S1: no audio, video or deepfake term in title or abstract",
R07263,S1b,exclude,S1b: no human-study term in title or abstract,
R07264,S1,exclude,"S1: no audio, video or deepfake term in title or abstract",
R07265,S1,exclude,"S1: no audio, video or deepfake term in title or abstract",
R07266,S1,exclude,"S1: no audio, video or deepfake term in title or abstract",
R07267,S1,exclude,"S1: no audio, video or deepfake term in title or abstract",
R07268,S2,exclude,"S2 no human real-vs-fake judgment of AI-generated stimuli (detector, generator, dataset or other study)",
R07269,S1,exclude,"S1: no audio, video or deepfake term in title or abstract",
R07270,S1,exclude,"S1: no audio, video or deepfake term in title or abstract",
R07271,S1,exclude,"S1: no audio, video or deepfake term in title or abstract",
R07272,S1,exclude,"S1: no audio, video or deepfake term in title or abstract",
R07273,S1b,exclude,S1b: no human-study term in title or abstract,
R07274,S1,exclude,"S1: no audio, video or deepfake term in title or abstract",
R07275,S1,exclude,"S1: no audio, video or deepfake term in title or abstract",
R07276,S1,exclude,"S1: no audio, video or deepfake term in title or abstract",
R07277,S2,exclude,"S2 no human real-vs-fake judgment of AI-generated stimuli (detector, generator, dataset or other study)",
R07278,S1,exclude,"S1: no audio, video or deepfake term in title or abstract",
R07279,S1,exclude,"S1: no audio, video or deepfake term in title or abstract",
R07280,S1,exclude,"S1: no audio, video or deepfake term in title or abstract",
R07281,S1,exclude,"S1: no audio, video or deepfake term in title or abstract",
R07282,S1,exclude,"S1: no audio, video or deepfake term in title or abstract",
R07283,S1,exclude,"S1: no audio, video or deepfake term in title or abstract",
R07284,S1,exclude,"S1: no audio, video or deepfake term in title or abstract",
R07285,S1b,exclude,S1b: no human-study term in title or abstract,
R07286,S1b,exclude,S1b: no human-study term in title or abstract,
R07287,S1,exclude,"S1: no audio, video or deepfake term in title or abstract",
R07288,S1,exclude,"S1: no audio, video or deepfake term in title or abstract",
R07289,S1b,exclude,S1b: no human-study term in title or abstract,
R07290,S1,exclude,"S1: no audio, video or deepfake term in title or abstract",
R07291,S1,exclude,"S1: no audio, video or deepfake term in title or abstract",
R07292,S1b,exclude,S1b: no human-study term in title or abstract,
R07293,S1b,exclude,S1b: no human-study term in title or abstract,
R07294,S1b,exclude,S1b: no human-study term in title or abstract,
R07295,S1,exclude,"S1: no audio, video or deepfake term in title or abstract",
R07296,S1,exclude,"S1: no audio, video or deepfake term in title or abstract",
R07297,S1,exclude,"S1: no audio, video or deepfake term in title or abstract",
R07298,S1b,exclude,S1b: no human-study term in title or abstract,
R07299,S2,exclude,"S2 no human real-vs-fake judgment of AI-generated stimuli (detector, generator, dataset or other study)",
R07300,S2,exclude,"S2 no human real-vs-fake judgment of AI-generated stimuli (detector, generator, dataset or other study)",
R07301,S1,exclude,"S1: no audio, video or deepfake term in title or abstract",
R07302,S1b,exclude,S1b: no human-study term in title or abstract,
R07303,S1,exclude,"S1: no audio, video or deepfake term in title or abstract",
R07304,S1b,exclude,S1b: no human-study term in title or abstract,
R07305,S1b,exclude,S1b: no human-study term in title or abstract,
R07306,S2,exclude,"S2 no human real-vs-fake judgment of AI-generated stimuli (detector, generator, dataset or other study)",
R07307,S1,exclude,"S1: no audio, video or deepfake term in title or abstract",
R07308,S1,exclude,"S1: no audio, video or deepfake term in title or abstract",
R07309,S2,exclude,"S2 no human real-vs-fake judgment of AI-generated stimuli (detector, generator, dataset or other study)",
R07310,S1,exclude,"S1: no audio, video or deepfake term in title or abstract",
R07311,S2,exclude,"S2 no human real-vs-fake judgment of AI-generated stimuli (detector, generator, dataset or other study)",
R07312,S1b,exclude,S1b: no human-study term in title or abstract,
R07313,S1,exclude,"S1: no audio, video or deepfake term in title or abstract",
R07314,S1b,exclude,S1b: no human-study term in title or abstract,
R07315,S2,exclude,"S2 no human real-vs-fake judgment of AI-generated stimuli (detector, generator, dataset or other study)",
R07316,S1,exclude,"S1: no audio, video or deepfake term in title or abstract",
R07317,S1b,exclude,S1b: no human-study term in title or abstract,
R07318,S1,exclude,"S1: no audio, video or deepfake term in title or abstract",
R07319,S1,exclude,"S1: no audio, video or deepfake term in title or abstract",
R07320,S1,exclude,"S1: no audio, video or deepfake term in title or abstract",
R07321,S1b,exclude,S1b: no human-study term in title or abstract,
R07322,S1,exclude,"S1: no audio, video or deepfake term in title or abstract",
R07323,S1,exclude,"S1: no audio, video or deepfake term in title or abstract",
R07324,S1,exclude,"S1: no audio, video or deepfake term in title or abstract",
R07325,S1b,exclude,S1b: no human-study term in title or abstract,
R07326,S1b,exclude,S1b: no human-study term in title or abstract,
R07327,S1b,exclude,S1b: no human-study term in title or abstract,
R07328,S1,exclude,"S1: no audio, video or deepfake term in title or abstract",
R07329,S1,exclude,"S1: no audio, video or deepfake term in title or abstract",
R07330,S1,exclude,"S1: no audio, video or deepfake term in title or abstract",
R07331,S1,exclude,"S1: no audio, video or deepfake term in title or abstract",
R07332,S2,exclude,"S2 no human real-vs-fake judgment of AI-generated stimuli (detector, generator, dataset or other study)",
R07333,S1,exclude,"S1: no audio, video or deepfake term in title or abstract",
R07334,S1,exclude,"S1: no audio, video or deepfake term in title or abstract",
R07335,S1,exclude,"S1: no audio, video or deepfake term in title or abstract",
R07336,S1b,exclude,S1b: no human-study term in title or abstract,
R07337,S1b,exclude,S1b: no human-study term in title or abstract,
R07338,S1,exclude,"S1: no audio, video or deepfake term in title or abstract",
R07339,S1,exclude,"S1: no audio, video or deepfake term in title or abstract",
R07340,S1,exclude,"S1: no audio, video or deepfake term in title or abstract",
R07341,S1,exclude,"S1: no audio, video or deepfake term in title or abstract",
R07342,S1,exclude,"S1: no audio, video or deepfake term in title or abstract",
R07343,S1,exclude,"S1: no audio, video or deepfake term in title or abstract",
R07344,S2,exclude,"S2 no human real-vs-fake judgment of AI-generated stimuli (detector, generator, dataset or other study)",
R07345,S1,exclude,"S1: no audio, video or deepfake term in title or abstract",
R07346,S1,exclude,"S1: no audio, video or deepfake term in title or abstract",
R07347,S1,exclude,"S1: no audio, video or deepfake term in title or abstract",
R07348,S1,exclude,"S1: no audio, video or deepfake term in title or abstract",
R07349,S1,exclude,"S1: no audio, video or deepfake term in title or abstract",
R07350,S1b,exclude,S1b: no human-study term in title or abstract,
R07351,S1,exclude,"S1: no audio, video or deepfake term in title or abstract",
R07352,S2,exclude,"S2 no human real-vs-fake judgment of AI-generated stimuli (detector, generator, dataset or other study)",
R07353,S1,exclude,"S1: no audio, video or deepfake term in title or abstract",
R07354,S1,exclude,"S1: no audio, video or deepfake term in title or abstract",
R07355,S1b,exclude,S1b: no human-study term in title or abstract,
R07356,S1,exclude,"S1: no audio, video or deepfake term in title or abstract",
R07357,S1,exclude,"S1: no audio, video or deepfake term in title or abstract",
R07358,S1b,exclude,S1b: no human-study term in title or abstract,
R07359,S2,exclude,"S2 no human real-vs-fake judgment of AI-generated stimuli (detector, generator, dataset or other study)",
R07360,S1,exclude,"S1: no audio, video or deepfake term in title or abstract",
R07361,S2,exclude,"S2 no human real-vs-fake judgment of AI-generated stimuli (detector, generator, dataset or other study)",
R07362,S1b,exclude,S1b: no human-study term in title or abstract,
R07363,S1,exclude,"S1: no audio, video or deepfake term in title or abstract",
R07364,S1,exclude,"S1: no audio, video or deepfake term in title or abstract",
R07365,S1b,exclude,S1b: no human-study term in title or abstract,
R07366,S1,exclude,"S1: no audio, video or deepfake term in title or abstract",
R07367,S1b,exclude,S1b: no human-study term in title or abstract,
R07368,S1b,exclude,S1b: no human-study term in title or abstract,
R07369,S1,exclude,"S1: no audio, video or deepfake term in title or abstract",
R07370,S1,exclude,"S1: no audio, video or deepfake term in title or abstract",
R07371,S1,exclude,"S1: no audio, video or deepfake term in title or abstract",
R07372,S1,exclude,"S1: no audio, video or deepfake term in title or abstract",
R07373,S1,exclude,"S1: no audio, video or deepfake term in title or abstract",
R07374,S1b,exclude,S1b: no human-study term in title or abstract,
R07375,S1,exclude,"S1: no audio, video or deepfake term in title or abstract",
R07376,S1,exclude,"S1: no audio, video or deepfake term in title or abstract",
R07377,S1,exclude,"S1: no audio, video or deepfake term in title or abstract",
R07378,S1,exclude,"S1: no audio, video or deepfake term in title or abstract",
R07379,S1,exclude,"S1: no audio, video or deepfake term in title or abstract",
R07380,S1b,exclude,S1b: no human-study term in title or abstract,
R07381,S1b,exclude,S1b: no human-study term in title or abstract,
R07382,S2,exclude,"S2 no human real-vs-fake judgment of AI-generated stimuli (detector, generator, dataset or other study)",
R07383,S1b,exclude,S1b: no human-study term in title or abstract,
R07384,S1,exclude,"S1: no audio, video or deepfake term in title or abstract",
R07385,S1,exclude,"S1: no audio, video or deepfake term in title or abstract",
R07386,S1,exclude,"S1: no audio, video or deepfake term in title or abstract",
R07387,S1,exclude,"S1: no audio, video or deepfake term in title or abstract",
R07388,S1,exclude,"S1: no audio, video or deepfake term in title or abstract",
R07389,S1,exclude,"S1: no audio, video or deepfake term in title or abstract",
R07390,S1,exclude,"S1: no audio, video or deepfake term in title or abstract",
R07391,S1,exclude,"S1: no audio, video or deepfake term in title or abstract",
R07392,S1b,exclude,S1b: no human-study term in title or abstract,
R07393,S2,exclude,"S2 no human real-vs-fake judgment of AI-generated stimuli (detector, generator, dataset or other study)",
R07394,S1,exclude,"S1: no audio, video or deepfake term in title or abstract",
R07395,S1b,exclude,S1b: no human-study term in title or abstract,
R07396,S1,exclude,"S1: no audio, video or deepfake term in title or abstract",
R07397,S1b,exclude,S1b: no human-study term in title or abstract,
R07398,S1,exclude,"S1: no audio, video or deepfake term in title or abstract",
R07399,S1b,exclude,S1b: no human-study term in title or abstract,
R07400,S1,exclude,"S1: no audio, video or deepfake term in title or abstract",
R07401,S2,exclude,"S2 no human real-vs-fake judgment of AI-generated stimuli (detector, generator, dataset or other study)",
R07402,S1,exclude,"S1: no audio, video or deepfake term in title or abstract",
R07403,S1,exclude,"S1: no audio, video or deepfake term in title or abstract",
R07404,S1b,exclude,S1b: no human-study term in title or abstract,
R07405,S1,exclude,"S1: no audio, video or deepfake term in title or abstract",
R07406,S1,exclude,"S1: no audio, video or deepfake term in title or abstract",
R07407,S1,exclude,"S1: no audio, video or deepfake term in title or abstract",
R07408,S1,exclude,"S1: no audio, video or deepfake term in title or abstract",
R07409,S1b,exclude,S1b: no human-study term in title or abstract,
R07410,S1,exclude,"S1: no audio, video or deepfake term in title or abstract",
R07411,S1b,exclude,S1b: no human-study term in title or abstract,
R07412,S2,exclude,"S2 no human real-vs-fake judgment of AI-generated stimuli (detector, generator, dataset or other study)",
R07413,S2,exclude,"S2 no human real-vs-fake judgment of AI-generated stimuli (detector, generator, dataset or other study)",
R07414,S1,exclude,"S1: no audio, video or deepfake term in title or abstract",
R07415,S1,exclude,"S1: no audio, video or deepfake term in title or abstract",
R07416,S1b,exclude,S1b: no human-study term in title or abstract,
R07417,S1,exclude,"S1: no audio, video or deepfake term in title or abstract",
R07418,S1b,exclude,S1b: no human-study term in title or abstract,
R07419,S1,exclude,"S1: no audio, video or deepfake term in title or abstract",
R07420,S1,exclude,"S1: no audio, video or deepfake term in title or abstract",
R07421,S1,exclude,"S1: no audio, video or deepfake term in title or abstract",
R07422,S1b,exclude,S1b: no human-study term in title or abstract,
R07423,S1b,exclude,S1b: no human-study term in title or abstract,
R07424,S1b,exclude,S1b: no human-study term in title or abstract,
R07425,S1b,exclude,S1b: no human-study term in title or abstract,
R07426,S1b,exclude,S1b: no human-study term in title or abstract,
R07427,S1,exclude,"S1: no audio, video or deepfake term in title or abstract",
R07428,S1,exclude,"S1: no audio, video or deepfake term in title or abstract",
R07429,S1,exclude,"S1: no audio, video or deepfake term in title or abstract",
R07430,S1,exclude,"S1: no audio, video or deepfake term in title or abstract",
R07431,S1,exclude,"S1: no audio, video or deepfake term in title or abstract",
R07432,S1,exclude,"S1: no audio, video or deepfake term in title or abstract",
R07433,S1b,exclude,S1b: no human-study term in title or abstract,
R07434,S1,exclude,"S1: no audio, video or deepfake term in title or abstract",
R07435,S1,exclude,"S1: no audio, video or deepfake term in title or abstract",
R07436,S1b,exclude,S1b: no human-study term in title or abstract,
R07437,S1,exclude,"S1: no audio, video or deepfake term in title or abstract",
R07438,S1,exclude,"S1: no audio, video or deepfake term in title or abstract",
R07439,S2,exclude,"S2 no human real-vs-fake judgment of AI-generated stimuli (detector, generator, dataset or other study)",
R07440,S1b,exclude,S1b: no human-study term in title or abstract,
R07441,S1,exclude,"S1: no audio, video or deepfake term in title or abstract",
R07442,S1,exclude,"S1: no audio, video or deepfake term in title or abstract",
R07443,S2,exclude,"S2 no human real-vs-fake judgment of AI-generated stimuli (detector, generator, dataset or other study)",
R07444,S1,exclude,"S1: no audio, video or deepfake term in title or abstract",
R07445,S1,exclude,"S1: no audio, video or deepfake term in title or abstract",
R07446,S2,exclude,"S2 no human real-vs-fake judgment of AI-generated stimuli (detector, generator, dataset or other study)",
R07447,S1,exclude,"S1: no audio, video or deepfake term in title or abstract",
R07448,S1,exclude,"S1: no audio, video or deepfake term in title or abstract",
R07449,S2,exclude,"S2 no human real-vs-fake judgment of AI-generated stimuli (detector, generator, dataset or other study)",
R07450,S3,not_retrieved,No abstract; unclear whether older adults judged real vs deepfake stimuli,full_text
R07451,S2,exclude,"S2 not an empirical study (review, survey of methods, commentary, legal or policy analysis)",
R07452,S1,exclude,"S1: no audio, video or deepfake term in title or abstract",
R07453,S1,exclude,"S1: no audio, video or deepfake term in title or abstract",
R07454,S3,include,490 US participants distinguished authentic vs AI-manipulated videos; accuracy and calibration,include
R07455,S3,include,90 participants identified real vs deepfake videos (balanced 240 videos) under three annotation conditions,full_text
R07456,S2,exclude,"S2 no human real-vs-fake judgment of AI-generated stimuli (detector, generator, dataset or other study)",
R07457,S2,exclude,"S2 no human real-vs-fake judgment of AI-generated stimuli (detector, generator, dataset or other study)",
R07458,S2,exclude,"S2 not an empirical study (review, survey of methods, commentary, legal or policy analysis)",
R07459,S2,exclude,"S2 no human real-vs-fake judgment of AI-generated stimuli (detector, generator, dataset or other study)",
R07460,S2,exclude,"S2 no human real-vs-fake judgment of AI-generated stimuli (detector, generator, dataset or other study)",
R07461,S2,exclude,"S2 no human real-vs-fake judgment of AI-generated stimuli (detector, generator, dataset or other study)",
R07462,S2,exclude,"S2 no human real-vs-fake judgment of AI-generated stimuli (detector, generator, dataset or other study)",
R07463,S2,exclude,"S2 no human real-vs-fake judgment of AI-generated stimuli (detector, generator, dataset or other study)",
R07464,S2,exclude,"S2 no human real-vs-fake judgment of AI-generated stimuli (detector, generator, dataset or other study)",
R07465,S1,exclude,"S1: no audio, video or deepfake term in title or abstract",
R07466,S2,exclude,"S2 no human real-vs-fake judgment of AI-generated stimuli (detector, generator, dataset or other study)",
R07467,S1,exclude,"S1: no audio, video or deepfake term in title or abstract",
R07468,S1,exclude,"S1: no audio, video or deepfake term in title or abstract",
R07469,S1,exclude,"S1: no audio, video or deepfake term in title or abstract",
R07470,S2,exclude,"S2 no human real-vs-fake judgment of AI-generated stimuli (detector, generator, dataset or other study)",
R07471,S3,exclude,E1: automatic deepfake voice detectors only; no listener test,full_text
R07472,S2,exclude,"S2 no human real-vs-fake judgment of AI-generated stimuli (detector, generator, dataset or other study)",
R07473,S3,not_retrieved,Third-person perceptions preprint; unclear if an actual detection task exists,full_text
R07474,S2,exclude,"S2 no human real-vs-fake judgment of AI-generated stimuli (detector, generator, dataset or other study)",
R07475,S1,exclude,"S1: no audio, video or deepfake term in title or abstract",
R07476,S2,exclude,"S2 no human real-vs-fake judgment of AI-generated stimuli (detector, generator, dataset or other study)",
R07477,S2,exclude,"S2 no human real-vs-fake judgment of AI-generated stimuli (detector, generator, dataset or other study)",
R07478,S2,exclude,"S2 no human real-vs-fake judgment of AI-generated stimuli (detector, generator, dataset or other study)",
R07479,S2,exclude,"S2 no human real-vs-fake judgment of AI-generated stimuli (detector, generator, dataset or other study)",
R07480,S2,exclude,"S2 no human real-vs-fake judgment of AI-generated stimuli (detector, generator, dataset or other study)",
R07481,S2,exclude,"S2 no human real-vs-fake judgment of AI-generated stimuli (detector, generator, dataset or other study)",
R07482,S1,exclude,"S1: no audio, video or deepfake term in title or abstract",
R07483,S1,exclude,"S1: no audio, video or deepfake term in title or abstract",
R07484,S2,exclude,"S2 no human real-vs-fake judgment of AI-generated stimuli (detector, generator, dataset or other study)",
R07485,S1,exclude,"S1: no audio, video or deepfake term in title or abstract",
R07486,S1,exclude,"S1: no audio, video or deepfake term in title or abstract",
R07487,S1,exclude,"S1: no audio, video or deepfake term in title or abstract",
R07488,S1,exclude,"S1: no audio, video or deepfake term in title or abstract",
R07489,S2,exclude,"S2 no human real-vs-fake judgment of AI-generated stimuli (detector, generator, dataset or other study)",
R07490,S1,exclude,"S1: no audio, video or deepfake term in title or abstract",
R07491,S1,exclude,"S1: no audio, video or deepfake term in title or abstract",
R07492,S1,exclude,"S1: no audio, video or deepfake term in title or abstract",
R07493,S2,exclude,"S2 no human real-vs-fake judgment of AI-generated stimuli (detector, generator, dataset or other study)",
R07494,S3,include,Participants shown Obama/Peele deepfake asked whether Obama said it; deception rate reported,full_text
R07495,S1,exclude,"S1: no audio, video or deepfake term in title or abstract",
R07496,S2,exclude,"S2 no human real-vs-fake judgment of AI-generated stimuli (detector, generator, dataset or other study)",
R07497,S1,exclude,"S1: no audio, video or deepfake term in title or abstract",
R07498,S1,exclude,"S1: no audio, video or deepfake term in title or abstract",
R07499,S2,exclude,"S2 no human real-vs-fake judgment of AI-generated stimuli (detector, generator, dataset or other study)",
R07500,S2,exclude,S2 stimuli are not audio or video (text or still images),
R07501,S2,exclude,"S2 no human real-vs-fake judgment of AI-generated stimuli (detector, generator, dataset or other study)",
R07502,S2,exclude,"S2 no human real-vs-fake judgment of AI-generated stimuli (detector, generator, dataset or other study)",
R07503,S2,exclude,"S2 no human real-vs-fake judgment of AI-generated stimuli (detector, generator, dataset or other study)",
R07504,S2,exclude,"S2 no human real-vs-fake judgment of AI-generated stimuli (detector, generator, dataset or other study)",
R07505,S2,exclude,"S2 no human real-vs-fake judgment of AI-generated stimuli (detector, generator, dataset or other study)",
R07506,S1,exclude,"S1: no audio, video or deepfake term in title or abstract",
R07507,S1,exclude,"S1: no audio, video or deepfake term in title or abstract",
R07508,S2,exclude,"S2 no human real-vs-fake judgment of AI-generated stimuli (detector, generator, dataset or other study)",
R07509,S1,exclude,"S1: no audio, video or deepfake term in title or abstract",
R07510,S2,exclude,S2 stimuli are not audio or video (text or still images),
R07511,S1,exclude,"S1: no audio, video or deepfake term in title or abstract",
R07512,S1,exclude,"S1: no audio, video or deepfake term in title or abstract",
R07513,S2,exclude,S2 stimuli are not audio or video (text or still images),
R07514,S2,exclude,"S2 no human real-vs-fake judgment of AI-generated stimuli (detector, generator, dataset or other study)",
R07515,S3,include,Participants exposed to deepfakes then tested on detection of new deepfakes,include
R07516,S2,exclude,S2 stimuli are not audio or video (text or still images),
R07517,S1,exclude,"S1: no audio, video or deepfake term in title or abstract",
R07518,S2,exclude,"S2 no human real-vs-fake judgment of AI-generated stimuli (detector, generator, dataset or other study)",
R07519,S1,exclude,"S1: no audio, video or deepfake term in title or abstract",
R07520,S1,exclude,"S1: no audio, video or deepfake term in title or abstract",
R07521,S1,exclude,"S1: no audio, video or deepfake term in title or abstract",
R07522,S2,exclude,"S2 no human real-vs-fake judgment of AI-generated stimuli (detector, generator, dataset or other study)",
R07523,S1,exclude,"S1: no audio, video or deepfake term in title or abstract",
R07524,S2,exclude,"S2 no human real-vs-fake judgment of AI-generated stimuli (detector, generator, dataset or other study)",
R07525,S1,exclude,"S1: no audio, video or deepfake term in title or abstract",
R07526,S2,exclude,"S2 not an empirical study (review, survey of methods, commentary, legal or policy analysis)",
R07527,S1,exclude,"S1: no audio, video or deepfake term in title or abstract",
R07528,S3,include,Participants identified authentic vs deepfake climate videos as authentic or manipulated,full_text
R07529,S2,exclude,"S2 no human real-vs-fake judgment of AI-generated stimuli (detector, generator, dataset or other study)",
R07530,S2,exclude,"S2 no human real-vs-fake judgment of AI-generated stimuli (detector, generator, dataset or other study)",
R07531,S2,exclude,"S2 no human real-vs-fake judgment of AI-generated stimuli (detector, generator, dataset or other study)",
R07532,S1,exclude,"S1: no audio, video or deepfake term in title or abstract",
R07533,S3,exclude,"E4: no real-vs-fake judgment; manipulation noticed by nobody, only situation authenticity rating",full_text
R07534,S1,exclude,"S1: no audio, video or deepfake term in title or abstract",
R07535,S1,exclude,"S1: no audio, video or deepfake term in title or abstract",
R07536,S2,exclude,"S2 no human real-vs-fake judgment of AI-generated stimuli (detector, generator, dataset or other study)",
R07537,S2,exclude,"S2 humans rate quality or naturalness only, no real-vs-fake judgment",
R07538,S1,exclude,"S1: no audio, video or deepfake term in title or abstract",
R07539,S2,exclude,"S2 no human real-vs-fake judgment of AI-generated stimuli (detector, generator, dataset or other study)",
R07540,S2,exclude,"S2 no human real-vs-fake judgment of AI-generated stimuli (detector, generator, dataset or other study)",
R07541,S2,exclude,"S2 no human real-vs-fake judgment of AI-generated stimuli (detector, generator, dataset or other study)",
R07542,S1,exclude,"S1: no audio, video or deepfake term in title or abstract",
R07543,S2,exclude,"S2 no human real-vs-fake judgment of AI-generated stimuli (detector, generator, dataset or other study)",
R07544,S1,exclude,"S1: no audio, video or deepfake term in title or abstract",
R07545,S1,exclude,"S1: no audio, video or deepfake term in title or abstract",
R07546,S1,exclude,"S1: no audio, video or deepfake term in title or abstract",
R07547,S2,exclude,"S2 no human real-vs-fake judgment of AI-generated stimuli (detector, generator, dataset or other study)",
R07548,S1,exclude,"S1: no audio, video or deepfake term in title or abstract",
R07549,S1,exclude,"S1: no audio, video or deepfake term in title or abstract",
R07550,S1,exclude,"S1: no audio, video or deepfake term in title or abstract",
R07551,S1,exclude,"S1: no audio, video or deepfake term in title or abstract",
R07552,S1,exclude,"S1: no audio, video or deepfake term in title or abstract",
R07553,S2,exclude,"S2 no human real-vs-fake judgment of AI-generated stimuli (detector, generator, dataset or other study)",
R07554,S1,exclude,"S1: no audio, video or deepfake term in title or abstract",
R07555,S2,exclude,"S2 no human real-vs-fake judgment of AI-generated stimuli (detector, generator, dataset or other study)",
R07556,S1,exclude,"S1: no audio, video or deepfake term in title or abstract",
R07557,S1,exclude,"S1: no audio, video or deepfake term in title or abstract",
R07558,S1,exclude,"S1: no audio, video or deepfake term in title or abstract",
R07559,S1,exclude,"S1: no audio, video or deepfake term in title or abstract",
R07560,S1,exclude,"S1: no audio, video or deepfake term in title or abstract",
R07561,S1,exclude,"S1: no audio, video or deepfake term in title or abstract",
R07562,S2,exclude,"S2 no human real-vs-fake judgment of AI-generated stimuli (detector, generator, dataset or other study)",
R07563,S2,exclude,"S2 no human real-vs-fake judgment of AI-generated stimuli (detector, generator, dataset or other study)",
R07564,S1,exclude,"S1: no audio, video or deepfake term in title or abstract",
R07565,S1,exclude,"S1: no audio, video or deepfake term in title or abstract",
R07566,S1,exclude,"S1: no audio, video or deepfake term in title or abstract",
R07567,S1,exclude,"S1: no audio, video or deepfake term in title or abstract",
R07568,S2,exclude,"S2 no human real-vs-fake judgment of AI-generated stimuli (detector, generator, dataset or other study)",
R07569,S1,exclude,"S1: no audio, video or deepfake term in title or abstract",
R07570,S1,exclude,"S1: no audio, video or deepfake term in title or abstract",
R07571,S1,exclude,"S1: no audio, video or deepfake term in title or abstract",
R07572,S1,exclude,"S1: no audio, video or deepfake term in title or abstract",
R07573,S1,exclude,"S1: no audio, video or deepfake term in title or abstract",
R07574,S1,exclude,"S1: no audio, video or deepfake term in title or abstract",
R07575,S2,exclude,"S2 no human real-vs-fake judgment of AI-generated stimuli (detector, generator, dataset or other study)",
R07576,S2,exclude,S2 stimuli are not audio or video (text or still images),
R07577,S2,exclude,"S2 no human real-vs-fake judgment of AI-generated stimuli (detector, generator, dataset or other study)",
R07578,S2,exclude,"S2 no human real-vs-fake judgment of AI-generated stimuli (detector, generator, dataset or other study)",
R07579,S1,exclude,"S1: no audio, video or deepfake term in title or abstract",
R07580,S1,exclude,"S1: no audio, video or deepfake term in title or abstract",
R07581,S1,exclude,"S1: no audio, video or deepfake term in title or abstract",
R07582,S2,exclude,"S2 no human real-vs-fake judgment of AI-generated stimuli (detector, generator, dataset or other study)",
R07583,S2,exclude,"S2 no human real-vs-fake judgment of AI-generated stimuli (detector, generator, dataset or other study)",
R07584,S2,exclude,"S2 no human real-vs-fake judgment of AI-generated stimuli (detector, generator, dataset or other study)",
R07585,S3,not_retrieved,No abstract/full text; content type unclear (probably GAN images),full_text
R07586,S1,exclude,"S1: no audio, video or deepfake term in title or abstract",
R07587,S2,exclude,"S2 no human real-vs-fake judgment of AI-generated stimuli (detector, generator, dataset or other study)",
R07588,S1,exclude,"S1: no audio, video or deepfake term in title or abstract",
R07589,S1,exclude,"S1: no audio, video or deepfake term in title or abstract",
R07590,S1,exclude,"S1: no audio, video or deepfake term in title or abstract",
R07591,S1,exclude,"S1: no audio, video or deepfake term in title or abstract",
R07592,S2,exclude,S2 stimuli are not audio or video (text or still images),
R07593,S2,exclude,"S2 no human real-vs-fake judgment of AI-generated stimuli (detector, generator, dataset or other study)",
R07594,S2,exclude,"S2 no human real-vs-fake judgment of AI-generated stimuli (detector, generator, dataset or other study)",
R07595,S1,exclude,"S1: no audio, video or deepfake term in title or abstract",
R07596,S3,exclude,E4: survey of presumed influence/perceived ability to discern deepfakes; no detection task,full_text
R07597,S1,exclude,"S1: no audio, video or deepfake term in title or abstract",
R07598,S1,exclude,"S1: no audio, video or deepfake term in title or abstract",
R07599,S1,exclude,"S1: no audio, video or deepfake term in title or abstract",
R07600,S1,exclude,"S1: no audio, video or deepfake term in title or abstract",
R07601,S1,exclude,"S1: no audio, video or deepfake term in title or abstract",
R07602,S2,exclude,"S2 no human real-vs-fake judgment of AI-generated stimuli (detector, generator, dataset or other study)",
R07603,S1,exclude,"S1: no audio, video or deepfake term in title or abstract",
R07604,S2,exclude,S2 E3 (meta-analysis of deepfake experiments; reference list to be checked in Stage 3),
R07605,S2,exclude,S2 stimuli are not audio or video (text or still images),
R07606,S1,exclude,"S1: no audio, video or deepfake term in title or abstract",
R07607,S1,exclude,"S1: no audio, video or deepfake term in title or abstract",
R07608,S1,exclude,"S1: no audio, video or deepfake term in title or abstract",
R07609,S2,exclude,"S2 no human real-vs-fake judgment of AI-generated stimuli (detector, generator, dataset or other study)",
