study_id,record_ids,row_id,dependence_id,group_label,modality,language,n_participants,trials_per_participant,n_real_stimuli,n_fake_stimuli,task_format,chance,accuracy_pct,accuracy_sd,hit_rate_pct,false_alarm_pct,dprime,auc,pct_fake_judged_real,outcome_quote,generator_verbatim,generator_share,curation,post_processing,channel,participant_type,training_feedback,data_collection,familiar,stimulus_length_s,fake_only,minors_included,source_read,extraction_confidence,notes,merge_note
ST001,R00008;R00422;R00424,ST001-a,ST001-D1,"Experiment 1 (2AFC, nonrecruited website visitors, >=10 pairs)",video,English,882,,56,56,paired/2AFC,0.5,,,,,,,,"p.3: 'we examined the accuracy of all participants who saw at least 10 pairs of videos, for a total of 882 participants'; 'Eighty-two percent of participants outperform the leading model, which achieves 65% accuracy'; '56 pairs of videos in experiment 1 were sampled from the DFDC training dataset'",Deepfake Detection Challenge (DFDC) dataset videos,,raw,,lab,general public,"1; arXiv preprint: 'After each selection, participants were told which video was a deepfake and which was the original.'",,0,10,0,unclear,https://perception.jhu.edu/files/PDFs/22_Deepfakes/GrohEtAl_DeepfakeDetection_2022_PNAS.pdf; https://arxiv.org/pdf/2105.06496,high,"NUMBERS MISSING: no mean accuracy reported for Exp 1 (only share of participants beating model at 65%, and per-pair distribution); candidate for author contact. Website consent text allows under-18 with parental consent; minors not separable. trials_per_participant varies (>=10 pairs).",
ST001,R00008;R00422;R00424,ST001-b,ST001-D2,"Experiment 2, recruited (Prolific), initial response before model prediction",video,English,304,20,25,25,single-item yes/no,0.5,66,,57,25,,,,"p.3: '304 individuals were recruited from Prolific and completed 6,390 trials'; 'All but three participants viewed 20 videos'; 'recruited participants accurately identified deepfakes from the randomly sampled holdout videos in 66% of attempts'; 'recruited participants accurately identified deepfakes as deepfakes in 57% of attempts'; real videos identified as real in '75% of participants' observations'; '50 videos randomly sampled from the competition holdout dataset (half deepfake and half nonmanipulated)'",Deepfake Detection Challenge (DFDC) dataset videos,,raw,,lab,general public,0; no trial feedback on initial response; model prediction shown only after initial response (post-update accuracy 73% not used),,0,10,0,0,https://perception.jhu.edu/files/PDFs/22_Deepfakes/GrohEtAl_DeepfakeDetection_2022_PNAS.pdf; https://arxiv.org/pdf/2105.06496,high,computed: false_alarm_pct = 100 - 75 (real judged real). Post-model-advice accuracy 66->73% not extracted as primary. Response was a slider (likelihood deepfake) dichotomized by authors; coded yes/no.,
ST001,R00008;R00422;R00424,ST001-c,ST001-D3,"Experiment 2, nonrecruited (organic website visitors), initial response",video,English,9188,,25,25,single-item yes/no,0.5,69,,,,,,,"p.3: '9,188 individuals found our website organically and completed 67,647 trials'; 'nonrecruited participants accurately identified videos in 69% of trials'",Deepfake Detection Challenge (DFDC) dataset videos,,raw,,lab,general public,unclear,November 2020 - January 2021 (per extraction reading of p.3; verify),0,10,0,unclear,https://perception.jhu.edu/files/PDFs/22_Deepfakes/GrohEtAl_DeepfakeDetection_2022_PNAS.pdf; https://arxiv.org/pdf/2105.06496,high,Trials per participant vary ('over half viewed seven videos'); accuracy is trial-level. Minors allowed with parental consent per consent text; not separable.,
ST002,R00014,ST002-a,ST002-D1,Naturalness study (real vs AI voice),audio,English,300,40,,,single-item yes/no,0.5,64.1,,60.8,32.6,,,,"Results: 'When the audio clip contained a real voice, participants were correct on average 67.4% of the time (standard deviation 14.8%). Similarly, when the audio clip was one of our AI clones, participants were correct 60.8% of the time (standard deviation 16.7%).' Methods: 'split into two groups of 304 and 300 for the identity and naturalness studies'; batch of 44 stimuli: 'Thirty of these stimuli contained scripted single-sentence responses, 10 were unscripted responses, and 4 were attention checks'; arXiv: 'Half of the audio clips were real and half were AI generated. Participants were not told of this distribution.'",ElevenLabs' Instant Voice Cloning API,,raw,,lab,general public,1; 'participants were given two examples of real voices and two examples of AI-generated voices to set expectations'; no trial feedback,,0,5.37,0,0,https://www.nature.com/articles/s41598-025-94170-3; https://arxiv.org/html/2410.03791,high,"computed: accuracy_pct = (67.4 + 60.8)/2 with half real/half fake; false_alarm_pct = 100 - 67.4. SDs are per stimulus type (real 14.8, fake 16.7), overall SD not reported. Real speakers from DeepSpeak dataset, >200 identities, mean clip 5.37 s (range 0.88-52.57). n=300 is group size recruited; arXiv preprint may report 299 after attention checks (unverified). Identity-matching task (other 304 participants) not extracted.",
ST003,R00024,ST003-a,ST003-D1,"Unary scenario (single clip), English + Mandarin, familiarization + control pooled",audio,English; Mandarin (pooled),260,20,50,50,single-item yes/no,0.5,70.35,,73.0,32.22,,,,"Table 3 (unary confusion matrix): True Real (2,598): predicted Real 1,761, predicted Fake 837; True Fake (2,522): predicted Real 681, predicted Fake 1,841. 'n = 5,120. Overall accuracy = 70.35%. Reals correctly identified = 67.78%. Fakes correctly identified = 73.0%.' Table 2 unary n: English 76 + 65, Mandarin 65 + 54. Methods: 'We presented 20 randomly chosen distinct clips to each participant'","VITS (trained on LJSpeech for English, CSMSC for Mandarin)",,raw,,lab,general public,mixed: about half of participants (familiarization groups) heard five labelled deepfake utterances before the task; 'We did not give feedback to the participants to inform them if their choices were correct.',,0,2-11,0,0,https://journals.plos.org/plosone/article/file?id=10.1371/journal.pone.0285333&type=printable,high,"computed: false_alarm_pct = 837/2598. Pooled over two languages and familiarization/control arms; per-arm accuracies not reported (only 'familiarization treatment increases detection accuracy by 3.84%'; unary +3.76%; Mandarin +1.79% vs English). n from Table 2 sums to 260 but 5,120 trials / 20 = 256. Stimulus counts are per language (50 real LJSpeech/CSMSC + 50 VITS per language).",
ST003,R00024,ST003-b,ST003-D2,"Binary scenario (paired real vs fake of same sentence), English + Mandarin, familiarization + control pooled",audio,English; Mandarin (pooled),269,20,50,50,paired/2AFC,0.5,85.59,,,,,,,"Table 4 (binary): True Fake (5,380): predicted Real 775, predicted Fake 4,605. 'Overall accuracy is equivalent to fakes correctly identified = 85.59%.' Table 2 binary n: English 60 + 80, Mandarin 70 + 59. Methods: '20 randomly chosen clip pairs'","VITS (trained on LJSpeech for English, CSMSC for Mandarin)",,raw,,lab,general public,mixed: about half of participants (familiarization groups) heard five labelled deepfake utterances before the task; 'We did not give feedback to the participants to inform them if their choices were correct.',,0,2-11,0,0,https://journals.plos.org/plosone/article/file?id=10.1371/journal.pone.0285333&type=printable,high,Pooled over languages and familiarization arms; binary familiarization effect +3.85% (per-arm values not reported). Stimulus counts per language.,
ST004,R00030,ST004-a,ST004-D1,"All participants (control, awareness, financial incentive pooled)",video,English,210,16,16,16,single-item yes/no,0.5,57.6,11.6,40.2,25.0,0.484,,,"Results: 'The overall accuracy level of 57.6% (SD = 11.6) exceeds chance levels according to a one-sample t test (t(209) = 9.539, p < .001...)'; 'an average d' of 0.484'; 'they guessed authentic 67.4% of the time'; 'neither raising awareness nor financial incentives increase detection accuracy (one-way ANOVA: F(2,207) = 0.276, p = 0.759)'. Methods: 'randomly sampled 16 target videos'; 'eight authentic videos and eight deepfakes' per participant; groups Control n=74, Awareness n=64, Financial Incentive n=72",MIT project DetectDeepfake: 'the most difficult videos for AI classifiers to classify from Kaggle's DeepFake Detection Challenge' (DFDC),,adversarial,,lab,general public,0; no accuracy feedback until end of study,,0,10,0,0,https://pure.uva.nl/ws/files/67787899/1_s2.0_S2589004221013353_main.pdf,high,"computed: with 8 real + 8 fake per participant, pct judged fake = 100 - 67.4 = 32.6; hit = accuracy + pct_judged_fake - 50 = 40.2; FA = pct_judged_fake - (accuracy - 50) = 25.0 (exact algebra, inputs rounded to 0.1). Per-arm accuracies not reported numerically (ANOVA n.s.). Curated as adversarial because stimuli were drawn from DFDC videos hardest for AI classifiers. Prolific, 83.8% UK. Bias c = 0.518.",
ST005,R00045,ST005-a,ST005-D1,Exp 1a silent video without subtitles,video,English,501,,16,16,single-item yes/no,0.5,64,,,,,,,"Results Exp 1a (N=501 Prolific, 16,011 observations): 'accuracy by modality from lowest to highest starts with transcripts at 57% accuracy followed by silent videos without subtitles at 64% accuracy, silent videos with subtitles at 69% accuracy, audio (with and without subtitles) at 81% accuracy, video with audio and subtitles at 85% accuracy, and video with audio but no subtitles at 86% accuracy'",Presidential Deepfakes Dataset (PDD): 'applying a deepfake lip-syncing algorithm to real videos' (Wav2Lip); fabricated audio by 'professional voice-actors reading the script',,curated,,lab,general public,1; after each response participants were informed whether the stimulus was real or fabricated,2021-03-20 to 2021-04-08,1,,0,0,https://www.nature.com/articles/s41467-024-51998-z; https://mattgroh.com/pdfs/political_deepfakes.pdf (arXiv 2202.12883 preprint version),high,"n_participants is Exp 1a total (modality randomized within participant). Exp 1 fabricated audio is human voice-actor impersonation (non-generative), so audio-only arm (81% in 1a, 74% in 1b) and transcript arm are NOT extracted; audiovisual rows have AI lip-sync visuals with human voice-actor audio. Modality assigned per trial within participant (7 permutations over 32 stimuli), so trials per row not fixed. Speakers are Biden and Trump (familiar).",
ST005,R00045,ST005-b,ST005-D1,Exp 1a silent video with subtitles,video,English,501,,16,16,single-item yes/no,0.5,69,,,,,,,"Results Exp 1a (N=501 Prolific, 16,011 observations): 'accuracy by modality from lowest to highest starts with transcripts at 57% accuracy followed by silent videos without subtitles at 64% accuracy, silent videos with subtitles at 69% accuracy, audio (with and without subtitles) at 81% accuracy, video with audio and subtitles at 85% accuracy, and video with audio but no subtitles at 86% accuracy'",Presidential Deepfakes Dataset (PDD): 'applying a deepfake lip-syncing algorithm to real videos' (Wav2Lip); fabricated audio by 'professional voice-actors reading the script',,curated,,lab,general public,1; after each response participants were informed whether the stimulus was real or fabricated,2021-03-20 to 2021-04-08,1,,0,0,https://www.nature.com/articles/s41467-024-51998-z; https://mattgroh.com/pdfs/political_deepfakes.pdf (arXiv 2202.12883 preprint version),high,"n_participants is Exp 1a total (modality randomized within participant). Exp 1 fabricated audio is human voice-actor impersonation (non-generative), so audio-only arm (81% in 1a, 74% in 1b) and transcript arm are NOT extracted; audiovisual rows have AI lip-sync visuals with human voice-actor audio. Modality assigned per trial within participant (7 permutations over 32 stimuli), so trials per row not fixed. Speakers are Biden and Trump (familiar).",
ST005,R00045,ST005-c,ST005-D1,Exp 1a video with audio and subtitles,audiovisual,English,501,,16,16,single-item yes/no,0.5,85,,,,,,,"Results Exp 1a (N=501 Prolific, 16,011 observations): 'accuracy by modality from lowest to highest starts with transcripts at 57% accuracy followed by silent videos without subtitles at 64% accuracy, silent videos with subtitles at 69% accuracy, audio (with and without subtitles) at 81% accuracy, video with audio and subtitles at 85% accuracy, and video with audio but no subtitles at 86% accuracy'",Presidential Deepfakes Dataset (PDD): 'applying a deepfake lip-syncing algorithm to real videos' (Wav2Lip); fabricated audio by 'professional voice-actors reading the script',,curated,,lab,general public,1; after each response participants were informed whether the stimulus was real or fabricated,2021-03-20 to 2021-04-08,1,,0,0,https://www.nature.com/articles/s41467-024-51998-z; https://mattgroh.com/pdfs/political_deepfakes.pdf (arXiv 2202.12883 preprint version),high,"n_participants is Exp 1a total (modality randomized within participant). Exp 1 fabricated audio is human voice-actor impersonation (non-generative), so audio-only arm (81% in 1a, 74% in 1b) and transcript arm are NOT extracted; audiovisual rows have AI lip-sync visuals with human voice-actor audio. Modality assigned per trial within participant (7 permutations over 32 stimuli), so trials per row not fixed. Speakers are Biden and Trump (familiar).",
ST005,R00045,ST005-d,ST005-D1,"Exp 1a video with audio, no subtitles",audiovisual,English,501,,16,16,single-item yes/no,0.5,86,,,,,,,"Results Exp 1a (N=501 Prolific, 16,011 observations): 'accuracy by modality from lowest to highest starts with transcripts at 57% accuracy followed by silent videos without subtitles at 64% accuracy, silent videos with subtitles at 69% accuracy, audio (with and without subtitles) at 81% accuracy, video with audio and subtitles at 85% accuracy, and video with audio but no subtitles at 86% accuracy'",Presidential Deepfakes Dataset (PDD): 'applying a deepfake lip-syncing algorithm to real videos' (Wav2Lip); fabricated audio by 'professional voice-actors reading the script',,curated,,lab,general public,1; after each response participants were informed whether the stimulus was real or fabricated,2021-03-20 to 2021-04-08,1,,0,0,https://www.nature.com/articles/s41467-024-51998-z; https://mattgroh.com/pdfs/political_deepfakes.pdf (arXiv 2202.12883 preprint version),high,"n_participants is Exp 1a total (modality randomized within participant). Exp 1 fabricated audio is human voice-actor impersonation (non-generative), so audio-only arm (81% in 1a, 74% in 1b) and transcript arm are NOT extracted; audiovisual rows have AI lip-sync visuals with human voice-actor audio. Modality assigned per trial within participant (7 permutations over 32 stimuli), so trials per row not fixed. Speakers are Biden and Trump (familiar).",
ST005,R00045,ST005-e,ST005-D2,Exp 1b silent video (with and without subtitles),video,English,41313,,16,16,single-item yes/no,0.5,65,,,,,,,"Results Exp 1b (41,313 nonrecruited, 416,901 observations): 'accuracy by modality from lowest to highest starts with transcripts at 43% accuracy followed by silent videos (with and without subtitles) at 65% accuracy, audio (with and without subtitles) at 74% accuracy, video with audio and subtitles at 82% accuracy, and video with audio but no subtitles at 83% accuracy'",Presidential Deepfakes Dataset (PDD): 'applying a deepfake lip-syncing algorithm to real videos' (Wav2Lip); fabricated audio by 'professional voice-actors reading the script',,curated,,lab,general public,1; after each response participants were informed whether the stimulus was real or fabricated,2021-03-19 to 2022-06-30,1,,0,unclear,https://www.nature.com/articles/s41467-024-51998-z; https://mattgroh.com/pdfs/political_deepfakes.pdf (arXiv 2202.12883 preprint version),high,"Nonrecruited website visitors; accuracy is observation-level; no age restriction reported. Exp 1 fabricated audio is human voice-actor impersonation (non-generative), so audio-only arm (81% in 1a, 74% in 1b) and transcript arm are NOT extracted; audiovisual rows have AI lip-sync visuals with human voice-actor audio. Modality assigned per trial within participant (7 permutations over 32 stimuli), so trials per row not fixed. Speakers are Biden and Trump (familiar).",
ST005,R00045,ST005-f,ST005-D2,Exp 1b video with audio and subtitles,audiovisual,English,41313,,16,16,single-item yes/no,0.5,82,,,,,,,"Results Exp 1b (41,313 nonrecruited, 416,901 observations): 'accuracy by modality from lowest to highest starts with transcripts at 43% accuracy followed by silent videos (with and without subtitles) at 65% accuracy, audio (with and without subtitles) at 74% accuracy, video with audio and subtitles at 82% accuracy, and video with audio but no subtitles at 83% accuracy'",Presidential Deepfakes Dataset (PDD): 'applying a deepfake lip-syncing algorithm to real videos' (Wav2Lip); fabricated audio by 'professional voice-actors reading the script',,curated,,lab,general public,1; after each response participants were informed whether the stimulus was real or fabricated,2021-03-19 to 2022-06-30,1,,0,unclear,https://www.nature.com/articles/s41467-024-51998-z; https://mattgroh.com/pdfs/political_deepfakes.pdf (arXiv 2202.12883 preprint version),high,"Nonrecruited website visitors; accuracy is observation-level; no age restriction reported. Exp 1 fabricated audio is human voice-actor impersonation (non-generative), so audio-only arm (81% in 1a, 74% in 1b) and transcript arm are NOT extracted; audiovisual rows have AI lip-sync visuals with human voice-actor audio. Modality assigned per trial within participant (7 permutations over 32 stimuli), so trials per row not fixed. Speakers are Biden and Trump (familiar).",
ST005,R00045,ST005-g,ST005-D2,"Exp 1b video with audio, no subtitles",audiovisual,English,41313,,16,16,single-item yes/no,0.5,83,,,,,,,"Results Exp 1b (41,313 nonrecruited, 416,901 observations): 'accuracy by modality from lowest to highest starts with transcripts at 43% accuracy followed by silent videos (with and without subtitles) at 65% accuracy, audio (with and without subtitles) at 74% accuracy, video with audio and subtitles at 82% accuracy, and video with audio but no subtitles at 83% accuracy'",Presidential Deepfakes Dataset (PDD): 'applying a deepfake lip-syncing algorithm to real videos' (Wav2Lip); fabricated audio by 'professional voice-actors reading the script',,curated,,lab,general public,1; after each response participants were informed whether the stimulus was real or fabricated,2021-03-19 to 2022-06-30,1,,0,unclear,https://www.nature.com/articles/s41467-024-51998-z; https://mattgroh.com/pdfs/political_deepfakes.pdf (arXiv 2202.12883 preprint version),high,"Nonrecruited website visitors; accuracy is observation-level; no age restriction reported. Exp 1 fabricated audio is human voice-actor impersonation (non-generative), so audio-only arm (81% in 1a, 74% in 1b) and transcript arm are NOT extracted; audiovisual rows have AI lip-sync visuals with human voice-actor audio. Modality assigned per trial within participant (7 permutations over 32 stimuli), so trials per row not fixed. Speakers are Biden and Trump (familiar).",
ST005,R00045,ST005-h,ST005-D3,Exp 2 enhanced PDD text-to-speech deepfakes vs real PDD,audiovisual,English,302,20,16,16,single-item yes/no,0.5,,,72,14,,,,"Results Exp 2 (N=302 Prolific, 5,964 observations; 20 videos per participant sampled from 60): 'participants correctly identified real PDD videos, the enhanced PDD voice actor deepfakes, enhanced PDD text-to-speech deepfakes, real other videos, and other deepfakes in 86%, 83%, 72%, 85%, and 83% of observations'",Enhanced PDD: Wav2Lip lip-sync with 'visual touch ups with the DeepFaceLab library'; audio from 'Eleven Labs' text-to-speech product' trained on the speakers' voices,,curated,,lab,general public,0; no feedback until debriefing; base rate not disclosed,2023-06-09,1,,0,0,https://www.nature.com/articles/s41467-024-51998-z; https://mattgroh.com/pdfs/political_deepfakes.pdf (arXiv 2202.12883 preprint version),high,computed: false_alarm_pct = 100 - 86 (real PDD videos correctly identified). Overall accuracy not computed (unequal per-participant mix). Split by generator per rule 5; rows in D3 share participants and real stimuli.,
ST005,R00045,ST005-i,ST005-D3,Exp 2 enhanced PDD voice-actor deepfakes vs real PDD,audiovisual,English,302,20,16,16,single-item yes/no,0.5,,,83,14,,,,"Results Exp 2 (N=302 Prolific, 5,964 observations; 20 videos per participant sampled from 60): 'participants correctly identified real PDD videos, the enhanced PDD voice actor deepfakes, enhanced PDD text-to-speech deepfakes, real other videos, and other deepfakes in 86%, 83%, 72%, 85%, and 83% of observations'",Enhanced PDD: Wav2Lip lip-sync with 'visual touch ups with the DeepFaceLab library'; audio from professional voice actor,,curated,,lab,general public,0; no feedback until debriefing; base rate not disclosed,2023-06-09,1,,0,0,https://www.nature.com/articles/s41467-024-51998-z; https://mattgroh.com/pdfs/political_deepfakes.pdf (arXiv 2202.12883 preprint version),high,computed: false_alarm_pct = 100 - 86. Audio track is human voice actor (non-generative); only visual manipulation is AI.,
ST005,R00045,ST005-j,ST005-D3,Exp 2 other deepfakes (Barari et al. 2021 set) vs real other videos,audiovisual,English,302,20,,,single-item yes/no,0.5,,,83,15,,,,"Results Exp 2 (N=302 Prolific, 5,964 observations; 20 videos per participant sampled from 60): 'participants correctly identified real PDD videos, the enhanced PDD voice actor deepfakes, enhanced PDD text-to-speech deepfakes, real other videos, and other deepfakes in 86%, 83%, 72%, 85%, and 83% of observations'","Barari et al. 2021 videos: 'two deepfakes of Bernie Sanders and Hilary Clinton from the Agarwal et al 2019 dataset, which involve face swapping' plus four other public deepfakes (Boris Johnson, Trump x2, Obama)",,curated,,lab,general public,0; no feedback until debriefing; base rate not disclosed,2023-06-09,1,,0,0,https://www.nature.com/articles/s41467-024-51998-z; https://mattgroh.com/pdfs/political_deepfakes.pdf (arXiv 2202.12883 preprint version),high,computed: false_alarm_pct = 100 - 85 (real other videos correctly identified). 12 'other' videos total; real/fake split not verified.,
ST005,R00045,ST005-k,ST005-D4,"Exp 3 (modality x base-rate, TTS deepfakes)",audiovisual,English,1006,20,16,16,single-item yes/no,0.5,,,,,,,,Exp 3 reports only regression coefficients (Table 6/Supplementary Table 5): audio 'increases overall accuracy by 6.3 percentage points'; video with audio '14.8 percentage points'; no absolute accuracy per modality found,Enhanced PDD text-to-speech deepfakes (Wav2Lip + DeepFaceLab visuals; Eleven Labs TTS audio),,curated,,lab,general public,0; no feedback until debriefing,2023-06-15 to 2023-06-20,1,,0,0,https://www.nature.com/articles/s41467-024-51998-z; https://mattgroh.com/pdfs/political_deepfakes.pdf (arXiv 2202.12883 preprint version),high,NUMBERS MISSING for this experiment: absolute accuracies per modality not reported in text (only regression effects vs transcript baseline); participants randomized to 20% or 80% fabricated base rate. Candidate for author contact / supplement / replication data.,
ST005,R00045,ST005-l,ST005-D5,"Exp 5 free-response, deepfake videos with audio (TTS)",audiovisual,English,200,10,,,free-response (unprompted suspicion),,,,32.4,6,,,,"Exp 5: 'In 32.4% of observations of deepfake videos with audio, participants' responses were judged to be suspicions of fabrications whereas the rate of suspicions was only 6 percentage points in real videos with audio.'",Enhanced PDD text-to-speech deepfakes (Wav2Lip + DeepFaceLab visuals; Eleven Labs TTS audio),,curated,,lab,general public,0,2023-12-22,1,,0,0,https://www.nature.com/articles/s41467-024-51998-z; https://mattgroh.com/pdfs/political_deepfakes.pdf (arXiv 2202.12883 preprint version),medium,"Open-ended 'What comes to mind' responses coded for suspicion; not a real-vs-fake forced judgment, chance undefined; consider excluding. 10 stimuli per participant from 32 PDD videos across modalities; FA wording ambiguous ('6 percentage points'). Exp 4 (real speaker vs voice actor audio) not extracted: non-generative fake.",
ST006,R00048,ST006-a,ST006-D1,"Online game players (>=10 rounds), silence-trimmed ASVspoof 2019 clips",audio,English,472,,7355,,single-item yes/no,0.5,80,,,,,,,"arXiv 2107.09667: 'In our experiment scenario, the AI algorithm achieves 95% accuracy on ASVspoof 2019, while humans only obtain 80%.'; 'detection accuracy improves after the first 10 rounds from 67% to 80%'; 'the bonafide and spoofed audio files were each sampled with a probability of p=0.5'; 472 participants, 14,912 game rounds; users with fewer than 10 rounds excluded",ASVspoof 2019 (logical access) evaluation attacks A07-A19,,raw,leading and trailing silence removed,lab,general public,1; true label shown after each trial (verified 2026-09-27),,0,,0,unclear,https://arxiv.org/pdf/2107.09667,medium,"Accuracy is round-level; rounds per participant vary (>=10; 14,912 rounds / 472 = ~31.6 mean). Ambiguity: text reports both 80% overall and a learning curve 'from 67% to 80%' after 10 rounds; which figure is the pooled accuracy should be verified in ACM version. Per-attack accuracies only in Fig. 3 without numeric labels (A10 Tacotron 2 and A12 WaveNet 'about 50-60% accuracy'; A09, A13, A16 'more than 95%'). Recruitment not described; web game, age limits not stated.",
ST007,R00067;R01856,ST007-a,ST007-D1,All participants (detection-strategies and control groups pooled),video,English,454,20,20,20,single-item yes/no,0.5,60.70,13.00,,,,,,"Abstract: 'participants (N = 454 ...) categorize a series of 20 videos as either real or deepfake. All participants saw 10 real and 10 deepfake videos'; 'Participants correctly identified 60.70% of videos on average (SD = 13.00)'. Results: 'Mean accuracy was just over 60% (M = 0.61, SD = 0.13)'; control M = 0.60, SD = 0.14; detection strategies M = 0.61, SD = 0.13; 'The control and detection strategies groups did not differ on detection accuracy'",DeepFake Detection Challenge (DFDC) dataset,,adversarial,,lab,general public,"mixed: one group received visual detection strategies before the task, control did not; no trial feedback (score shown only at end)",end of May 2022,0,10,0,0,https://researchonline.jcu.edu.au/79985/1/79985.pdf,high,"Pool of 20 authentic/deepfake pairs; each participant saw one version of each (10 real + 10 fake). 'The selected deepfake videos were categorized as difficult to very difficult to identify as deepfakes (as categorized by Korshunov & Marcel, 2020)' -> coded adversarial. Group Ns after exclusions not extracted; t(450) suggests 451-452 analyzed. Hit/FA rates not reported in summary form. Adults in AU, CA, NZ, UK, US via Reddit/Facebook.",
ST008,R00069,ST008-a,ST008-D1,Experiment 1a: human voices vs generic AI-generated voices,audio,English,50,80,40,40,single-item yes/no,0.5,70,,59,19,1.30,,,"Exp 1a Results: 'Generic AI-generated Voices being labelled as 'Human' significantly less often than Human Voices (MeanGeneric AI-generated Voices = 0.41, MeanHuman Voices = 0.81)'; 'D Prime for Experiment 1a was significantly above 0 (M = 1.30, SD = 0.91, t(49) = 10.13, p < .001)'. Methods: '80 voices in total, comprising 40 human voices and 40 AI-generated voices'; '50 participants each took part in Experiments 1a and 1b'",ElevenLabs 'Voice Design' model,,raw,,lab,general public,0; participants told some voices were real and some AI-generated; no trial feedback reported,2024-10-08,0,,0,0,https://journals.plos.org/plosone/article?id=10.1371/journal.pone.0332692,high,computed: hit_rate = 100 - 41; false_alarm = 100 - 81; accuracy = (59 + 81)/2 (40 human + 40 AI per participant). d' SD 0.91. Authors define hits as human voices judged human (d' sign equivalent).,
ST008,R00069,ST008-b,ST008-D2,Experiment 1b: human voices vs AI voice clones,audio,English,50,80,40,40,single-item yes/no,0.5,52,,42,38,0.10,,,"Exp 1b Results: 'Voice Clones and Human Voices were labelled as 'Human' similarly often (MeanVoice Clones = 0.58, MeanHuman Voice = 0.62)'; 'In Experiment 1b, D Prime was, however, not significantly above 0 (M = 0.10, SD = 0.41, t(49) = 1.68, p = .100)'",ElevenLabs 'Instant Voice Cloning function (with the Eleven Multilingual v2 model)'; source voices from CSTR VCTK database,,raw,,lab,general public,0; participants told some voices were real and some AI-generated; no trial feedback reported,2024-10-08,0,,0,0,https://journals.plos.org/plosone/article?id=10.1371/journal.pone.0332692,high,"computed: hit = 100 - 58; FA = 100 - 62; accuracy = (42 + 62)/2. Cloned speakers are VCTK voices, not familiar to participants.",
ST008,R00069,ST008-c,ST008-D3,Experiment 2: generic AI-generated voices vs human voices (within 120-voice task),audio,English,50,120,40,40,single-item yes/no,0.5,66.5,,61,28,2.93,,,"Exp 2 Results: 'Generic AI-generated voices were labelled has 'human' significantly less frequently than human voices (MeanGeneric AI-generated Voice: 0.39, MeanHuman Voice: 0.72...)'; 'D Prime calculated for AI-generated voices was significantly above 0 (Mean = 2.93, SD = 0.58...)'; '120 voices (40 Human Voices, 40 AI-generated Voice Clones, 40 Generic AI-generated voices)'",ElevenLabs 'Voice Design' model,,raw,,lab,general public,0; participants told some voices were real and some AI-generated; no trial feedback reported,2024-10-14,0,,0,0,https://journals.plos.org/plosone/article?id=10.1371/journal.pone.0332692,high,computed: hit = 100 - 39; FA = 100 - 72; accuracy = (61 + 72)/2 over the 40 human + 40 generic items. Reported d' 2.93 is inconsistent with the reported proportions (z-difference about 0.86); verify. Same participants as ST008-D3 clone row.,
ST008,R00069,ST008-d,ST008-D3,Experiment 2: AI voice clones vs human voices (within 120-voice task),audio,English,50,120,40,40,single-item yes/no,0.5,51,,30,28,0.13,,,"Exp 2 Results: 'Voice Clones were labelled as 'human' with similar frequency to Human Voices (MeanVoice Clone: 0.70, MeanHuman Voice: 0.72...)'; 'D Prime for distinguishing Voice Clones from human voices was much lower (Mean = 0.13, SD = 0.36; t(49) = 2.44, p = .018)'",ElevenLabs 'Instant Voice Cloning function (with the Eleven Multilingual v2 model)',,raw,,lab,general public,0; participants told some voices were real and some AI-generated; no trial feedback reported,2024-10-14,0,,0,0,https://journals.plos.org/plosone/article?id=10.1371/journal.pone.0332692,high,computed: hit = 100 - 70; FA = 100 - 72; accuracy = (30 + 72)/2 over 40 human + 40 clone items. Human-voice trials shared with generic row.,
ST009,R00095,ST009-a,ST009-D1,Realism rating of DeeperForensics-1.0 fake clips,video,,100,,0,30,Likert,,,,,,,,64.1,"User study: 'We engage 100 professional participants, most of whom specialize in computer vision research'; '30 video clips from each of these datasets'; realness 'scores at five levels (1-clearly disagree, 2-weakly disagree, 3-borderline, 4-weakly agree, 5-clearly agree)'. Table 3, percentage rated real (score 4-5): DeeperForensics-1.0 64.1%",DeeperForensics-1.0 dataset,,raw,,lab,domain professionals,0,,,,1,0,https://openaccess.thecvf.com/content_CVPR_2020/papers/Jiang_DeeperForensics-1.0_A_Large-Scale_Dataset_for_Real-World_Face_Forgery_Detection_CVPR_2020_paper.pdf,high,Fake-only realism rating; no real videos reported in the user study; Likert 4-5 counted as judged real by authors; chance undefined. Raters are mostly computer-vision researchers. Trials per participant not reported (7 datasets x 30 clips in total). Dataset rows: code by constituent methods where known (rule 7). DFDC here is the 2019 preview release.,
ST009,R00095,ST009-b,ST009-D1,Realism rating of Celeb-DF fake clips,video,,100,,0,30,Likert,,,,,,,,61.0,"User study: 'We engage 100 professional participants, most of whom specialize in computer vision research'; '30 video clips from each of these datasets'; realness 'scores at five levels (1-clearly disagree, 2-weakly disagree, 3-borderline, 4-weakly agree, 5-clearly agree)'. Table 3, percentage rated real (score 4-5): Celeb-DF 61.0%",Celeb-DF dataset,,raw,,lab,domain professionals,0,,,,1,0,https://openaccess.thecvf.com/content_CVPR_2020/papers/Jiang_DeeperForensics-1.0_A_Large-Scale_Dataset_for_Real-World_Face_Forgery_Detection_CVPR_2020_paper.pdf,high,Fake-only realism rating; no real videos reported in the user study; Likert 4-5 counted as judged real by authors; chance undefined. Raters are mostly computer-vision researchers. Trials per participant not reported (7 datasets x 30 clips in total). Dataset rows: code by constituent methods where known (rule 7). DFDC here is the 2019 preview release.,
ST009,R00095,ST009-c,ST009-D1,Realism rating of DFDC fake clips,video,,100,,0,30,Likert,,,,,,,,23.0,"User study: 'We engage 100 professional participants, most of whom specialize in computer vision research'; '30 video clips from each of these datasets'; realness 'scores at five levels (1-clearly disagree, 2-weakly disagree, 3-borderline, 4-weakly agree, 5-clearly agree)'. Table 3, percentage rated real (score 4-5): DFDC 23.0%",DFDC dataset,,raw,,lab,domain professionals,0,,,,1,0,https://openaccess.thecvf.com/content_CVPR_2020/papers/Jiang_DeeperForensics-1.0_A_Large-Scale_Dataset_for_Real-World_Face_Forgery_Detection_CVPR_2020_paper.pdf,high,Fake-only realism rating; no real videos reported in the user study; Likert 4-5 counted as judged real by authors; chance undefined. Raters are mostly computer-vision researchers. Trials per participant not reported (7 datasets x 30 clips in total). Dataset rows: code by constituent methods where known (rule 7). DFDC here is the 2019 preview release.,
ST009,R00095,ST009-d,ST009-D1,Realism rating of Deep Fake Detection (DFD) fake clips,video,,100,,0,30,Likert,,,,,,,,21.9,"User study: 'We engage 100 professional participants, most of whom specialize in computer vision research'; '30 video clips from each of these datasets'; realness 'scores at five levels (1-clearly disagree, 2-weakly disagree, 3-borderline, 4-weakly agree, 5-clearly agree)'. Table 3, percentage rated real (score 4-5): Deep Fake Detection (DFD) 21.9%",Deep Fake Detection (DFD) dataset,,raw,,lab,domain professionals,0,,,,1,0,https://openaccess.thecvf.com/content_CVPR_2020/papers/Jiang_DeeperForensics-1.0_A_Large-Scale_Dataset_for_Real-World_Face_Forgery_Detection_CVPR_2020_paper.pdf,high,Fake-only realism rating; no real videos reported in the user study; Likert 4-5 counted as judged real by authors; chance undefined. Raters are mostly computer-vision researchers. Trials per participant not reported (7 datasets x 30 clips in total). Dataset rows: code by constituent methods where known (rule 7). DFDC here is the 2019 preview release.,
ST009,R00095,ST009-e,ST009-D1,Realism rating of FaceForensics++ fake clips,video,,100,,0,30,Likert,,,,,,,,8.4,"User study: 'We engage 100 professional participants, most of whom specialize in computer vision research'; '30 video clips from each of these datasets'; realness 'scores at five levels (1-clearly disagree, 2-weakly disagree, 3-borderline, 4-weakly agree, 5-clearly agree)'. Table 3, percentage rated real (score 4-5): FaceForensics++ 8.4%",FaceForensics++ dataset,,raw,,lab,domain professionals,0,,,,1,0,https://openaccess.thecvf.com/content_CVPR_2020/papers/Jiang_DeeperForensics-1.0_A_Large-Scale_Dataset_for_Real-World_Face_Forgery_Detection_CVPR_2020_paper.pdf,high,Fake-only realism rating; no real videos reported in the user study; Likert 4-5 counted as judged real by authors; chance undefined. Raters are mostly computer-vision researchers. Trials per participant not reported (7 datasets x 30 clips in total). Dataset rows: code by constituent methods where known (rule 7). DFDC here is the 2019 preview release.,
ST009,R00095,ST009-f,ST009-D1,Realism rating of DeepFake-TIMIT fake clips,video,,100,,0,30,Likert,,,,,,,,12.3,"User study: 'We engage 100 professional participants, most of whom specialize in computer vision research'; '30 video clips from each of these datasets'; realness 'scores at five levels (1-clearly disagree, 2-weakly disagree, 3-borderline, 4-weakly agree, 5-clearly agree)'. Table 3, percentage rated real (score 4-5): DeepFake-TIMIT 12.3%",DeepFake-TIMIT dataset,,raw,,lab,domain professionals,0,,,,1,0,https://openaccess.thecvf.com/content_CVPR_2020/papers/Jiang_DeeperForensics-1.0_A_Large-Scale_Dataset_for_Real-World_Face_Forgery_Detection_CVPR_2020_paper.pdf,high,Fake-only realism rating; no real videos reported in the user study; Likert 4-5 counted as judged real by authors; chance undefined. Raters are mostly computer-vision researchers. Trials per participant not reported (7 datasets x 30 clips in total). Dataset rows: code by constituent methods where known (rule 7). DFDC here is the 2019 preview release.,
ST009,R00095,ST009-g,ST009-D1,Realism rating of UADFV fake clips,video,,100,,0,30,Likert,,,,,,,,14.1,"User study: 'We engage 100 professional participants, most of whom specialize in computer vision research'; '30 video clips from each of these datasets'; realness 'scores at five levels (1-clearly disagree, 2-weakly disagree, 3-borderline, 4-weakly agree, 5-clearly agree)'. Table 3, percentage rated real (score 4-5): UADFV 14.1%",UADFV dataset,,raw,,lab,domain professionals,0,,,,1,0,https://openaccess.thecvf.com/content_CVPR_2020/papers/Jiang_DeeperForensics-1.0_A_Large-Scale_Dataset_for_Real-World_Face_Forgery_Detection_CVPR_2020_paper.pdf,high,Fake-only realism rating; no real videos reported in the user study; Likert 4-5 counted as judged real by authors; chance undefined. Raters are mostly computer-vision researchers. Trials per participant not reported (7 datasets x 30 clips in total). Dataset rows: code by constituent methods where known (rule 7). DFDC here is the 2019 preview release.,
ST010,R00127;R00387,ST010-a,ST010-D1,Audio-only stimuli,audio,"13 languages (English, Mandarin, Spanish, Hindi, ...)",1276,,,,single-item yes/no,0.5,53.7,,,,,,,"Audio-only: '53.7%' (results by modality; arXiv v1 PDF, as rendered by WebFetch)","Synthesia; Yepic; Respeecher; Play.ht; WellSaid Labs; Google (TTV, voice cloning, voice masking)",,raw,,lab,general public,0,stimuli generated before 2023; study run ~2023,,,0,0,https://arxiv.org/pdf/2403.16760v1,medium,"30 audio clips total; same participants as video and audiovisual rows; images arm (49.4%) excluded. Quote from WebFetch summary, verify against the PDF.",
ST010,R00127;R00387,ST010-b,ST010-D1,Video-only stimuli,video,"13 languages (English, Mandarin, Spanish, Hindi, ...)",1276,,,,single-item yes/no,0.5,50.7,,,,,,,"Video-only: '50.7%' (arXiv v1 PDF, as rendered)","DeepFaceLab; DeepFaceLive; FaceSwap; SimSwap; commercial services (face swap, head generation, lip sync)",,raw,,lab,general public,0,stimuli generated before 2023; study run ~2023,,,0,0,https://arxiv.org/pdf/2403.16760v1,medium,30 video-only clips; same participants. Verify quote.,
ST010,R00127;R00387,ST010-c,ST010-D1,Audiovisual stimuli,audiovisual,"13 languages (English, Mandarin, Spanish, Hindi, ...)",1276,,,,single-item yes/no,0.5,54.5,,,,,,,"Audiovisual: '54.5%' (arXiv v1 PDF, as rendered); fully synthetic AV M=49%, synthetic video + authentic audio M=43.4%","Synthesia; Yepic; Respeecher; Play.ht; WellSaid Labs; Google (TTV, voice cloning, voice masking) | DeepFaceLab; DeepFaceLive; FaceSwap; SimSwap; commercial services (face swap, head generation, lip sync)",,raw,,lab,general public,0,stimuli generated before 2023; study run ~2023,,,0,0,https://arxiv.org/pdf/2403.16760v1,medium,38 AV clips; same participants. Authentic stimuli M=64.6% vs synthetic M=38.8% overall (all modalities incl. images). Verify quote.,
ST011,R00147,ST011-a,ST011-D1,"Study 1 baseline survey (Pakistan), DeepFaceLab fakes",video,,95,4,4,,single-item yes/no,0.5,,,25,12,,,,"Table 2 (baseline survey): DeepFaceLab 25%; FF-DF 58%; Celeb-DF 21%; Real 88%; All fake 38%; Overall 51%. Text: 'There were a total of 95 respondents in the age range of 11-73'; 'We curated a set of 25 fake videos and 4 real videos from publicly available sources'; 'all surveys were completed in the period between August 1-31, 2020'",DeepFaceLab [35],,curated,,lab,general public,0,"August 1-31, 2020",,,0,1,https://manwar.web.illinois.edu/files/DeepFakes___After_Rebuttal.pdf,medium,"computed: false_alarm_pct = 100 - 88 (real videos correctly identified; shared across generator rows). Overall accuracy 51% (all fake 38%) reported pooled; fake:real ratio 25:4 so overall accuracy is not balanced. Each participant saw 'four short videos, randomly picked from the pool'. Ages 11-73: minors included and not separable. Per-source counts of the 25 fakes not reported. Celeb-DF depicts celebrities.",
ST011,R00147,ST011-b,ST011-D1,"Study 1 baseline survey (Pakistan), FF-DF fakes",video,,95,4,4,,single-item yes/no,0.5,,,58,12,,,,"Table 2 (baseline survey): DeepFaceLab 25%; FF-DF 58%; Celeb-DF 21%; Real 88%; All fake 38%; Overall 51%. Text: 'There were a total of 95 respondents in the age range of 11-73'; 'We curated a set of 25 fake videos and 4 real videos from publicly available sources'; 'all surveys were completed in the period between August 1-31, 2020'",FF-DF (FaceForensics++ FaceSwap technique) [38],,curated,,lab,general public,0,"August 1-31, 2020",,,0,1,https://manwar.web.illinois.edu/files/DeepFakes___After_Rebuttal.pdf,medium,"computed: false_alarm_pct = 100 - 88 (real videos correctly identified; shared across generator rows). Overall accuracy 51% (all fake 38%) reported pooled; fake:real ratio 25:4 so overall accuracy is not balanced. Each participant saw 'four short videos, randomly picked from the pool'. Ages 11-73: minors included and not separable. Per-source counts of the 25 fakes not reported. Celeb-DF depicts celebrities.",
ST011,R00147,ST011-c,ST011-D1,"Study 1 baseline survey (Pakistan), Celeb-DF fakes",video,,95,4,4,,single-item yes/no,0.5,,,21,12,,,,"Table 2 (baseline survey): DeepFaceLab 25%; FF-DF 58%; Celeb-DF 21%; Real 88%; All fake 38%; Overall 51%. Text: 'There were a total of 95 respondents in the age range of 11-73'; 'We curated a set of 25 fake videos and 4 real videos from publicly available sources'; 'all surveys were completed in the period between August 1-31, 2020'",Celeb-DF [26],,curated,,lab,general public,0,"August 1-31, 2020",1,,0,1,https://manwar.web.illinois.edu/files/DeepFakes___After_Rebuttal.pdf,medium,"computed: false_alarm_pct = 100 - 88 (real videos correctly identified; shared across generator rows). Overall accuracy 51% (all fake 38%) reported pooled; fake:real ratio 25:4 so overall accuracy is not balanced. Each participant saw 'four short videos, randomly picked from the pool'. Ages 11-73: minors included and not separable. Per-source counts of the 25 fakes not reported. Celeb-DF depicts celebrities.",
ST011,R00147,ST011-d,ST011-D2,"Study 2 lab study, Control group, initial, DeepFaceLab fakes",video,,23,,,,single-item yes/no,0.5,,,43,30,,,,"Table 5 (lab study, 23 respondents per group): DeepFaceLab Control Initial 43%, Treatment Initial 39%, Control Final 30%, Treatment Final 35%; FF-DF 57%, 57%, 54%, 87%; Real 70%, 74%, 75%, 65%; All fake 58%, 55%, 57%, 88%. Text: '46 respondents, 23 in the treatment group and 23 in the control group, in the age range of 18-55'",DeepFaceLab [35],,curated,,lab,general public,0,,,,0,0,https://manwar.web.illinois.edu/files/DeepFakes___After_Rebuttal.pdf,medium,"computed: false_alarm_pct = 100 - real-video accuracy for this group/phase. Table 5 values internally inconsistent ('All fake' 88% exceeds both DeepFaceLab 35% and FF-DF 87% for treatment final); Tables 6/7 report different means (control pre 0.359, treatment pre 0.370; post 0.4804 vs 0.7424) of unclear definition. Number of videos per participant in study 2 not stated. Low-literacy sample, Pakistan.",
ST011,R00147,ST011-e,ST011-D2,"Study 2 lab study, Control group, initial, FF-DF fakes",video,,23,,,,single-item yes/no,0.5,,,57,30,,,,"Table 5 (lab study, 23 respondents per group): DeepFaceLab Control Initial 43%, Treatment Initial 39%, Control Final 30%, Treatment Final 35%; FF-DF 57%, 57%, 54%, 87%; Real 70%, 74%, 75%, 65%; All fake 58%, 55%, 57%, 88%. Text: '46 respondents, 23 in the treatment group and 23 in the control group, in the age range of 18-55'",FF-DF (FaceForensics++ FaceSwap technique) [38],,curated,,lab,general public,0,,,,0,0,https://manwar.web.illinois.edu/files/DeepFakes___After_Rebuttal.pdf,medium,"computed: false_alarm_pct = 100 - real-video accuracy for this group/phase. Table 5 values internally inconsistent ('All fake' 88% exceeds both DeepFaceLab 35% and FF-DF 87% for treatment final); Tables 6/7 report different means (control pre 0.359, treatment pre 0.370; post 0.4804 vs 0.7424) of unclear definition. Number of videos per participant in study 2 not stated. Low-literacy sample, Pakistan.",
ST011,R00147,ST011-f,ST011-D3,"Study 2 lab study, Treatment group, initial (before training), DeepFaceLab fakes",video,,23,,,,single-item yes/no,0.5,,,39,26,,,,"Table 5 (lab study, 23 respondents per group): DeepFaceLab Control Initial 43%, Treatment Initial 39%, Control Final 30%, Treatment Final 35%; FF-DF 57%, 57%, 54%, 87%; Real 70%, 74%, 75%, 65%; All fake 58%, 55%, 57%, 88%. Text: '46 respondents, 23 in the treatment group and 23 in the control group, in the age range of 18-55'",DeepFaceLab [35],,curated,,lab,general public,0,,,,0,0,https://manwar.web.illinois.edu/files/DeepFakes___After_Rebuttal.pdf,medium,"computed: false_alarm_pct = 100 - real-video accuracy for this group/phase. Table 5 values internally inconsistent ('All fake' 88% exceeds both DeepFaceLab 35% and FF-DF 87% for treatment final); Tables 6/7 report different means (control pre 0.359, treatment pre 0.370; post 0.4804 vs 0.7424) of unclear definition. Number of videos per participant in study 2 not stated. Low-literacy sample, Pakistan.",
ST011,R00147,ST011-g,ST011-D3,"Study 2 lab study, Treatment group, initial (before training), FF-DF fakes",video,,23,,,,single-item yes/no,0.5,,,57,26,,,,"Table 5 (lab study, 23 respondents per group): DeepFaceLab Control Initial 43%, Treatment Initial 39%, Control Final 30%, Treatment Final 35%; FF-DF 57%, 57%, 54%, 87%; Real 70%, 74%, 75%, 65%; All fake 58%, 55%, 57%, 88%. Text: '46 respondents, 23 in the treatment group and 23 in the control group, in the age range of 18-55'",FF-DF (FaceForensics++ FaceSwap technique) [38],,curated,,lab,general public,0,,,,0,0,https://manwar.web.illinois.edu/files/DeepFakes___After_Rebuttal.pdf,medium,"computed: false_alarm_pct = 100 - real-video accuracy for this group/phase. Table 5 values internally inconsistent ('All fake' 88% exceeds both DeepFaceLab 35% and FF-DF 87% for treatment final); Tables 6/7 report different means (control pre 0.359, treatment pre 0.370; post 0.4804 vs 0.7424) of unclear definition. Number of videos per participant in study 2 not stated. Low-literacy sample, Pakistan.",
ST011,R00147,ST011-h,ST011-D3,"Study 2 lab study, Treatment group, final (after 10-min training), DeepFaceLab fakes",video,,23,,,,single-item yes/no,0.5,,,35,35,,,,"Table 5 (lab study, 23 respondents per group): DeepFaceLab Control Initial 43%, Treatment Initial 39%, Control Final 30%, Treatment Final 35%; FF-DF 57%, 57%, 54%, 87%; Real 70%, 74%, 75%, 65%; All fake 58%, 55%, 57%, 88%. Text: '46 respondents, 23 in the treatment group and 23 in the control group, in the age range of 18-55'",DeepFaceLab [35],,curated,,lab,general public,1; short (10 minute) training program on deepfake cues before final judgments,,,,0,0,https://manwar.web.illinois.edu/files/DeepFakes___After_Rebuttal.pdf,medium,"computed: false_alarm_pct = 100 - real-video accuracy for this group/phase. Table 5 values internally inconsistent ('All fake' 88% exceeds both DeepFaceLab 35% and FF-DF 87% for treatment final); Tables 6/7 report different means (control pre 0.359, treatment pre 0.370; post 0.4804 vs 0.7424) of unclear definition. Number of videos per participant in study 2 not stated. Low-literacy sample, Pakistan.",
ST011,R00147,ST011-i,ST011-D3,"Study 2 lab study, Treatment group, final (after 10-min training), FF-DF fakes",video,,23,,,,single-item yes/no,0.5,,,87,35,,,,"Table 5 (lab study, 23 respondents per group): DeepFaceLab Control Initial 43%, Treatment Initial 39%, Control Final 30%, Treatment Final 35%; FF-DF 57%, 57%, 54%, 87%; Real 70%, 74%, 75%, 65%; All fake 58%, 55%, 57%, 88%. Text: '46 respondents, 23 in the treatment group and 23 in the control group, in the age range of 18-55'",FF-DF (FaceForensics++ FaceSwap technique) [38],,curated,,lab,general public,1; short (10 minute) training program on deepfake cues before final judgments,,,,0,0,https://manwar.web.illinois.edu/files/DeepFakes___After_Rebuttal.pdf,medium,"computed: false_alarm_pct = 100 - real-video accuracy for this group/phase. Table 5 values internally inconsistent ('All fake' 88% exceeds both DeepFaceLab 35% and FF-DF 87% for treatment final); Tables 6/7 report different means (control pre 0.359, treatment pre 0.370; post 0.4804 vs 0.7424) of unclear definition. Number of videos per participant in study 2 not stated. Low-literacy sample, Pakistan.",
ST012,R00167,ST012-a,ST012-D1,"Experiment 2, no-warning conditions (real none n=39 vs fake none n=37), between-subjects",video,English,76,1,1,1,Likert,0.5,,,,,,,,Exp 2: 'Mean perception of fakeness was greater in the fake specific condition (1.88; probably yes) than in the control condition (0.00; impossible to say)'; 'we found no statistically significant difference between fake generic and fake none conditions'. Means for real none / fake none not given in text.,DeepFaceLab (face swap of actor as fictional official 'John Carter'),,curated,,social media,general public,0,2023-04-13 to 2023-04-14,0,60,0,0,https://www.nature.com/articles/s44271-025-00381-9,medium,"INELIGIBLE: Only warned participants judged whether a deepfake was fake (fake-only, after a specific warning); no real-vs-fake detection arm (E4) | NUMBERS MISSING: detection-relevant contrast is the no-warning real vs fake arms, whose fakeness means (7-point 'Do you think the video is a deepfake?') are not reported numerically in text; check tables/supplement/OSF data. Warning arms (generic/specific transparency labels) are not detection tasks. Single video per participant. CloudResearch MTurk, US. Exp 1 (DeepFaceLab, 24-25 Nov 2022) had no real-video arm (fake-specific 69.3% believed deepfake after being warned) and is not extracted.",
ST012,R00167,ST012-b,ST012-D2,"Experiment 3, no-warning conditions (real none n=60 vs fake none n=56), between-subjects",video,English,116,1,1,1,Likert,0.5,,,,,,,,Exp 3: 'Mean perception of fakeness was greater in the fake specific condition (0.76; maybe yes) than in the real none condition (-0.60; maybe not)'. Fake none mean not given in text.,'generative-AI video software' (unnamed; trained on a single 3-minute video of an actor playing fictional influencer 'Amelia Palmer'),,curated,,social media,general public,0,2024-09-30,0,120,0,0,https://www.nature.com/articles/s44271-025-00381-9,medium,"INELIGIBLE: Only warned participants judged whether a deepfake was fake (fake-only, after a specific warning); no real-vs-fake detection arm (E4) | NUMBERS MISSING: fake-none fakeness mean not reported in text; real none mean -0.60 on -3..+3 scale. Generator unnamed (rule 8 generic). Prolific, UK.",
ST013,R00178;R00282;R00432,ST013-a,ST013-D1,"Idiap naive subjects, 60 deepfakes in 5 difficulty categories + 60 originals",video,none (face video),60,40,60,60,single-item yes/no (with 'I do not know'),0.5,71.0,,59.7,17.8,,,,"Sec III: 'only in 24.5% cases well done deepfake videos are perceived as fakes'; ''easy' category were not as easy to spot (71.1% correct answers) compared to the original videos (82.2%)'; Fig. 4 bars (certain & correct): very easy ~98, moderate ~62, difficult ~43","Facebook Deepfake Detection Challenge (DFDC) videos, hand-picked into five difficulty categories",,curated,,lab (crowdsourcing framework on premises),"research institute staff (PhD students, scientists, administration)",1; test explanation with example fake and real videos before the evaluation,,0,,0,0,https://arxiv.org/pdf/2009.03155 (page 4 figure read from rendered image),medium,"FIGURE VALUES: three of five category rates read from Fig. 4 bars (approx +/-2 points); computed: hit = mean of 5 equal-size categories (98, 71.1, 62, 43, 24.5); FA upper bound = 100 - 82.2 ('I do not know' counted as incorrect); balanced accuracy = (59.7 + 82.2)/2. ~18.7 answers per video after 5 subjects removed.",
ST014,R00181;R00340,ST014-a,ST014-D1,Interview participants identifying real and deepfake videos,video,,,,,,single-item yes/no,0.5,,,,,,,,"Abstract: 'Through semi-structured interviews, participants were asked to identify real and deepfake videos, and explain how they arrived at their conclusions'; 'the majority of participants could not correctly identify all their assigned videos'",,,,,lab,,,,,,0,,https://link.springer.com/chapter/10.1007/978-3-030-78635-9_80 (abstract only; full text paywalled),low,"NUMBERS MISSING: exploratory qualitative interview study; full text (Springer HCII 2021 chapter; ASIS&T 2020 poster) paywalled; N, stimuli, generators and accuracy not available. Candidate for author contact. Possible sample overlap with ST024 (Goh et al. 2024).",
ST015,R00195,ST015-a,ST015-D1,Leiden University students,video,,130,174,59,115,single-item yes/no,0.5,80,,79,18,,,,"Results: 'Mean accuracy was 0.80 and mean MCC was 0.59 (SD = 0.22).'; 'The mean false positive (classifying an authentic as a deepfake) rate was 0.18 (SD = 0.13).'; 'The mean true positive (classifying a deepfake as a deepfake) rate was 0.79 (SD = 0.15).'; 'The mean true negative (classifying an authentic as an authentic) rate was 0.82 (SD = 0.13).' Method: 59 authentic + 115 deepfake videos, 130 participants",Celeb-DF dataset,,raw,videos shown without audio,lab,students,0,,1,13,0,0,https://www.sciencedirect.com/science/article/pii/S0736585323001570,high,"Accuracy SD not reported (MCC SD 0.22; hit SD 0.15; FA SD 0.13). Celebrity videos (Celeb-DF; 59 celebrities), average length 13 s. Mean age 20.0 (SD 2.9); minors not reported.",
ST016,R00230,ST016-a,ST016-D1,"Experiment 1: silent videos, standard deepfakes vs Caricature-signaled deepfakes, 4 conditions (baseline 50% prevalence, low prevalence 20%, 2 s time pressure, compression noise)",video,,180,,,,single-item yes/no,0.5,,,,,,,,"Abstract (VSS 2023, reconstructed from OpenAlex; wording approximate): participants judged whether silent videos showed real or fake people (N=180); sensitivity for Caricature-signaled deepfakes exceeded non-signaled deepfakes across conditions (all p<0.001). No accuracy values given.",,,,"one condition added compression noise; Caricature artifact magnification is a detection aid, not a generator",lab,,,,,,0,,https://api.openalex.org/works/doi:10.1167/jov.23.9.5327 (abstract only; JOV page 403),low,"NUMBERS MISSING: conference abstract only, sensitivity reported only as significance tests. Experiment 2 (N=298) involved model predictions and response updating. Same research programme as ST027 (Fosco et al., Deepfake Caricatures) - possible overlapping stimuli/data; deepfake source likely DFDC (unverified). Candidate for author contact.",
ST017,R00239,ST017-a,ST017-DUSA,"Audio condition, USA",audio,English,274,30,15,15,Likert,0.5,50.57,10.38,,,,,,"Table 1 (audio, accuracy mean ± std): USA 50.57% ± 10.38. Table 2 (% rated human-generated): human audio 73.67%, machine audio 72.20%. Sec. 3.4: 'our total number of eligible participants was n=2,609 (USA = 822; Germany = 875; China = 912)'; 'we assigned the participants to three groups and confronted them with either audio files, images, or texts'; 15 human and 15 machine-generated audio samples",Tacotron 2 acoustic model + Hifi-GAN vocoder trained on LJSpeech,,raw,,lab,general public,0,June to September 2022,0,,0,0,https://arxiv.org/pdf/2312.05976,high,"n_participants in the audio arm not reported (country total 822 across audio/image/text arms, each participant saw one media type; roughly one third did audio). Rating -3 (definitely non-human) to +3 (definitely human); handling of 0 not described, so hit/FA not derived (machine audio rated human 72.20%, human audio rated human 73.67%). Representative online panel (Lightspeed/Kantar quotas), ages 18-65+. | APPROX_N: audio-arm N not reported; country total/3 used (participants randomised to one of three modalities); SD verified 2026-09-27",
ST017,R00239,ST017-b,ST017-DGermany,"Audio condition, Germany",audio,German,292,30,15,15,Likert,0.5,59.15,13.98,,,,,,"Table 1 (audio, accuracy mean ± std): Germany 59.15% ± 13.98. Table 2 (% rated human-generated): human audio 76.91%, machine audio 58.93%. Sec. 3.4: 'our total number of eligible participants was n=2,609 (USA = 822; Germany = 875; China = 912)'; 'we assigned the participants to three groups and confronted them with either audio files, images, or texts'; 15 human and 15 machine-generated audio samples",Tacotron 2 acoustic model + Hifi-GAN vocoder trained on HUI dataset,,raw,,lab,general public,0,June to September 2022,0,,0,0,https://arxiv.org/pdf/2312.05976,high,"n_participants in the audio arm not reported (country total 875 across audio/image/text arms, each participant saw one media type; roughly one third did audio). Rating -3 (definitely non-human) to +3 (definitely human); handling of 0 not described, so hit/FA not derived (machine audio rated human 58.93%, human audio rated human 76.91%). Representative online panel (Lightspeed/Kantar quotas), ages 18-65+. | APPROX_N: audio-arm N not reported; country total/3 used (participants randomised to one of three modalities); SD verified 2026-09-27",
ST017,R00239,ST017-c,ST017-DChina,"Audio condition, China",audio,Mandarin Chinese,304,30,15,15,Likert,0.5,51.73,11.65,,,,,,"Table 1 (audio, accuracy mean ± std): China 51.73% ± 11.65. Table 2 (% rated human-generated): human audio 58.14%, machine audio 54.93%. Sec. 3.4: 'our total number of eligible participants was n=2,609 (USA = 822; Germany = 875; China = 912)'; 'we assigned the participants to three groups and confronted them with either audio files, images, or texts'; 15 human and 15 machine-generated audio samples",Tacotron 2 acoustic model + Hifi-GAN vocoder trained on CSMSC dataset,,raw,,lab,general public,0,June to September 2022,0,,0,0,https://arxiv.org/pdf/2312.05976,high,"n_participants in the audio arm not reported (country total 912 across audio/image/text arms, each participant saw one media type; roughly one third did audio). Rating -3 (definitely non-human) to +3 (definitely human); handling of 0 not described, so hit/FA not derived (machine audio rated human 54.93%, human audio rated human 58.14%). Representative online panel (Lightspeed/Kantar quotas), ages 18-65+. | APPROX_N: audio-arm N not reported; country total/3 used (participants randomised to one of three modalities); SD verified 2026-09-27",
ST018,R00250,ST018-a,ST018-D1,"US Qualtrics panel, unprimed viewing then post-hoc real/fake judgment",video,English,2016,2,,,single-item yes/no,0.5,51,,,,,,,"'overall accuracy rate (where accuracy = (TP+TN)/(TP+FP+FN+TN)) of our participants was 51%'; 'overall Matthew's Correlation Coefficient (MCC) score of 0.334'; 'Out of 2016 participants and 4032 total videos watched, 1429 videos duped our participants, meaning they saw a fake video they thought was real'; participants were 'debriefed after the survey was completed and then asked if they thought the videos they just watched were real or fake'; 'two 10-second video clips'",Facebook Deepfake Detection Challenge (DFDC) dataset,,raw,,social media,general public,0,,0,10,0,0,https://www.nature.com/articles/s44260-024-00006-y,high,"Judgment elicited post hoc, after unprimed viewing framed as a social-media survey (coded channel 'social media' for framing; delivered online). 49% of the 4,032 videos were deepfakes; hit rate not computed because the fake count is only given as a rounded percentage (1429 fakes judged real is about 72% of ~1,976 fakes). Reported MCC 0.334 appears inconsistent with 51% accuracy; verify. Stimulus pool size not reported.",
ST019,R00277,ST019-a,ST019-D1,"Round 2 explicit judgment ('is the video above 1) authentic or 2) deepfake?'), after being told some videos were deepfakes",video,English,128,20,20,20,single-item yes/no,0.5,71.02,17.30,61.95,19.92,,,,Round 2: overall accuracy '71.02% (SD=17.30)'; authentic videos '80.08% (SD=19.05)' correct; deepfake videos '61.95% (SD=24.01)' correct. Method: '168 participants from the USA were recruited' ... 'the final sample consisted of 128 participants'; 'Each participant received one set with the authentic version of 10 videos and the deepfake version of the other 10. This set was presented twice',"Celeb-DF (Li et al., 2020): 20 pairs of deepfake and authentic videos",,curated,,lab,general public,0,January 2021,1,10,0,0,https://research-portal.uu.nl/ws/portalfiles/portal/263685873/Looks_real_feels_fake_conflict_detection_in_deepfake_videos.pdf,high,"computed: false_alarm_pct = 100 - 80.08. Same videos seen previously in Round 1 (second exposure). Celebrity actors ('84% was averagely to extremely familiar with American actors'). Prolific, US.",
ST019,R00277,ST019-b,ST019-D1,"Round 1 unprimed identity judgment ('To the best of your knowledge, is this an interview with [name actor]?'), not informed about deepfakes",video,English,128,20,20,20,single-item yes/no,0.5,72.38,13.64,54.07,10.61,,,,"Round 1: overall accuracy '72.38% (SD=13.64)'; authentic videos '89.39% (SD=14.44)' correct; deepfake videos '54.07% (SD=24.38)' correct. Participants 'answered: To the best of your knowledge, is this an interview with [name actor]?' with yes/no","Celeb-DF (Li et al., 2020): 20 pairs of deepfake and authentic videos",,curated,,lab,general public,0,January 2021,1,10,0,0,https://research-portal.uu.nl/ws/portalfiles/portal/263685873/Looks_real_feels_fake_conflict_detection_in_deepfake_videos.pdf,high,computed: false_alarm_pct = 100 - 89.39. Implicit/unprimed condition: 'no' treated by authors as correct for deepfakes; participants not yet told about deepfakes. Same participants as explicit row.,
ST020,R00289,ST020-a,ST020-D1,Crowd participants judging video authenticity,video,,,,,,single-item yes/no,0.5,,,,,,,,Abstract reports 98.3% accuracy for a model combining human judgments with video metadata to predict participant decisions; no human-only accuracy in abstract.,,,,,,,,,,,,,"https://link.springer.com/article/10.1007/s41870-023-01494-2 (abstract only; closed access, OpenAlex is_oa false)",low,"NUMBERS MISSING: full text closed access; N, stimuli, generators and human-only accuracy unavailable. The 98.3% figure is a model predicting participants' decisions, not human detection accuracy, and must not be used. Eligibility (whether human-only real-vs-fake accuracy is reported) unverified. Candidate for author contact.",
ST021,R00290,ST021-a,ST021-D1,"CMU undergraduates, environmental sounds misclassified by the ML detector",audio,,20,81,38,43,single-item yes/no,0.5,59.3,,49,29,,,,"Sec. perceptual test: 'Twenty CMU undergraduates participated for academic credit'; '43 fake and 38 real sounds'; 'percent of sounds that listeners judged as fake (listener correct positives, M=49%) was not significantly greater than chance'; 'percent of sounds that listeners judged as real (listener correct negatives, M=71%) was greater than chance'",DCASE 2023 Challenge Task 7 (Foley sound synthesis) submitted systems,,adversarial,,lab,students,0,,0,4,0,0,https://arxiv.org/html/2403.17529v2,high,"computed: false_alarm_pct = 100 - 71; accuracy_pct = (0.49*43 + 0.71*38)/81 (all listeners heard all 81 items; inputs rounded). Non-speech environmental sounds; category label shown with each clip. Stimuli were only items the ML detector misclassified (fakes missed, reals flagged) -> adversarial to detectors, not to humans.",
ST022,R00291,ST022-a,ST022-D1,"Study 1, no-information (no warning) arms: real video vs deepfake, between-subjects",video,English,,1,1,1,Likert,0.5,,,,,,,,"Study 1 (N=1,396; Real Video N=696, Deepfake N=700): No Information + Real Video: 'fairly confident that what they were watching was real (-0.4 points)'; No Information + Deepfake: 'approximately halfway between somewhat disagree that the video is a deepfake and neither agree nor disagree (-0.4 points)' on a -3..+3 belief-it-is-fake scale","'SAEHD (High Definition Styled AutoEncoder) model (trained over 65,000 iterations)' (DeepFaceLab SAEHD) on an actor playing a fictional politician",,curated,,lab,general public,0,Spring 2020,0,,0,0,https://www.tsjournal.org/index.php/jots/article/download/28/15,medium,"NUMBERS MISSING: only mean Likert belief-fake ratings reported (real -0.4 vs deepfake -0.4 without warning, i.e. no discernment); no accuracy, hit/FA or AUC; check replication data for dichotomized accuracy. Arm-level Ns not extracted. Lucid Theorem panel, US. Study 2 (Mitt Romney real video only, Fall 2020) has no deepfake and is not extracted. | browser pass 2026-09-28: JOTS PDF read: outcome is 7-point agreement that the video was a deepfake (with neutral midpoint), real-arm distribution only in online appendix; no binary accuracy",
ST022,R00291,ST022-b,ST022-D2,"Study 1, information (deepfake warning) arms: real video vs deepfake, between-subjects",video,English,,1,1,1,Likert,0.5,,,,,,,,Information + Real Video: treatment effect of '0.73 points [p<0.001]' increase in disbelief; Information + Deepfake: '0.5 points more likely to believe the video...was fabricated (p<0.001)',"'SAEHD (High Definition Styled AutoEncoder) model (trained over 65,000 iterations)' (DeepFaceLab SAEHD) on an actor playing a fictional politician",,curated,,lab,general public,1; information/warning about deepfakes before viewing,Spring 2020,0,,0,0,https://www.tsjournal.org/index.php/jots/article/download/28/15,medium,"NUMBERS MISSING: only treatment effects on the 7-point scale; no accuracy. Warning raised disbelief for both real and fake videos without improving discernment. | browser pass 2026-09-28: JOTS PDF read: outcome is 7-point agreement that the video was a deepfake (with neutral midpoint), real-arm distribution only in online appendix; no binary accuracy",
ST023,R00300,ST023-a,ST023-D1,"2AFC experiment: super-recognizers (n=106 met SR criteria) and Berlin police officers (n=89), overlapping",video,English,193,56,56,56,paired/2AFC,0.5,,,,,,,,"'193 individuals contributed data to the first experiment... Of these, 106... met the SR lab criteria'; 'The full 2AFC and single-video experiments comprised a total of 56 and 56 trials, respectively'; 'The likelihood of a correct response for SRs was not significantly different from the reference group'","Deepfake Detection Challenge (DFDC) videos (stimuli from Groh et al. 2022, ST001)",,raw,,lab,special population,,,0,10,0,0,https://mattgroh.com/pdfs/Deepfake_Detection_in_Super-Recognizers_and_Police_Officers.pdf,medium,"NUMBERS MISSING: no descriptive accuracy per group reported (only regression tests, null SR effect). Police officers and SRs overlap (18 lab-identified SRs were police officers). Stimuli reuse ST001 DFDC set - not independent stimuli. Candidate for author contact.",
ST023,R00300,ST023-b,ST023-D2,"Single-video experiment: super-recognizers (n=68 met SR criteria) and Berlin police officers (n=65), overlapping",video,English,132,56,,,single-item yes/no,0.5,,,,,,,,'132 contributed to the second experiment... 68 met the SR lab criteria'; 56 trials,"Deepfake Detection Challenge (DFDC) videos (stimuli from Groh et al. 2022, ST001)",,raw,,lab,special population,,,0,10,0,0,https://mattgroh.com/pdfs/Deepfake_Detection_in_Super-Recognizers_and_Police_Officers.pdf,medium,NUMBERS MISSING: no descriptive accuracy reported. Real/fake stimulus split not extracted. Whether participants overlap with the 2AFC experiment not stated.,
ST024,R00310,ST024-a,ST024-D1,Interview participants identifying real and deepfake videos,audiovisual,,,,,,single-item yes/no,0.5,,,,,,,,"Abstract: 'Using semi-structured interviews, participants were asked to identify real and deepfake videos and explain how their decisions were made.' No numbers in abstract.",,,,,lab,,,,,,0,,https://api.openalex.org/works/doi:10.1002/asi.24867 (abstract only; Wiley PDF returned 403),low,"NUMBERS MISSING: qualitative interview study; full text (Wiley, bronze OA) blocked (403); N, stimuli, generators and any counts of correct identifications not retrieved. Modality coded audiovisual because the abstract mentions 'surface video and audio cues' (unverified). Possible sample overlap with ST014 (Thaw, Goh et al.).",
ST025,R00320;R00398,ST025-a,ST025-D1,"Experiment 1 aware phase: after being told one of five WhatsApp voice-message sets was a deepfake, pick the deepfake set",audio,Czech,31,1,4,1,5-alternative choice (identify the one deepfake among 5 sets),0.2,83.90,,,,,,,"Exp 1: 'After revealing that one of the sets is a deepfake, 83.90% of all respondents correctly identified this set'; 'Five out of the respondents (23.80%) incorrectly identified at least one genuine (bonafide) audio set as a deepfake'; 5 voice-message sets per participant (1 deepfake, 4 genuine); N=31",YourTTS (Coqui TTS toolkit),,raw,delivered as WhatsApp voice messages,phone,students,0,,0,,0,0,https://link.springer.com/article/10.1186/s13640-024-00641-4,high,"Chance coded 1/5 because participants were told exactly one set was fake. 23.80% = 5 respondents (implies denominator 21, inconsistent with N=31; verify). YourTTS with voice conversion (female-to-male), MOS 3.0. Exp 1 sample is the same as Prudky et al. BIOSIG 2023 (R00320).",
ST025,R00320;R00398,ST025-b,ST025-D1,Experiment 1 unaware phase: spontaneous detection of a deepfake voice message during a 'Two Truths One Lie' WhatsApp game,audio,Czech,31,1,4,1,free-response (unprompted detection),,,,3.20,,,,,Exp 1: 'No one reacted to the deepfake at all during the conversation'; unaware detection rate '3.20%',YourTTS (Coqui TTS toolkit),,raw,delivered as WhatsApp voice messages,phone,students,0,,0,,0,0,https://link.springer.com/article/10.1186/s13640-024-00641-4,high,Unprompted; participants not told deepfakes were possible; chance undefined; consider excluding from primary analysis. Same participants as aware row.,
ST025,R00320;R00398,ST025-c,ST025-D2,"Experiment 2: paired genuine vs deepfake recordings (same speaker, same content), identify the deepfake",audio,Czech; Slovak,85,14,,,paired/2AFC,0.5,86.63,,,,,,,"Exp 2 (N=85; 48 male, 37 female): 'Each pair contained a genuine audio sample and its corresponding deepfake version, featuring the same speaker delivering the same content'; 14 pairs per participant; accuracy men '93.90%' vs women '77.20%'; Czech speakers '91.50%' vs Slovak '84%'; headphones '91.50%' vs speakers '80.70%'",YourTTS (Coqui TTS toolkit),,raw,,lab,students,0,two months (dates not reported),0,,0,0,https://link.springer.com/article/10.1186/s13640-024-00641-4,high,"computed: accuracy_pct = (48*93.9 + 37*77.2)/85, exact given 14 trials per participant. 12 speakers (6 Czech, 6 Slovak). Mostly IT students; online survey. Prior awareness of deepfakes: 91.80% vs 67%.",
ST026,R00345,ST026-a,ST026-D1,Training group (feedback-based deepfake detection training),image,,48,,,,single-item yes/no,0.5,,,,,,,,"Abstract: 'a training group (n = 48) underwent a feedback-based deepfake detection training and improved accuracy by around 20%, while a control group without feedback (n = 48) did not.'",,,,,,,1; feedback-based detection training,,,,,,"SSRN 5002585 PDF (full text supplied by user, browser pass 2)",low,"INELIGIBLE: stimuli are still face images (StyleGAN2 faces vs real photos), not audio or video. NUMBERS MISSING: SSRN preprint full text not accessible; only change in accuracy ('around 20%') reported, no baseline or post-training levels. Stimulus modality not stated in abstract (video per earlier screening, unverified); if images only, study is ineligible. Candidate for author contact.",
ST026,R00345,ST026-b,ST026-D2,Control group (no feedback),image,,48,,,,single-item yes/no,0.5,,,,,,,,Abstract: 'a control group without feedback (n = 48) did not [improve]',,,,,,,0,,,,,,"SSRN 5002585 PDF (full text supplied by user, browser pass 2)",low,"INELIGIBLE: stimuli are still face images (StyleGAN2 faces vs real photos), not audio or video. NUMBERS MISSING: see training row.",
ST027,R00351;R00384,ST027-a,ST027-D1,"Standard (non-caricature) deepfakes, all exposure durations pooled",video,,41,,200,200,single-item yes/no,0.5,,,42,,,,,"VSS 2022 abstract (OpenAlex): 'In a behavioral experiment (N=41, 2-alternative forced choice over 200 real and 200 deepfake videos), human participants were able to correctly detect 71% of deepfakes that had been applied, compared to 42% of artifacts without magnification.' arXiv 2206.00535: '400 videos from the DFDCp (200 real, 200 fake)'; presentation durations '300ms, 500ms, 1000ms, 3000ms, and 5000ms'; 'standard deepfakes were detected no better than chance'",DFDCp (Deepfake Detection Challenge preview dataset),,raw,,lab,general public,,,0,0.3-5,0,0,https://arxiv.org/pdf/2206.00535; https://api.openalex.org/works/doi:10.1167/jov.22.14.4079 (VSS 2022 abstract),medium,"Only the standard-deepfake hit rate (42%) is extracted; the 71% Caricature condition is a detection aid (artifact magnification) and not a generator arm. '2-alternative forced choice' in the abstract appears to mean real/fake response per video (coded yes/no; verify). Real-video accuracy and per-duration numbers only in figures (arXiv), not quoted in text. Participants likely crowdworkers (100-trial HITs, i.e. MTurk); N=41 from abstract may differ from the arXiv study.",
ST028,R00388,ST028-a,ST028-D1,"Detection task, low-fake feed (6 authentic, 2 deepfakes)",audiovisual,English,1832,8,6,2,single-item yes/no,0.5,57.11,,,22.05,,,,"Figure 3 (n = 5,497 across three feeds): Low-fake accuracy 57.11%, false-negative rate 33.7%, false-positive rate 22.05%; 'Accuracy is the percent of all videos in the task correctly classified as either fake or real'","'videos created by Agarwal et al. (2019) and a mix of other publicly available deepfakes' (face swaps of Trump, Obama, Biden, Warren)",,curated,,social media (simulated feed),"general public (Lucid, US national sample)",0,,1,,0,0,http://soubhikbarari.com/writings/deepfakes_jop.pdf (Figure 3 read from rendered page),low,"APPROX_N: per-feed N = 5,497/3 (equal randomisation assumed). Accuracy counts unanswered videos as incorrect (accuracy + FN + FP do not sum consistently), so it likely underestimates discrimination. Generator coded generic face swap (rule 8).",
ST028,R00388,ST028-b,ST028-D2,"Detection task, high-fake feed (2 authentic, 6 deepfakes)",audiovisual,English,1832,8,2,6,single-item yes/no,0.5,54.45,,,19.27,,,,"Figure 3: High-fake accuracy 54.45%, false-negative rate 32.62%, false-positive rate 19.27%",Agarwal et al. (2019) videos and other public deepfakes,,curated,,social media (simulated feed),"general public (Lucid, US national sample)",0,,1,,0,0,http://soubhikbarari.com/writings/deepfakes_jop.pdf,low,"APPROX_N: per-feed N = 5,497/3. Same caveats as low-fake row.",
ST029,R00403,ST029-a,ST029-D1,Survey 1: paired original vs cloned recordings (14 real-fake pairs; 3 fake-fake anchor pairs excluded),audio,,99,14,14,14,paired/2AFC,0.5,62,,,,,,,"Survey 1 results: 'the minimum value of the accuracy measure was 32.32% for pair number 16, with a maximum value of 83.8% for pair number 15, which was the anchor pair (both samples were clones). The mean value of the accuracy measure was 63.9%. In contrast, if the anchorage pairs were not included, the mean value would be 62%.' 99 respondents; 17 pairs (14 original+clone, 3 both cloned)","'Real-Time Voice Cloning repository' using 'SV2TTS framework' (Tacotron synthesizer, WaveRNN vocoder, GE2E encoder)",,raw,audio normalized; white noise added; clones at 16 kSa/s,lab,general public,0,,0,,0,unclear,https://www.mdpi.com/2079-9292/12/21/4458,high,"Accuracy 62% excludes the 3 fake-fake anchor pairs (63.9% including them, not meaningful as real-vs-fake). 5-point response ('Recording 1', 'Rather recording 1', 'Don't know', ...); scoring of hedged/don't-know answers not described. Accuracy is mean over pairs. Speakers from Mozilla Common Voice (language not stated; likely English). Online survey respondents (type not described). Survey 2 (N=23, MUSHRA quality ratings) is not a real-vs-fake judgment and is not extracted. Real stimuli count: 13 source recordings, some repeated.",
ST030,R00412,ST030-a,ST030-D1,Adults judging politicians' video statements (half lip-sync deepfakes),video,,163,,,,single-item yes/no,0.5,,,,,,,,Abstract: '163 adults (72 females = 44.2%) judged a series of video clips with politicians' statements... Half of the presented videos were fabricated via lip-sync technology'; 'Deep fakes watched on mobile phones and tablets were considerably less likely to be recognized compared to when watched on stationary computers','lip-sync technology' (tool unnamed),,,,,,,,1,,0,0,"https://link.springer.com/chapter/10.1007/978-3-031-35017-7_18 (abstract only; PsyArXiv/OSF blocked by robots.txt, chapter paywalled)",low,NUMBERS MISSING: full text not accessible (PsyArXiv hwujb blocked; published HCII 2023 chapter paywalled); accuracy values not retrieved. Generator generic (rule 8). Politicians likely familiar. Candidate for author contact.,
ST031,R00419,ST031-a,ST031-D1,"Phase I (first presentation of 40 videos), forewarned and not forewarned pooled",audiovisual,English,110,40,20,20,single-item yes/no,0.5,63.30,,,,,,,"'the average accuracy across all participants increased from 63.30% to 67.98%, resulting in an overall accuracy of 65.64%'; '20 videos from the real class, and 20 videos from the fake class'; 'the same 40 videos presented in another random order in the second phase'; '110 participants completed the experiment'; 'participants who received a warning showed similar performance to those who did not receive a warning'","FakeAVCeleb dataset: 'SV2TTS...Wav2Lip, Faceswap, and Fsgan'",,raw,,lab,general public,"1; 'Once participants classified a video, they were provided with the correct label'; about half of participants forewarned about deepfakes",,1,,0,0,https://arxiv.org/html/2405.04097v2,high,"Trial-by-trial feedback from the first trial. Forewarning arms not reported separately. Per-category (fake video/real audio, real video/fake audio, both fake) accuracies only in per-video Fig. 8. MTurk. FakeAVCeleb shows celebrities (VoxCeleb2).",
ST031,R00419,ST031-b,ST031-D1,"Phase II (same 40 videos repeated after feedback), pooled",audiovisual,English,110,40,20,20,single-item yes/no,0.5,67.98,,,,,,,"'the average accuracy across all participants increased from 63.30% to 67.98%, resulting in an overall accuracy of 65.64%'","FakeAVCeleb dataset: 'SV2TTS...Wav2Lip, Faceswap, and Fsgan'",,raw,,lab,general public,"1; 'Once participants classified a video, they were provided with the correct label'; about half of participants forewarned about deepfakes",,1,,0,0,https://arxiv.org/html/2405.04097v2,high,Repeat exposure to the same items with labels already shown in Phase I (memory confound); use Phase I row for primary analysis. Same participants.,
ST032,R00427,ST032-a,ST032-D1,Users viewing one Synthesia deepfake persona and one human persona (alerted and not-alerted to glitches),audiovisual,English,46,2,2,2,single-item yes/no,0.5,,,,,,,,Survey item 'Do you think the person in the video was a deepfake?'; 'The two deepfake videos used in the user study were created in a deepfake video creation system called Synthesia'; N = 46 users; each viewed one deepfake and one human performer; 'each user was either alerted or not alerted to pay attention to glitches in the video'. No tabulated response percentages found.,Synthesia,,curated,,lab,general public,mixed: half alerted to pay attention to glitches; recruitment framed as 'video quality on marketing tasks',January 2023,0,142-156,0,0,https://repositorio.iscte-iul.pt/bitstream/10071/30733/1/article_98882.pdf,medium,"NUMBERS MISSING: responses to the deepfake-judgment item were not found as numbers in the text read (screening noted glitches perceived in 47.8% of deepfake vs 26.1% of human sessions, which is not a real/fake judgment and was not verified). Within-subjects, 2 personas (James, Fiona).",
ST033,R00441,ST033-a,ST033-D1,ASVspoof2021 group,audio,English,510,20,,,single-item yes/no,0.5,71,,,,,,,"Sec 4.1: 'Overall performance on ASVspoof2021 was slightly better with a mean of 71%'; Sec 3.4: '...assigned 510 for ASVspoof2021, 432 for Wavefake, and 270 for FakeAVCeleb'",ASVspoof2021 (dataset),97% deepfake / 3% real,raw,,lab,general public,0,,0,,0,0,https://cise.ufl.edu/~butler/pubs/ccs24-warren-deepfake.pdf,medium,"Highly unbalanced real/fake mix (3% real). Table 2 FPR/FNR are consensus-vote metrics, not individual rates. Prolific; 'We do not inform the participants at any point if their decision was correct.'",
ST033,R00441,ST033-b,ST033-D2,WaveFake group,audio,English,432,20,,,single-item yes/no,0.5,65,,,,,,,Sec 4.1: 'Users performed the worst on Wavefake with a mean accuracy of 65%.',WaveFake (dataset),89% deepfake / 11% real,raw,,lab,general public,0,,0,,0,0,https://cise.ufl.edu/~butler/pubs/ccs24-warren-deepfake.pdf,medium,Unbalanced real/fake mix.,
ST033,R00441,ST033-c,ST033-D3,FakeAVCeleb audio group,audio,English,270,20,,,single-item yes/no,0.5,81,,,,,,,Sec 4.1: 'The highest performance was on the FakeAVCeleb dataset with an average accuracy of 81%',FakeAVCeleb (audio: SV2TTS real-time voice cloning),53% deepfake / 47% real,raw,,lab,general public,0,,0,,0,0,https://cise.ufl.edu/~butler/pubs/ccs24-warren-deepfake.pdf,medium,"FakeAVCeleb audio fakes are made with SV2TTS (dataset paper); celebrity speakers, familiar possible.",
ST034,R00443,ST034-a,ST034-D1,All participants,video,English,71,,,,single-item yes/no,0.5,,,,,,,,"Fig. 13: real videos DF Q-1, Q-7, Q-9 'over 80%'; fake videos DF Q-5, Q-6, Q-8 'around 50-60%'; 'only 29% correctly identified DF Q-5 as fake'",'advanced techniques like Deepface' (unspecified),,,,lab,"students, faculty and staff",0,,1,,0,0,https://iacis.org/iis/2024/2_iis_2024_96-112.pdf,medium,NUMBERS MISSING: per-item percentages only (in a figure); no pooled accuracy and total video counts not stated. Generator generic. Celebrity/politician videos.,
ST035,R00446,ST035-a,ST035-D1,G1 online students,audio,German,19,21,10,11,Likert (real / rather real / rather fake / fake / no idea),0.5,56.0,,55,,,,,"G1 online students: 19 participants, 57% correctly identified real clips, 55% detected deepfakes (as rendered); overall 'on avg. only 37 percent can distinguish between real and fake voice'",Tacotron 2 + WaveGlow (trained on target professor's lecture recordings),,raw,,lab,students,0,,1,,0,0,https://arxiv.org/pdf/2108.01469,medium,"computed: accuracy=(10*57+11*55)/21. false_alarm not derivable because 'no idea' is neither. Rates are % of clips correctly labelled; 'no idea' responses count as incorrect, so both rates can fall below 50%. Accuracy computed: (10*real_correct+11*fake_detected)/21. Quotes from WebFetch rendering, verify.",
ST035,R00446,ST035-b,ST035-D2,G2 in-person students,audio,German,14,21,10,11,Likert (real / rather real / rather fake / fake / no idea),0.5,64.9,,63,,,,,"G2 in-person students: 14 participants, 67% correctly identified real clips, 63% detected deepfakes (as rendered); overall 'on avg. only 37 percent can distinguish between real and fake voice'",Tacotron 2 + WaveGlow (trained on target professor's lecture recordings),,raw,,lab,students,0,,1,,0,0,https://arxiv.org/pdf/2108.01469,medium,"computed: accuracy=(10*67+11*63)/21. false_alarm not derivable because 'no idea' is neither. Rates are % of clips correctly labelled; 'no idea' responses count as incorrect, so both rates can fall below 50%. Accuracy computed: (10*real_correct+11*fake_detected)/21. Quotes from WebFetch rendering, verify.",
ST035,R00446,ST035-c,ST035-D3,G3 faculty/colleagues,audio,German,17,21,10,11,Likert (real / rather real / rather fake / fake / no idea),0.5,32.2,,27,,,,,"G3 faculty/colleagues: 17 participants, 38% correctly identified real clips, 27% detected deepfakes (as rendered); overall 'on avg. only 37 percent can distinguish between real and fake voice'",Tacotron 2 + WaveGlow (trained on target professor's lecture recordings),,raw,,lab,university faculty (colleagues of the speaker; untrained in audio),0,,1,,0,0,https://arxiv.org/pdf/2108.01469,medium,"computed: accuracy=(10*38+11*27)/21. false_alarm not derivable because 'no idea' is neither. Rates are % of clips correctly labelled; 'no idea' responses count as incorrect, so both rates can fall below 50%. Accuracy computed: (10*real_correct+11*fake_detected)/21. Quotes from WebFetch rendering, verify.",
ST035,R00446,ST035-d,ST035-D4,G4 general public,audio,German,52,21,10,11,Likert (real / rather real / rather fake / fake / no idea),0.5,29.9,,27,,,,,"G4 general public: 52 participants, 33% correctly identified real clips, 27% detected deepfakes (as rendered); overall 'on avg. only 37 percent can distinguish between real and fake voice'",Tacotron 2 + WaveGlow (trained on target professor's lecture recordings),,raw,,lab,general public,0,,0,,0,0,https://arxiv.org/pdf/2108.01469,medium,"computed: accuracy=(10*33+11*27)/21. false_alarm not derivable because 'no idea' is neither. Rates are % of clips correctly labelled; 'no idea' responses count as incorrect, so both rates can fall below 50%. Accuracy computed: (10*real_correct+11*fake_detected)/21. Quotes from WebFetch rendering, verify.",
ST036,R00472;R01077,ST036-a,ST036-D1,All participants (familiarity and set-size manipulated),video,English,154,4,,,single-item yes/no,0.5,,,,,,,,"'almost two thirds of study participants (102 out of 154, or 66.23%) were unable to correctly identify a sequence of just four videos'",not named,,,,lab,university community,0,,,,0,0,https://digitalcommons.kennesaw.edu/cgi/viewcontent.cgi?article=1142&context=ccerp,medium,NUMBERS MISSING: only the share of participants getting all 4 videos right (33.8%); per-trial accuracy not reported; generator not named (may be excluded under lookup rule 8).,
ST037,R00496,ST037-a,ST037-D1,Voice task,audio,English,172,40,40,40,single-item yes/no,0.5,53.95,,,,0.20,,,"'They correctly classified 53.95% (95% CI = [52.64, 55.27]) of voices'; 'discriminating between real and synthetic voices (d' M = .20, 95% CI = [.13, .27], SD = .45)'",ElevenLabs Instant Voice Cloning (stimuli from Lavan et al.),,raw,,lab,general public,0,2025 (per screening notes),0,,0,0,https://www.nature.com/articles/s41598-026-59364-3,high,Each participant heard 20 real + 20 synthetic of 40+40. Stimuli reused from Lavan et al. (ST008); different participants. Practice feedback only; none in main task. Face task excluded (images).,
ST038,R00500,ST038-a,ST038-D1,"EEG participants (C-C, C-E, A-E video categories)",audiovisual,Chinese; English,10,,,,single-item yes/no,0.5,,,,,,,,,,,,,lab,general public,,,,,0,0,https://api.openalex.org/works/doi:10.1145/3610661.3617148,low,"NUMBERS MISSING: only abstract readable (ACM PDF and fullHtml return 403 despite Gold OA listing). Abstract: 'EEG data were recorded from 10 healthy participants while they viewed three categories of videos: Asian people speaking Chinese (C-C), Asian people speaking English (C-E), Middle Eastern people speaking English (A-E). Participants were asked to determine whether each video was real or fake. Behavioral analysis revealed participants performed better in differentiating real or deepfake videos when the provided visual stimulus was a language they were familiar with (English)...' No behavioral accuracy values, stimulus counts or generator in abstract. Candidate for author contact.",
ST039,R00501,ST039-a,ST039-D1,Blind and low-vision participants: ASVspoof2021 clips,audio,English,16,8,4,4,single-item yes/no,0.5,63.3,,61.3,34.0,,,,Table 4: 'ASVSpoof2021 ElevenLabs Overall / Accuracy 0.633 0.539 0.586 / Recall 0.613 0.576 0.602 / Specificity 0.660 0.526 0.574',"ASVspoof2021 LA and DF attack segments (4 fake, 4 bona fide VCTK clips)",,curated (top machine-classifier false positives/negatives),,remote (Zoom interview),special population (blind and low-vision adults),0,,,,0,0,"https://dl.acm.org/doi/pdf/10.1145/3658644.3690305 (full text, browser pass 2)",high,Per-generator split (rule 5) of the 16-clip set; each participant heard 8 ASVspoof2021 clips (4 legit/4 fake). false_alarm_pct = 100 - specificity. Blind and low-vision subgroups (n=8 each) in Table 6 not entered separately (subsets). Replay allowed.,
ST039,R00501,ST039-b,ST039-D1,Blind and low-vision participants: ElevenLabs clones,audio,English,16,8,4,4,single-item yes/no,0.5,53.9,,57.6,47.4,,,,Table 4: 'ASVSpoof2021 ElevenLabs Overall / Accuracy 0.633 0.539 0.586 / Recall 0.613 0.576 0.602 / Specificity 0.660 0.526 0.574',ElevenLabs voice cloning of four volunteer speakers reading VCTK sentences (2023-24),,raw,,remote (Zoom interview),special population (blind and low-vision adults),0,,,,0,0,"https://dl.acm.org/doi/pdf/10.1145/3658644.3690305 (full text, browser pass 2)",high,Per-generator split (rule 5): 4 real recordings of volunteer speakers + 4 ElevenLabs clones of the same speakers. false_alarm_pct = 100 - specificity. Same participants as ST039-a (shared dependence_id).,
ST040,R00508,ST040-a,ST040-D1,Human participants vs ML models,video,,,,,,,,,,,,,,,,,,,,lab,,,,,,0,,https://api.openalex.org/works/doi:10.1002/pra2.1139,low,"NUMBERS MISSING: Wiley PDF (Bronze OA pdfdirect) returned 403; DR-NTU accepted version not reachable (405). Abstract only: 'This study compares ML models versus humans for detection. Results surprisingly showed that humans performed better.' No N, stimuli or accuracy available. NTU (Goh) group - possible sample overlap with ST054 and other Goh studies. Candidate for author contact.",
ST041,R00545,ST041-a,ST041-D1,"User study, genuine vs manipulated videos over noisy channels",video,,192,,,,single-item yes/no,0.5,,,,,,,,,,,,noisy channel transmission distortions (multiple conditions),lab,,,,,,0,,https://api.openalex.org/works/doi:10.1109/icme52920.2022.9859954,low,"NUMBERS MISSING: IEEE closed access, no OA copy found. Abstract: 'a user study with 192 participants' comparing humans and DNNs on genuine vs manipulated videos; 'DNNs outperform humans far', especially on distorted content. No accuracy values in abstract. Candidate for author contact.",
ST042,R00587,ST042-a,ST042-D1,User Study A: audio-only clips (real / entirely fake / partially fake),audio,English,148,10,2,8,3AFC,0.333,39.4,,59.375,35.5,,,40.625,Table 9 (Average accuracy of participants' responses for 10 audio clips; columns Real/Fake/Partial Fake): PF No 34% 48% 18%; PF No 12% 74% 14%; PF Yes 73% 16% 11%; PF Yes 63% 13% 24%; Fake No 77% 17% 6%; Fake Yes 11% 85% 4%; Fake No 36% 42% 22%; Fake Yes 19% 54% 27%; Real Yes 76% 12% 12%; Real No 53% 23% 24%. Sec 7.2: 'more than 75% of the participants were fooled by partially fake speech',Tortoise TTS zero-shot model (partial fake speech segments),4 partially fake + 4 entirely fake + 2 real clips,,,lab,general public,0,,1,,0,0,https://orca.cardiff.ac.uk/id/eprint/176003/1/PF%20Attacks.pdf,high,"Prolific, native English UK/US, 18+. 4 of 10 clips Donald Trump voice (familiar). Response options real/fake/partially fake. computed from Table 9 item percentages (equal N per item): accuracy_pct = mean exact-category correct over 10 clips = (18+14+11+24+17+85+42+54+76+53)/10; hit_rate_pct = mean over 8 fake/PF clips of (Fake+Partial Fake responses); false_alarm_pct = mean over 2 real clips of (Fake+PF) = (24+47)/2; pct_fake_judged_real = mean Real responses over 8 fake/PF clips = 325/8. Generator for entirely fake clips not separately named (Tortoise TTS stated for PF). Total duration of all audio+video ~3 min.",
ST042,R00587,ST042-b,ST042-D1,User Study B: real videos with embedded real/fake/partially fake audio,audiovisual,English,148,6,1,5,3AFC,0.333,27.33,,32.6,31,,,67.4,Table 10 (Participants' average responses to six video questions; columns Real/Fake/Partial Fake): PF far 85% 4% 11%; PF far 63% 14% 23%; PF front 77% 6% 17%; PF front 52% 17% 31%; Real front 69% 10% 21%; Fake Front/far 60% 13% 27%,Tortoise zero-shot model for TTS segments and FreeVC for VC speech; videos from YouTube-8m dataset,4 PF + 1 entirely fake + 1 real,,,lab,general public,0,,0,,0,0,https://orca.cardiff.ac.uk/id/eprint/176003/1/PF%20Attacks.pdf,high,Same 148 participants as Study A. Video track always authentic; only audio manipulated. computed from Table 10: accuracy_pct = mean exact-category correct = (11+23+17+31+69+13)/6; hit = mean(Fake+PF) over 5 manipulated = 163/5; FA = 10+21; pct_fake_judged_real = (85+63+77+52+60)/5.,
ST043,R00601,ST043-a,ST043-D1,All participants (mTurk),video,English,247,21,6,15,single-item yes/no,0.5,58.7,16.7,71.1,72.0,,,,"Table 1 (N = 247): DF rated real (%) 28.9 (SD 20.3); Real rated DF (%) 72.0 (SD 26.9); Correct ratings (%) 58.7 (SD 16.7); 'twenty-one short video clips where six of the videos were authentic, and the remaining fifteen videos were deepfakes'","clips from FaceForensics++ and the Deepfake Detection Challenge dataset (refs 50, 51)",,curated,,lab,general public (Amazon mTurk),0,,0,,0,0,"PsyArXiv a9dwe (Ask 2023), rendered via mfr.osf.io; Table 1 read from page image",high,computed: hit = 100 - 28.9. Unbalanced 6 real / 15 fake; percent correct is trial-weighted. Difficulty varied by design (curated).,
ST044,R00606,ST044-a,ST044-D1,"All participants, all categories",video,,,20,,,single-item yes/no,0.5,75.1,,,24.2,,,,"Sec 5.2: 'Humans achieved an average of 75.3% accuracy, outperforming all automated methods'; Table 6 (Comparative evaluation of detection methods): Human Detection | F1 0.750 | AP 0.755 | Accuracy 0.751; Table 4 (caption: 'Mean predicted probability that each fake category is classified as fake by automated detectors and human evaluators on FakePartsBench'), Human column: T2V 0.763 | I2V 0.715 | IT2V 0.821 | Stylechange 0.983 | Faceswap 0.612 | Real 0.242 | Interpolation 0.676 | Inpainting 0.588 | Outpainting 0.800 | All Avg. 0.732 | Full Fake Avg. 0.766 | FakeParts Avg. 0.700","Sora, Veo2, Allegro AI, RAVE, InsightFace, Framer, DiffuEraser, ProPainter, AKiRA","approx. half of annotations real, half fake/FakeParts",,,lab,,0,Sora and Veo2 accessed between late 2024 and early 2025 (stimulus generation); human study dates not reported,0,2-14,0,0,https://arxiv.org/html/2508.21052,high,"accuracy_pct from Table 6 (0.751); text states 75.3%. N inconsistent in paper: Sec 5.2 says 'A total of 80 participants each labeled 20 randomly selected video clips (real or FakeParts), yielding approximately 1,600 annotations overall, half corresponding to real content' but Appendix A says 'In total, 60 individuals participated'; n_participants left empty. Real row of Table 4 (0.242) is the probability real videos were classified as fake, i.e. false alarm rate (so real-video accuracy = 75.8%), resolving the 'real 24.2%' hint. Real videos from YouTube. Participants also wrote justifications; recruitment/participant type not reported. Streamlit survey.",
ST044,R00606,ST044-b,ST044-D1,Category T2V (hit rate for this fake category; FA from shared real videos),video,,60,20,,,single-item yes/no,0.5,76.05,,76.3,24.2,,,,"Table 4 (caption: 'Mean predicted probability that each fake category is classified as fake by automated detectors and human evaluators on FakePartsBench'), Human column: T2V 0.763 | I2V 0.715 | IT2V 0.821 | Stylechange 0.983 | Faceswap 0.612 | Real 0.242 | Interpolation 0.676 | Inpainting 0.588 | Outpainting 0.800 | All Avg. 0.732 | Full Fake Avg. 0.766 | FakeParts Avg. 0.700","Sora, Veo2, Allegro AI (text-to-video)",,,,lab,,0,Sora and Veo2 accessed between late 2024 and early 2025 (stimulus generation); human study dates not reported,0,5-6,0,0,https://arxiv.org/html/2508.21052,high,"Split by generator category; same participants as overall row. Full deepfake category. N inconsistent in paper: Sec 5.2 says 'A total of 80 participants each labeled 20 randomly selected video clips (real or FakeParts), yielding approximately 1,600 annotations overall, half corresponding to real content' but Appendix A says 'In total, 60 individuals participated'; n_participants left empty. Real row of Table 4 (0.242) is the probability real videos were classified as fake, i.e. false alarm rate (so real-video accuracy = 75.8%), resolving the 'real 24.2%' hint. Real videos from YouTube. Participants also wrote justifications; recruitment/participant type not reported. Streamlit survey. | paper gives both 80 and 60 participants; smaller N used (conservative); computed balanced accuracy = (hit + 75.8)/2",
ST044,R00606,ST044-c,ST044-D1,Category I2V (hit rate for this fake category; FA from shared real videos),video,,60,20,,,single-item yes/no,0.5,73.65,,71.5,24.2,,,,"Table 4 (caption: 'Mean predicted probability that each fake category is classified as fake by automated detectors and human evaluators on FakePartsBench'), Human column: T2V 0.763 | I2V 0.715 | IT2V 0.821 | Stylechange 0.983 | Faceswap 0.612 | Real 0.242 | Interpolation 0.676 | Inpainting 0.588 | Outpainting 0.800 | All Avg. 0.732 | Full Fake Avg. 0.766 | FakeParts Avg. 0.700","Sora, Veo2, Allegro AI (image-to-video)",,,,lab,,0,Sora and Veo2 accessed between late 2024 and early 2025 (stimulus generation); human study dates not reported,0,5-6,0,0,https://arxiv.org/html/2508.21052,high,"Split by generator category; same participants as overall row. Full deepfake category. N inconsistent in paper: Sec 5.2 says 'A total of 80 participants each labeled 20 randomly selected video clips (real or FakeParts), yielding approximately 1,600 annotations overall, half corresponding to real content' but Appendix A says 'In total, 60 individuals participated'; n_participants left empty. Real row of Table 4 (0.242) is the probability real videos were classified as fake, i.e. false alarm rate (so real-video accuracy = 75.8%), resolving the 'real 24.2%' hint. Real videos from YouTube. Participants also wrote justifications; recruitment/participant type not reported. Streamlit survey. | paper gives both 80 and 60 participants; smaller N used (conservative); computed balanced accuracy = (hit + 75.8)/2",
ST044,R00606,ST044-d,ST044-D1,Category IT2V (hit rate for this fake category; FA from shared real videos),video,,60,20,,,single-item yes/no,0.5,78.95,,82.1,24.2,,,,"Table 4 (caption: 'Mean predicted probability that each fake category is classified as fake by automated detectors and human evaluators on FakePartsBench'), Human column: T2V 0.763 | I2V 0.715 | IT2V 0.821 | Stylechange 0.983 | Faceswap 0.612 | Real 0.242 | Interpolation 0.676 | Inpainting 0.588 | Outpainting 0.800 | All Avg. 0.732 | Full Fake Avg. 0.766 | FakeParts Avg. 0.700","Sora, Veo2, Allegro AI (image+text-to-video)",,,,lab,,0,Sora and Veo2 accessed between late 2024 and early 2025 (stimulus generation); human study dates not reported,0,5-6,0,0,https://arxiv.org/html/2508.21052,high,"Split by generator category; same participants as overall row. Full deepfake category. N inconsistent in paper: Sec 5.2 says 'A total of 80 participants each labeled 20 randomly selected video clips (real or FakeParts), yielding approximately 1,600 annotations overall, half corresponding to real content' but Appendix A says 'In total, 60 individuals participated'; n_participants left empty. Real row of Table 4 (0.242) is the probability real videos were classified as fake, i.e. false alarm rate (so real-video accuracy = 75.8%), resolving the 'real 24.2%' hint. Real videos from YouTube. Participants also wrote justifications; recruitment/participant type not reported. Streamlit survey. | paper gives both 80 and 60 participants; smaller N used (conservative); computed balanced accuracy = (hit + 75.8)/2",
ST044,R00606,ST044-e,ST044-D1,Category Stylechange (hit rate for this fake category; FA from shared real videos),video,,60,20,,,single-item yes/no,0.5,87.05,,98.3,24.2,,,,"Table 4 (caption: 'Mean predicted probability that each fake category is classified as fake by automated detectors and human evaluators on FakePartsBench'), Human column: T2V 0.763 | I2V 0.715 | IT2V 0.821 | Stylechange 0.983 | Faceswap 0.612 | Real 0.242 | Interpolation 0.676 | Inpainting 0.588 | Outpainting 0.800 | All Avg. 0.732 | Full Fake Avg. 0.766 | FakeParts Avg. 0.700",RAVE,,,,lab,,0,Sora and Veo2 accessed between late 2024 and early 2025 (stimulus generation); human study dates not reported,0,14,0,0,https://arxiv.org/html/2508.21052,high,"Split by generator category; same participants as overall row. FakeParts (partial manipulation) category. N inconsistent in paper: Sec 5.2 says 'A total of 80 participants each labeled 20 randomly selected video clips (real or FakeParts), yielding approximately 1,600 annotations overall, half corresponding to real content' but Appendix A says 'In total, 60 individuals participated'; n_participants left empty. Real row of Table 4 (0.242) is the probability real videos were classified as fake, i.e. false alarm rate (so real-video accuracy = 75.8%), resolving the 'real 24.2%' hint. Real videos from YouTube. Participants also wrote justifications; recruitment/participant type not reported. Streamlit survey. | paper gives both 80 and 60 participants; smaller N used (conservative); computed balanced accuracy = (hit + 75.8)/2",
ST044,R00606,ST044-f,ST044-D1,Category Faceswap (hit rate for this fake category; FA from shared real videos),video,,60,20,,,single-item yes/no,0.5,68.5,,61.2,24.2,,,,"Table 4 (caption: 'Mean predicted probability that each fake category is classified as fake by automated detectors and human evaluators on FakePartsBench'), Human column: T2V 0.763 | I2V 0.715 | IT2V 0.821 | Stylechange 0.983 | Faceswap 0.612 | Real 0.242 | Interpolation 0.676 | Inpainting 0.588 | Outpainting 0.800 | All Avg. 0.732 | Full Fake Avg. 0.766 | FakeParts Avg. 0.700",InsightFace,,,,lab,,0,Sora and Veo2 accessed between late 2024 and early 2025 (stimulus generation); human study dates not reported,0,13,0,0,https://arxiv.org/html/2508.21052,high,"Split by generator category; same participants as overall row. FakeParts (partial manipulation) category. N inconsistent in paper: Sec 5.2 says 'A total of 80 participants each labeled 20 randomly selected video clips (real or FakeParts), yielding approximately 1,600 annotations overall, half corresponding to real content' but Appendix A says 'In total, 60 individuals participated'; n_participants left empty. Real row of Table 4 (0.242) is the probability real videos were classified as fake, i.e. false alarm rate (so real-video accuracy = 75.8%), resolving the 'real 24.2%' hint. Real videos from YouTube. Participants also wrote justifications; recruitment/participant type not reported. Streamlit survey. | paper gives both 80 and 60 participants; smaller N used (conservative); computed balanced accuracy = (hit + 75.8)/2",
ST044,R00606,ST044-g,ST044-D1,Category Interpolation (hit rate for this fake category; FA from shared real videos),video,,60,20,,,single-item yes/no,0.5,71.7,,67.6,24.2,,,,"Table 4 (caption: 'Mean predicted probability that each fake category is classified as fake by automated detectors and human evaluators on FakePartsBench'), Human column: T2V 0.763 | I2V 0.715 | IT2V 0.821 | Stylechange 0.983 | Faceswap 0.612 | Real 0.242 | Interpolation 0.676 | Inpainting 0.588 | Outpainting 0.800 | All Avg. 0.732 | Full Fake Avg. 0.766 | FakeParts Avg. 0.700",Framer,,,,lab,,0,Sora and Veo2 accessed between late 2024 and early 2025 (stimulus generation); human study dates not reported,0,3,0,0,https://arxiv.org/html/2508.21052,high,"Split by generator category; same participants as overall row. FakeParts (partial manipulation) category. N inconsistent in paper: Sec 5.2 says 'A total of 80 participants each labeled 20 randomly selected video clips (real or FakeParts), yielding approximately 1,600 annotations overall, half corresponding to real content' but Appendix A says 'In total, 60 individuals participated'; n_participants left empty. Real row of Table 4 (0.242) is the probability real videos were classified as fake, i.e. false alarm rate (so real-video accuracy = 75.8%), resolving the 'real 24.2%' hint. Real videos from YouTube. Participants also wrote justifications; recruitment/participant type not reported. Streamlit survey. | paper gives both 80 and 60 participants; smaller N used (conservative); computed balanced accuracy = (hit + 75.8)/2",
ST044,R00606,ST044-h,ST044-D1,Category Inpainting (hit rate for this fake category; FA from shared real videos),video,,60,20,,,single-item yes/no,0.5,67.3,,58.8,24.2,,,,"Table 4 (caption: 'Mean predicted probability that each fake category is classified as fake by automated detectors and human evaluators on FakePartsBench'), Human column: T2V 0.763 | I2V 0.715 | IT2V 0.821 | Stylechange 0.983 | Faceswap 0.612 | Real 0.242 | Interpolation 0.676 | Inpainting 0.588 | Outpainting 0.800 | All Avg. 0.732 | Full Fake Avg. 0.766 | FakeParts Avg. 0.700","DiffuEraser, ProPainter",,,,lab,,0,Sora and Veo2 accessed between late 2024 and early 2025 (stimulus generation); human study dates not reported,0,6-7,0,0,https://arxiv.org/html/2508.21052,high,"Split by generator category; same participants as overall row. FakeParts (partial manipulation) category. N inconsistent in paper: Sec 5.2 says 'A total of 80 participants each labeled 20 randomly selected video clips (real or FakeParts), yielding approximately 1,600 annotations overall, half corresponding to real content' but Appendix A says 'In total, 60 individuals participated'; n_participants left empty. Real row of Table 4 (0.242) is the probability real videos were classified as fake, i.e. false alarm rate (so real-video accuracy = 75.8%), resolving the 'real 24.2%' hint. Real videos from YouTube. Participants also wrote justifications; recruitment/participant type not reported. Streamlit survey. | paper gives both 80 and 60 participants; smaller N used (conservative); computed balanced accuracy = (hit + 75.8)/2",
ST044,R00606,ST044-i,ST044-D1,Category Outpainting (hit rate for this fake category; FA from shared real videos),video,,60,20,,,single-item yes/no,0.5,77.9,,80.0,24.2,,,,"Table 4 (caption: 'Mean predicted probability that each fake category is classified as fake by automated detectors and human evaluators on FakePartsBench'), Human column: T2V 0.763 | I2V 0.715 | IT2V 0.821 | Stylechange 0.983 | Faceswap 0.612 | Real 0.242 | Interpolation 0.676 | Inpainting 0.588 | Outpainting 0.800 | All Avg. 0.732 | Full Fake Avg. 0.766 | FakeParts Avg. 0.700",AKiRA,,,,lab,,0,Sora and Veo2 accessed between late 2024 and early 2025 (stimulus generation); human study dates not reported,0,2,0,0,https://arxiv.org/html/2508.21052,high,"Split by generator category; same participants as overall row. FakeParts (partial manipulation) category. N inconsistent in paper: Sec 5.2 says 'A total of 80 participants each labeled 20 randomly selected video clips (real or FakeParts), yielding approximately 1,600 annotations overall, half corresponding to real content' but Appendix A says 'In total, 60 individuals participated'; n_participants left empty. Real row of Table 4 (0.242) is the probability real videos were classified as fake, i.e. false alarm rate (so real-video accuracy = 75.8%), resolving the 'real 24.2%' hint. Real videos from YouTube. Participants also wrote justifications; recruitment/participant type not reported. Streamlit survey. | paper gives both 80 and 60 participants; smaller N used (conservative); computed balanced accuracy = (hit + 75.8)/2",
ST045,R00607,ST045-a,ST045-D1,FIC practitioners and novices,video,,,11,6,5,single-item yes/no,0.5,,,,,,,,,,,,,lab,domain professionals; general public,,,,,0,0,https://research.tees.ac.uk/en/publications/decoding-deception-understanding-human-discrimination-ability-in-/,low,"NUMBERS MISSING: Springer chapter paywalled; Teesside repository has abstract only. Abstract: 'two participant cohorts (FIC practitioners and novice subjects) were shown eleven videos (6 authentic videos and 5 DeepFake videos) and asked to make judgments about the authenticity of the faces... the novice cohort outperformed the practitioners with an overall performance surpassing 70%'. No exact accuracy or N per cohort. Expert group (facial image comparison practitioners). Would need two rows (practitioners, novices) once numbers are available.",
ST046,R00617,ST046-a,ST046-D1,Seven preregistered studies (deepfake vs genuine content conditions),audiovisual,,2558,,,,,,,,,,,,,,,,,,lab,general public,,,,,,,https://api.semanticscholar.org/graph/v1/paper/DOI:10.31234/osf.io/4ms5a,low,"NUMBERS MISSING (and eligibility borderline): PsyArXiv PDF (psyarxiv.com -> osf.io) blocked by robots.txt; OSTI record abstract-only; ResearchGate 429; a possible full-text copy at inspirehep.net/files/fb1a3c3d8acc096102e4002ec612f6b9 could not be read (session web limit reached) - retry there. Abstract: 'Across seven preregistered studies (N = 2558) we exposed participants to either genuine or Deepfaked content ... Deepfaked videos and audio have a strong psychological impact ... Many people are unaware that Deepfaking is possible; find it difficult to detect when they are being exposed to it'. Main outcome is attitudes; detection appears to be a post-exposure question; per-study detection numbers, per-condition N and whether genuine-condition participants were also asked are unverified. Includes video and audio deepfakes. Data/preregistrations at osf.io/f6ajb.",
ST047,R00646,ST047-a,ST047-D1,Study 1a Baseline (non-signaled deepfakes),video,,180,100,300,300,single-item yes/no,0.5,72.6,,73.3,28.1,1.29,,,"'In the Baseline condition, the average hit rate across participants was 73.3% (SEM (standard error of the mean): 1.13%)'; Appendix A (Non-signaled deepfakes) Hit Rate | False Alarm | Sensitivity | Criterion: Baseline 0.73 | 0.28 | 1.29 | -0.01",DFDC (Deepfake Detection Challenge preview dataset),,curated,,lab,general public,1: 'participants received feedback on every trial',,0,12,0,0,https://par.nsf.gov/servlets/purl/10524815,high,"50% prevalence; 'There were 100 trials, divided into five blocks of 20.'. Prolific, US-based. 'There were 180 participants per experiment, for a total of 900 participants'; each experiment's 180 were split between-subjects into a deepfake version and a Caricature version ('condition assignment was simply determined by which link participants clicked'), per-version N not reported, so n_participants left empty. Only non-signaled (unaided) deepfake versions extracted; Caricature versions (Appendix C, e.g. Baseline H .95/FA .03) and Study 2 (text vs caricature indicators, N=298, all aided, 'no separate control') excluded as aided. Curation: 'We excluded any deepfake that contained artifacts for its whole duration; contained artifacts covering the whole face at any point in time; contained a momentary failure revealing the real face underneath; or had mismatches in gender, lighting, or skin tone'; 300 real-fake pairs in pool (n_real/n_fake = pool; each participant saw a subset). 'Audio was removed, videos were cut into 12-second clips and cropped to show only one face.' Attention-check failers replaced; trials >60 s dropped. | verified 2026-09-27: 'There were 180 participants per experiment'; between-subjects; computed balanced accuracy = (hit + 100 - FA)/2",
ST047,R00646,ST047-b,ST047-D2,Study 1a Low Prevalence (non-signaled deepfakes),video,,180,100,300,300,single-item yes/no,0.5,69.5,,55,16,1.19,,,Appendix A: Low Prevalence 0.55 | 0.16 | 1.19 | 0.48,DFDC (Deepfake Detection Challenge preview dataset),,curated,,lab,general public,1: 'participants received feedback on every trial',,0,12,0,0,https://par.nsf.gov/servlets/purl/10524815,high,"'only 20% of the trials contained fake videos' (20 fake / 80 real trials). Prolific, US-based. 'There were 180 participants per experiment, for a total of 900 participants'; each experiment's 180 were split between-subjects into a deepfake version and a Caricature version ('condition assignment was simply determined by which link participants clicked'), per-version N not reported, so n_participants left empty. Only non-signaled (unaided) deepfake versions extracted; Caricature versions (Appendix C, e.g. Baseline H .95/FA .03) and Study 2 (text vs caricature indicators, N=298, all aided, 'no separate control') excluded as aided. Curation: 'We excluded any deepfake that contained artifacts for its whole duration; contained artifacts covering the whole face at any point in time; contained a momentary failure revealing the real face underneath; or had mismatches in gender, lighting, or skin tone'; 300 real-fake pairs in pool (n_real/n_fake = pool; each participant saw a subset). 'Audio was removed, videos were cut into 12-second clips and cropped to show only one face.' Attention-check failers replaced; trials >60 s dropped. | verified 2026-09-27: 'There were 180 participants per experiment'; between-subjects; computed balanced accuracy = (hit + 100 - FA)/2",
ST047,R00646,ST047-c,ST047-D3,Study 1a Brief Presentation (non-signaled deepfakes),video,,180,100,300,300,single-item yes/no,0.5,68.5,,65,28,1.04,,,Appendix A: Brief Presentation 0.65 | 0.28 | 1.04 | 0.11,DFDC (Deepfake Detection Challenge preview dataset),,curated,,lab,general public,1: 'participants received feedback on every trial',,0,2,0,0,https://par.nsf.gov/servlets/purl/10524815,high,"'videos were only presented for 2 seconds'; 50% prevalence. Prolific, US-based. 'There were 180 participants per experiment, for a total of 900 participants'; each experiment's 180 were split between-subjects into a deepfake version and a Caricature version ('condition assignment was simply determined by which link participants clicked'), per-version N not reported, so n_participants left empty. Only non-signaled (unaided) deepfake versions extracted; Caricature versions (Appendix C, e.g. Baseline H .95/FA .03) and Study 2 (text vs caricature indicators, N=298, all aided, 'no separate control') excluded as aided. Curation: 'We excluded any deepfake that contained artifacts for its whole duration; contained artifacts covering the whole face at any point in time; contained a momentary failure revealing the real face underneath; or had mismatches in gender, lighting, or skin tone'; 300 real-fake pairs in pool (n_real/n_fake = pool; each participant saw a subset). 'Audio was removed, videos were cut into 12-second clips and cropped to show only one face.' Attention-check failers replaced; trials >60 s dropped. | verified 2026-09-27: 'There were 180 participants per experiment'; between-subjects; computed balanced accuracy = (hit + 100 - FA)/2",
ST047,R00646,ST047-d,ST047-D4,Study 1a Divided Attention (non-signaled deepfakes),video,,180,50,300,300,single-item yes/no,0.5,68.0,,67,31,1.03,,,Appendix A: Divided Attention 0.67 | 0.31 | 1.03 | 0.03,DFDC (Deepfake Detection Challenge preview dataset),,curated,,lab,general public,1: 'participants received feedback on every trial',,0,12,0,0,https://par.nsf.gov/servlets/purl/10524815,high,"concurrent digit-counting task; 50 trials; 50% prevalence. Prolific, US-based. 'There were 180 participants per experiment, for a total of 900 participants'; each experiment's 180 were split between-subjects into a deepfake version and a Caricature version ('condition assignment was simply determined by which link participants clicked'), per-version N not reported, so n_participants left empty. Only non-signaled (unaided) deepfake versions extracted; Caricature versions (Appendix C, e.g. Baseline H .95/FA .03) and Study 2 (text vs caricature indicators, N=298, all aided, 'no separate control') excluded as aided. Curation: 'We excluded any deepfake that contained artifacts for its whole duration; contained artifacts covering the whole face at any point in time; contained a momentary failure revealing the real face underneath; or had mismatches in gender, lighting, or skin tone'; 300 real-fake pairs in pool (n_real/n_fake = pool; each participant saw a subset). 'Audio was removed, videos were cut into 12-second clips and cropped to show only one face.' Attention-check failers replaced; trials >60 s dropped. | verified 2026-09-27: 'There were 180 participants per experiment'; between-subjects; computed balanced accuracy = (hit + 100 - FA)/2",
ST047,R00646,ST047-e,ST047-D5,Study 1a Noisy Video (non-signaled deepfakes),video,,180,100,300,300,single-item yes/no,0.5,63.0,,66,40,,,,Appendix A: Noisy Video 0.66 | 0.40 | 4.57 | -0.08,DFDC (Deepfake Detection Challenge preview dataset),,curated,"compression, constant rate factor 40",lab,general public,1: 'participants received feedback on every trial',,0,12,0,0,https://par.nsf.gov/servlets/purl/10524815,high,"'videos were compressed using a constant rate factor of 40'; reported sensitivity 4.57 is inconsistent with H=.66/FA=.40 (likely typo) so dprime left empty. Prolific, US-based. 'There were 180 participants per experiment, for a total of 900 participants'; each experiment's 180 were split between-subjects into a deepfake version and a Caricature version ('condition assignment was simply determined by which link participants clicked'), per-version N not reported, so n_participants left empty. Only non-signaled (unaided) deepfake versions extracted; Caricature versions (Appendix C, e.g. Baseline H .95/FA .03) and Study 2 (text vs caricature indicators, N=298, all aided, 'no separate control') excluded as aided. Curation: 'We excluded any deepfake that contained artifacts for its whole duration; contained artifacts covering the whole face at any point in time; contained a momentary failure revealing the real face underneath; or had mismatches in gender, lighting, or skin tone'; 300 real-fake pairs in pool (n_real/n_fake = pool; each participant saw a subset). 'Audio was removed, videos were cut into 12-second clips and cropped to show only one face.' Attention-check failers replaced; trials >60 s dropped. | verified 2026-09-27: 'There were 180 participants per experiment'; between-subjects; computed balanced accuracy = (hit + 100 - FA)/2",
ST048,R00697,ST048-a,ST048-D1,"T1: deepfake, no content warning",audiovisual,English,354,5,4,1,interactive,,,,10.7,,,,,"Preprint (Royal Society report), Experiment results: 'only 10.7% of participants in T1, who received no content warning, correctly identified the deepfake'; published RSOS Results: T1 'the fraction of participants reporting anything out of the ordinary was nearly identical, at 32.9%' (vs control 34.1%)",a deepfake video of the American actor Tom Cruise created and made public by the VFX artist Chris Ume,,curated,,social media,general public,0,,1,,0,0,https://ora.ox.ac.uk/objects/uuid:2384ad92-a8d3-4820-8082-d5c29c4ca228/files/r5999n4236 ; https://royalsociety.org/-/media/policy/projects/online-information-environment/do-content-warnings-help-people-spot-a-deepfake.pdf,medium,"hit_rate_pct = % of participants who correctly identified the deepfake among 5 videos (preprint figure; published version shows it only in Figure 3). N from published version. Published version: Lewis, Vu, Duch & Chowdhury 2023 Royal Society Open Science 'Deepfake detection with and without content warnings' (single experiment, three between-subjects arms; 1,093 recruited, 1,080 analysed; UK participants via Lucid Marketplace). Record R00697 is the preprint. Participants watched 5 videos of Tom Cruise (celebrity, familiar); task was not per-video real/fake judgment: T1/C1 asked if they noticed 'anything out of the ordinary' then which video(s); T2 told 'at least one of which is a deepfake' and asked to select the video(s) (multiple allowed). chance undefined. Fieldwork dates not reported. Videos presumably YouTube-style clips; audio present. | browser pass 2026-09-28: Europe PMC PMC10679876 read: unwarned arms only report 'noticed anything out of the ordinary' (32.9% deepfake arm vs 34.1% control), warned arm reports only whole-set selections (21.6% picked only the deepfake); no per-video real-vs-fake accuracy",
ST048,R00697,ST048-b,ST048-D2,"T2: deepfake, with content warning",audiovisual,English,365,5,4,1,interactive,,,,21.6,,,,,"Published RSOS Results: 'Only 21.6% of participants correctly identify the deepfake video as the only inauthentic video, while nearly half erroneously select at least one genuine video as a deepfake.'; '45% identified more than one video as a deepfake'",a deepfake video of the American actor Tom Cruise created and made public by the VFX artist Chris Ume,,curated,,social media,general public,0 (content warning that at least one video is a deepfake; no training),,1,,0,0,https://ora.ox.ac.uk/objects/uuid:2384ad92-a8d3-4820-8082-d5c29c4ca228/files/r5999n4236,medium,"hit_rate_pct here = % of participants selecting the deepfake as the ONLY inauthentic video (participant-level exact-correct), not the per-item hit rate; preprint reported false positives 78.4% whereas published says 'nearly half' select at least one genuine video - values differ between versions. Published version: Lewis, Vu, Duch & Chowdhury 2023 Royal Society Open Science 'Deepfake detection with and without content warnings' (single experiment, three between-subjects arms; 1,093 recruited, 1,080 analysed; UK participants via Lucid Marketplace). Record R00697 is the preprint. Participants watched 5 videos of Tom Cruise (celebrity, familiar); task was not per-video real/fake judgment: T1/C1 asked if they noticed 'anything out of the ordinary' then which video(s); T2 told 'at least one of which is a deepfake' and asked to select the video(s) (multiple allowed). chance undefined. Fieldwork dates not reported. Videos presumably YouTube-style clips; audio present. | browser pass 2026-09-28: Europe PMC PMC10679876 read: unwarned arms only report 'noticed anything out of the ordinary' (32.9% deepfake arm vs 34.1% control), warned arm reports only whole-set selections (21.6% picked only the deepfake); no per-video real-vs-fake accuracy",
ST048,R00697,ST048-c,ST048-D3,"C1: control, all authentic videos, no warning",audiovisual,English,361,5,5,0,interactive,,,,,,,,,"Published RSOS Results: 'In the No Deepfake, No Content Warning (C1) control arm, where all videos were authentic, only 34.1% of participants report having noted anything out of the ordinary.'",a deepfake video of the American actor Tom Cruise created and made public by the VFX artist Chris Ume,,curated,,social media,general public,0,,1,,0,0,https://ora.ox.ac.uk/objects/uuid:2384ad92-a8d3-4820-8082-d5c29c4ca228/files/r5999n4236,medium,"Real-only control; 34.1% noticed 'anything out of the ordinary' (not a fake judgment), so false_alarm_pct not entered. Published version: Lewis, Vu, Duch & Chowdhury 2023 Royal Society Open Science 'Deepfake detection with and without content warnings' (single experiment, three between-subjects arms; 1,093 recruited, 1,080 analysed; UK participants via Lucid Marketplace). Record R00697 is the preprint. Participants watched 5 videos of Tom Cruise (celebrity, familiar); task was not per-video real/fake judgment: T1/C1 asked if they noticed 'anything out of the ordinary' then which video(s); T2 told 'at least one of which is a deepfake' and asked to select the video(s) (multiple allowed). chance undefined. Fieldwork dates not reported. Videos presumably YouTube-style clips; audio present. | browser pass 2026-09-28: Europe PMC PMC10679876 read: unwarned arms only report 'noticed anything out of the ordinary' (32.9% deepfake arm vs 34.1% control), warned arm reports only whole-set selections (21.6% picked only the deepfake); no per-video real-vs-fake accuracy",
ST049,R00708,ST049-a,ST049-D1,"Study 2 (videos), human participants",video,,1901,70,35,35,Likert,0.5,63,,50,25,,0.67,,"Study 2, Human Performance: 'discrimination ability between deepfake and real videos was fairly good (M = 0.67, SD = 0.11)'; Machine vs human: 'The TNR for humans was 50%, whereas the TPR was 75% (Fig. 7B), with 63% overall accuracy' (TPR = 'correctly classifying real as real', TNR = 'correctly classifying deepfake as deepfake')",Deepfake Detection Challenge (DFDC) dataset,,curated,trimmed to 10 s,lab,students,0,,0,10,0,0,https://pmc.ncbi.nlm.nih.gov/articles/PMC12779810/,high,"Only Study 2 extracted (Study 1 = static images). 2,183 undergraduates recruited via SONA, final 1,901 (age 18-61, M=20.26). Response: slider from 100% Fake to 100% Real; for TPR/TNR 'ratings from 100% (Fake) to 60% (Fake) reflected TNR; ratings from 100% (Real) to 60% (Real) reflected TPR', middle responses omitted, so accuracy/hit/FA are on binarized ratings. hit_rate_pct = TNR; false_alarm_pct = 100 - TPR (computed: 100-75). AUC SD 0.11 across participants. About half of participants viewed videos with audio, half muted (counterbalanced); results not split in extracted text. Deepfakes selected with quality criteria from DFDC (face swapping, expression altering, audio swapping).",
ST050,R00744;R01098,ST050-a,ST050-D1,All FakeET participants,video,,40,100,331,480,paired/2AFC,0.5,,,,,,,,,Google Deepfake dataset,"fake videos categorized as easy (244) and difficult (236); each participant saw 50 real, 25 easy and 25 hard fakes",curated,"clipped to 20 seconds, 1920x1080, 24 fps",lab,students,0,,0,20,0,0,https://arxiv.org/pdf/2006.06961v2,high,"NUMBERS MISSING: human real/fake labels recorded ('two-alternative forced choice (2AFC) task for recording their first impressions. Users had to label the video as real or fake via a radio button') but no human accuracy reported in the paper; labels released in FakeET database, so accuracy may be computable from data - candidate for data/author contact. 40 university graduate/undergraduate students with eye-tracker and EEG. task_format coded 2AFC per authors' wording but it is a single-item real/fake label. Audio presence not stated. arXiv preprint and ICMI 2020 paper are the same study.",
ST051,R00753;R02143,ST051-a,ST051-D1,"Session 1 (pre-training), non-fine-tuned AI speech",audio,Mandarin,30,297,99,198,single-item yes/no,0.5,,,,,0.512,,,"Results, Session 1 behavioral d': 'human speech, M = 0.383, SE = 0.044; non-fine-tuned AI speech, M = 0.512, SE = 0.047; fine-tuned AI speech, M = 0.266, SE = 0.050'",GPT-SoVITS-V3 (non-fine-tuned AI),"1/3 human, 1/3 non-fine-tuned AI, 1/3 fine-tuned AI",,,lab,general public,0,,0,<3,0,0,https://www.eneuro.org/content/eneuro/13/3/ENEURO.0300-25.2026.full.pdf,high,"EEG study; 30 native Mandarin speakers age 20-32 (recruitment source not reported, participant_type may be students). Each session: '297 randomly ordered sentences (33 sentences x 3 speaker conditions x 3 speech conditions)' (human, non-fine-tuned AI, fine-tuned AI; n_real/n_fake computed 99/198); Session 2 used 33 novel sentences. Binary response 'Was the sentence spoken by a real person or an AI?'. d' per speech type computed by authors 'treating the trials of a specific speech type as target and the trials of other types as noise' - so the per-generator d' uses a noise distribution that mixes human and the other AI type (not standard fake-vs-real d'); human-speech d' (0.383 pre, 0.536 post) is the closest to an overall real-vs-AI d'. Three unfamiliar speakers. Training between sessions: ~12 min, '9 narrative recordings ... explicitly labeled as human or AI-generated'; no trial feedback reported. R00753 (eNeuro 2026) and R02143 (2025 record) are the same study. | verified 2026-09-27: d' per speech type from eNeuro text (e.g. 'non-fine-tuned AI speech, M = 0.512'); no percent correct reported",
ST051,R00753;R02143,ST051-b,ST051-D1,"Session 1 (pre-training), fine-tuned AI speech",audio,Mandarin,30,297,99,198,single-item yes/no,0.5,,,,,0.266,,,"Results, Session 1 behavioral d': 'human speech, M = 0.383, SE = 0.044; non-fine-tuned AI speech, M = 0.512, SE = 0.047; fine-tuned AI speech, M = 0.266, SE = 0.050'",GPT-SoVITS-V3 (fine-tuned AI),"1/3 human, 1/3 non-fine-tuned AI, 1/3 fine-tuned AI",,,lab,general public,0,,0,<3,0,0,https://www.eneuro.org/content/eneuro/13/3/ENEURO.0300-25.2026.full.pdf,high,"EEG study; 30 native Mandarin speakers age 20-32 (recruitment source not reported, participant_type may be students). Each session: '297 randomly ordered sentences (33 sentences x 3 speaker conditions x 3 speech conditions)' (human, non-fine-tuned AI, fine-tuned AI; n_real/n_fake computed 99/198); Session 2 used 33 novel sentences. Binary response 'Was the sentence spoken by a real person or an AI?'. d' per speech type computed by authors 'treating the trials of a specific speech type as target and the trials of other types as noise' - so the per-generator d' uses a noise distribution that mixes human and the other AI type (not standard fake-vs-real d'); human-speech d' (0.383 pre, 0.536 post) is the closest to an overall real-vs-AI d'. Three unfamiliar speakers. Training between sessions: ~12 min, '9 narrative recordings ... explicitly labeled as human or AI-generated'; no trial feedback reported. R00753 (eNeuro 2026) and R02143 (2025 record) are the same study. | verified 2026-09-27: d' per speech type from eNeuro text (e.g. 'non-fine-tuned AI speech, M = 0.512'); no percent correct reported",
ST051,R00753;R02143,ST051-c,ST051-D1,"Session 2 (post-training), non-fine-tuned AI speech",audio,Mandarin,30,297,99,198,single-item yes/no,0.5,,,,,0.764,,,"Results, Session 2 behavioral d': 'human speech, M = 0.536, SE = 0.082; non-fine-tuned AI speech, M = 0.764, SE = 0.110; fine-tuned AI speech, M = 0.341, SE = 0.071'",GPT-SoVITS-V3 (non-fine-tuned AI),"1/3 human, 1/3 non-fine-tuned AI, 1/3 fine-tuned AI",,,lab,general public,1; brief labelled-exemplar training between sessions,,0,<3,0,0,https://www.eneuro.org/content/eneuro/13/3/ENEURO.0300-25.2026.full.pdf,high,"EEG study; 30 native Mandarin speakers age 20-32 (recruitment source not reported, participant_type may be students). Each session: '297 randomly ordered sentences (33 sentences x 3 speaker conditions x 3 speech conditions)' (human, non-fine-tuned AI, fine-tuned AI; n_real/n_fake computed 99/198); Session 2 used 33 novel sentences. Binary response 'Was the sentence spoken by a real person or an AI?'. d' per speech type computed by authors 'treating the trials of a specific speech type as target and the trials of other types as noise' - so the per-generator d' uses a noise distribution that mixes human and the other AI type (not standard fake-vs-real d'); human-speech d' (0.383 pre, 0.536 post) is the closest to an overall real-vs-AI d'. Three unfamiliar speakers. Training between sessions: ~12 min, '9 narrative recordings ... explicitly labeled as human or AI-generated'; no trial feedback reported. R00753 (eNeuro 2026) and R02143 (2025 record) are the same study. | verified 2026-09-27: d' per speech type from eNeuro text (e.g. 'non-fine-tuned AI speech, M = 0.512'); no percent correct reported",
ST051,R00753;R02143,ST051-d,ST051-D1,"Session 2 (post-training), fine-tuned AI speech",audio,Mandarin,30,297,99,198,single-item yes/no,0.5,,,,,0.341,,,"Results, Session 2 behavioral d': 'human speech, M = 0.536, SE = 0.082; non-fine-tuned AI speech, M = 0.764, SE = 0.110; fine-tuned AI speech, M = 0.341, SE = 0.071'",GPT-SoVITS-V3 (fine-tuned AI),"1/3 human, 1/3 non-fine-tuned AI, 1/3 fine-tuned AI",,,lab,general public,1; brief labelled-exemplar training between sessions,,0,<3,0,0,https://www.eneuro.org/content/eneuro/13/3/ENEURO.0300-25.2026.full.pdf,high,"EEG study; 30 native Mandarin speakers age 20-32 (recruitment source not reported, participant_type may be students). Each session: '297 randomly ordered sentences (33 sentences x 3 speaker conditions x 3 speech conditions)' (human, non-fine-tuned AI, fine-tuned AI; n_real/n_fake computed 99/198); Session 2 used 33 novel sentences. Binary response 'Was the sentence spoken by a real person or an AI?'. d' per speech type computed by authors 'treating the trials of a specific speech type as target and the trials of other types as noise' - so the per-generator d' uses a noise distribution that mixes human and the other AI type (not standard fake-vs-real d'); human-speech d' (0.383 pre, 0.536 post) is the closest to an overall real-vs-AI d'. Three unfamiliar speakers. Training between sessions: ~12 min, '9 narrative recordings ... explicitly labeled as human or AI-generated'; no trial feedback reported. R00753 (eNeuro 2026) and R02143 (2025 record) are the same study. | verified 2026-09-27: d' per speech type from eNeuro text (e.g. 'non-fine-tuned AI speech, M = 0.512'); no percent correct reported",
ST052,R00773,ST052-a,ST052-D1,Progressive metal fans (listening survey),music,,32,60,20,40,Likert,0.5,,,,,,,,"Q7 'This composition was generated using AI.' (7-point Likert); 'Figure 2 shows a large variance in the responses for Q7 for the AI generated stimuli groups, as well as numerous classification errors.'; 'The progcp and randomly selected AI-generated rock (rockrand) groups were not found to be significantly different to either of the human-composed groups'","ProgGP (Transformer-based, progressive metal); genre-CTRL (rock) - symbolic (tablature) generation","6 groups x 10 pieces: human prog metal, human rock, ProgGP cherry-picked, ProgGP random, rock AI cherry-picked, rock AI random",curated (cherry-picked groups) and raw (random groups),all pieces (human and AI) rendered identically with Guitar Pro 7,lab,domain professionals,0,,0,15,0,0,https://arxiv.org/pdf/2407.21615,medium,"NUMBERS MISSING: AI-authorship judged only on a 7-point Likert item; results shown in Figure 2 and significance tests, no accuracy, hit/FA, d', AUC or numeric means extracted in text. Participants: 26 from Reddit r/progmetal + 6 from department (fans/semi-experts; participant_type coded domain professionals loosely - could be 'general public'). Borderline: symbolic composition generated by AI but audio rendering synthetic for both classes, so the real-vs-AI contrast is composition only. n_real/n_fake computed from 6 groups x 10 pieces (2 human, 4 AI). arXiv HTML page was rate-limited; read via arXiv PDF.",
ST053,R00848,ST053-a,ST053-D1,Non-beautified videos,video,,21,,56,56,single-item yes/no,0.5,69,,70,,,,,"Table IV: Non-beautified Accuracy 0.69, Recall 0.70; text: 'Human accuracy for non-beautified videos is higher (69%) than for beautified videos (66%)'",Celeb-DF-B (beautification-filtered subset of CelebDF / Celeb-DF),,,none (original Celeb-DF),lab,general public,0,,1,,0,0,https://www.eurecom.fr/publication/7648/download/sec-publi-7648.pdf,medium,"Section V Subjective Evaluation: '21 participants with diverse backgrounds'; '112 videos (56 real and 56 deepfakes) from the Celeb-DF-B database'; test set 'divided ... randomly into three batches' (~15 min each), so trials per participant unclear; each video shown three times consecutively; question 'Is the person's face in the video real or fake?'; cropped faces +100 px background. Beautification = Instagram filters 'Brown', 'California dreamin', 'Relax! You Pretty!', 'Hawaii Grain' (7 videos per filter per type, per summary of text - split of real/fake within each condition not verified verbatim, so FA not computed). Recall = hit rate. Celeb-DF subjects are celebrities (familiar=1 as coded for Celeb-DF; recognition by participants not reported). Participant type not described beyond 'diverse backgrounds'. Confidence medium: values read via summarizer of PDF, table reproduced.",
ST053,R00848,ST053-b,ST053-D1,Beautified videos (Instagram filters),video,,21,,56,56,single-item yes/no,0.5,66,,76,,,,,"Table IV: Beautified Accuracy 0.66, Recall 0.76",Celeb-DF-B (beautification-filtered subset of CelebDF / Celeb-DF),,,social media beautification filters (Instagram),social media,general public,0,,1,,0,0,https://www.eurecom.fr/publication/7648/download/sec-publi-7648.pdf,medium,"Section V Subjective Evaluation: '21 participants with diverse backgrounds'; '112 videos (56 real and 56 deepfakes) from the Celeb-DF-B database'; test set 'divided ... randomly into three batches' (~15 min each), so trials per participant unclear; each video shown three times consecutively; question 'Is the person's face in the video real or fake?'; cropped faces +100 px background. Beautification = Instagram filters 'Brown', 'California dreamin', 'Relax! You Pretty!', 'Hawaii Grain' (7 videos per filter per type, per summary of text - split of real/fake within each condition not verified verbatim, so FA not computed). Recall = hit rate. Celeb-DF subjects are celebrities (familiar=1 as coded for Celeb-DF; recognition by participants not reported). Participant type not described beyond 'diverse backgrounds'. Confidence medium: values read via summarizer of PDF, table reproduced.",
ST054,R00948,ST054-a,ST054-D1,Interview participants,video,,,,,,single-item yes/no,0.5,,,,,,,,,,,,,lab,,,,,,0,,https://link.springer.com/chapter/10.1007/978-3-031-19682-9_4,low,"NUMBERS MISSING: Springer chapter paywalled; abstract only. Qualitative semi-structured interview study: 'participants were asked to identify real and deepfake videos, and explain how they arrived at their conclusions... only half our participants could correctly identify all the videos they watched.' No N, stimulus counts or accuracy. NTU (Goh) group - possible sample overlap with ST040/ST024.",
ST055,R00958,ST055-a,ST055-D1,English questionnaire,audio,English,204,78,39,39,single-item yes/no,0.5,56.69,,,,,,,"Table 4 (results of the three user study experimental rounds): English ACC Exp.R1 59.28, Exp.R2 55.90, Exp.R3 54.92, Average 56.69 (F1 60.61); Sec 5.1: 'participants achieved average ACC of 56.69% and F1-Score of 60.61%'",VoiceWukong: 19 advanced commercial tools and 15 open-source tools; 34 generation methods (29 for TTS and 5 for VC),random 1% sample of dataset per questionnaire,raw,,lab,students,0,,0,,0,0,https://www.usenix.org/system/files/usenixsecurity25-yan-ziwei.pdf,high,"USENIX Security 2025 version (same study as arXiv 2409.06348). 318 valid participants (age M=22.40), required 'at least 18 years old and had a minimum of an undergraduate degree', paid $5; online questionnaire. 'Each questionnaire included 39 deepfake and 39 real voices'; three rounds of data collection (Exp.R1-R3) with different questionnaires/participants, averaged here. Clip length '5-30 words in English and 5-35 characters in Chinese'. Table 5 reports human FARs (fake accepted as real) by post-hoc deception level (e.g. 'For level 2 deepfake voices, human FARs exceed 82% in both languages') - not extracted because levels defined from human responses. participant_type coded students (young, degree-holders; exact recruitment not verified).",
ST055,R00958,ST055-b,ST055-D2,Chinese questionnaire,audio,Chinese,114,78,39,39,single-item yes/no,0.5,77.94,,,,,,,"Table 4: Chinese ACC Exp.R1 78.20, Exp.R2 78.10, Exp.R3 77.50, Average 77.94 (F1 79.33)",VoiceWukong: 19 advanced commercial tools and 15 open-source tools; 34 generation methods (29 for TTS and 5 for VC),random 1% sample of dataset per questionnaire,raw,,lab,students,0,,0,,0,0,https://www.usenix.org/system/files/usenixsecurity25-yan-ziwei.pdf,high,"USENIX Security 2025 version (same study as arXiv 2409.06348). 318 valid participants (age M=22.40), required 'at least 18 years old and had a minimum of an undergraduate degree', paid $5; online questionnaire. 'Each questionnaire included 39 deepfake and 39 real voices'; three rounds of data collection (Exp.R1-R3) with different questionnaires/participants, averaged here. Clip length '5-30 words in English and 5-35 characters in Chinese'. Table 5 reports human FARs (fake accepted as real) by post-hoc deception level (e.g. 'For level 2 deepfake voices, human FARs exceed 82% in both languages') - not extracted because levels defined from human responses. participant_type coded students (young, degree-holders; exact recruitment not verified).",
ST056,R01000,ST056-a,ST056-D1,Native Spanish listeners,audio,Spanish; Japanese (native Spanish listeners),28,80,40,40,single-item yes/no,0.5,60.52,8.20,,,,,,"Table 2 (Mean % correct answers (SD) per group of listeners ... natural (N) and artificial (A)): Spanish listeners Overall 60.52 (8.20); Audiobooks Japanese N 51.79 (17.65) A 53.57 (18.29); Audiobooks Spanish N 62.57 (12.83) A 51.43 (21.55); Interviews Japanese N 65.54 (20.52) A 48.93 (22.33); Interviews Spanish N 77.5 (17.35) A 71.07 (15.71). Sec 2.2: '2,211 from 28 native Spanish listeners'","ElevenLabs' Text-to-Speech (TTS) software, Eleven Multilingual v2 model (default settings)",one synthetic stimulus per natural counterpart,raw,,lab,general public,0: 'Participants did not receive any feedback on their performance during the experiment',,1,10,0,0,https://arxiv.org/pdf/2512.09221,high,"arXiv 2512.09221 (San Segundo, Lopez-Jareno, Wang, Yamagishi); SSRN preprint and Speech Communication 2026 are the same study. Online via Pavlovia, headphones, ~25 min; binary natural/artificial. Overall: 'The overall mean accuracy rate across the 54 participants was 59.11% (SD = 7.37%).' Stimuli: Spanish and Japanese audiobook and celebrity-interview clips (interviews = celebrities, hence familiar=1 for part of stimuli), 10-s fragments; voice clones trained on 1-2 min samples. Each listener heard both languages (native and foreign). No hit/FA reported for pooled stimuli; per-cell accuracy for N (real) and A (fake) items in Table 2. LIKELY SAME PARTICIPANTS AS ST071 (Lopez-Jareno Forum Acusticum 2025 / Otero-Gonzalez 2026; 54 listeners, same corpus) - cross-study duplicate to resolve.",
ST056,R01000,ST056-b,ST056-D2,Native Japanese listeners,audio,Spanish; Japanese (native Japanese listeners),26,80,40,40,single-item yes/no,0.5,57.60,6.16,,,,,,"Table 2 (Mean % correct answers (SD) per group of listeners ... natural (N) and artificial (A)): Japanese listeners Overall 57.60 (6.16); Audiobooks Japanese N 64.62 (21.21) A 65.38 (25.49); Audiobooks Spanish N 66.15 (16.75) A 36.92 (18.28); Interviews Japanese N 80.38 (21.26) A 48.85 (27.03); Interviews Spanish N 59.62 (22.18) A 38.85 (18.18). Sec 2.2: '2,080 from 26 native Japanese speakers'","ElevenLabs' Text-to-Speech (TTS) software, Eleven Multilingual v2 model (default settings)",one synthetic stimulus per natural counterpart,raw,,lab,general public,0: 'Participants did not receive any feedback on their performance during the experiment',,1,10,0,0,https://arxiv.org/pdf/2512.09221,high,"arXiv 2512.09221 (San Segundo, Lopez-Jareno, Wang, Yamagishi); SSRN preprint and Speech Communication 2026 are the same study. Online via Pavlovia, headphones, ~25 min; binary natural/artificial. Overall: 'The overall mean accuracy rate across the 54 participants was 59.11% (SD = 7.37%).' Stimuli: Spanish and Japanese audiobook and celebrity-interview clips (interviews = celebrities, hence familiar=1 for part of stimuli), 10-s fragments; voice clones trained on 1-2 min samples. Each listener heard both languages (native and foreign). No hit/FA reported for pooled stimuli; per-cell accuracy for N (real) and A (fake) items in Table 2. LIKELY SAME PARTICIPANTS AS ST071 (Lopez-Jareno Forum Acusticum 2025 / Otero-Gonzalez 2026; 54 listeners, same corpus) - cross-study duplicate to resolve.",
ST057,R01041,ST057-a,ST057-D1,Super-Recognizers (2AFC and single-video experiments),video,,28,,,,paired/2AFC; single-item yes/no,,,,,,,,,,same stimulus set as Groh et al. 2021 (DFDC),,,,lab,special population,,,,,0,,https://api.openalex.org/works/doi:10.1167/jov.22.14.3993,low,"NUMBERS MISSING: VSS 2022 abstract gives only differences vs controls: 'The group of 28 SRs responded to 2009 trials across two experimental protocols... SRs outperformed controls by 5 percentage points (p<0.001) on stimuli presented in alternative-choice 2AFC design with 10.3-14.6 percentage points on stimuli presented ... as single video.' No absolute accuracies. PROBABLE DUPLICATE of ST023 (Ramon et al. 2024 IEEE S&P 'Deepfake Detection in Super-Recognizers and Police Officers', same SR group and Groh stimuli) - use ST023 for numbers; controls are the ST001 Groh sample.",likely same sample as ST023 (Ramon et al. 2024)
ST058,R01069,ST058-a,ST058-D1,Human listeners vs DeepSpeaker,audio,Polish,,,,,,,,,,,,,,,,,,,lab,,,,,,0,,https://api.openalex.org/works/doi:10.1121/2.0001978,low,"NUMBERS MISSING: JASA meeting abstract (10.1121/10.0026827) and POMA companion paper (10.1121/2.0001978, Bronze OA per OpenAlex) - POMA PDF returned 403. Abstracts only state 'Results reveal neural network superiority over human detection in pinpointing cloned voices'; no N or accuracy. Same Gdansk group (Czyzewski) as ST029 (Milewski et al. 2023 Electronics, human survey N=99, mean accuracy 63.9%) and ST074 (Warzych 2026) - the human listening data here very likely reuse the ST029 test (probable duplicate; verify). language assumed Polish from group's other studies - not verified.",probably reuses listening test of ST029 (Milewski 2023)
ST059,R01172;R02689,ST059-a,ST059-D1,"UK, Slovenia and Italy participants (high vs low plausibility deepfakes)",audiovisual,English; Slovenian; Italian,1124,,,,,,,,,,,,,,,,,,social media,general public,,between January and April 2025,1,,1,,https://www.nature.com/articles/s41599-026-09122-7,low,"NUMBERS MISSING: Humanities & Social Sciences Communications 2026 page (R02689) exposes only abstract/metadata to fetch; PsyArXiv preprint (R01172, osf.io) blocked by robots.txt; Zenodo dataset record (17520820, UC1_Zenodo.csv) has no method details. Abstract: '1124 participants from the United Kingdom, Slovenia, and Italy viewed manipulated videos about climate change and immigration that varied in plausibility (technical realism and content alignment with the speaker's publicly known stance)... High-plausibility deepfakes were less likely to be detected'. Appears FAKE-ONLY (only manipulated videos mentioned; not confirmed). Political speakers presumably public figures (familiar, not verified). Same sample as R01432 (Plohl, attitudinal outcomes). Detection rates may be computable from the Zenodo CSV. | browser pass 2026-09-28: Nature HSSC page gives abstract only in browser; manipulated videos only (fake-only), no accuracy on real videos",
ST060,R01183,ST060-a,ST060-D1,"No infographic, low cognitive load",audiovisual,English,57,12,4,8,single-item yes/no,0.5,61.84,18.63,,,,,,"Table 2: No infographic, low load N 57, M 61.84, SD 18.63","political deepfakes, lower- and higher-quality versions (tool not named)",,curated,,lab,"general public (UK, CloudResearch Prime Panels)",0,2025-07,1,,0,0,PsyArXiv 85xu2_v1 manuscript (rendered via mfr.osf.io),high,8 of 12 videos fake (unbalanced); percent correct over 12,
ST060,R01183,ST060-b,ST060-D1,"No infographic, high cognitive load",audiovisual,English,60,12,4,8,single-item yes/no,0.5,65.69,16.98,,,,,,"Table 2: No infographic, high load N 60, M 65.69, SD 16.98",political deepfakes (tool not named),,curated,,lab,general public (UK),0,2025-07,1,,0,0,PsyArXiv 85xu2_v1,high,cognitive load = concurrent number task,
ST060,R01183,ST060-c,ST060-D1,"Infographic, low cognitive load",audiovisual,English,56,12,4,8,single-item yes/no,0.5,76.64,13.71,,,,,,"Table 2: Infographic, low load N 56, M 76.64, SD 13.71",political deepfakes (tool not named),,curated,,lab,general public (UK),1; educational infographic on deepfake cues before the task,2025-07,1,,0,0,PsyArXiv 85xu2_v1,high,,
ST060,R01183,ST060-d,ST060-D1,"Infographic, high cognitive load",audiovisual,English,56,12,4,8,single-item yes/no,0.5,72.77,13.90,,,,,,"Table 2: Infographic, high load N 56, M 72.77, SD 13.90",political deepfakes (tool not named),,curated,,lab,general public (UK),1; educational infographic,2025-07,1,,0,0,PsyArXiv 85xu2_v1,high,,
ST061,R01186,ST061-a,ST061-D1,Study 1 overall (control + strategy intervention),video,,391,20,10,10,single-item yes/no,0.5,61,14,,,,,,"Sec 3.2.1: 'In the overall sample, mean detection accuracy was .61 (SD = .14)'",Deepfake Detection Challenge (DFDC) Dataset,,,,lab,students,partial: intervention half received 'a list of written detection strategies' before the task; no trial feedback,Recruitment occurred from April 2023 to February 2024,0,10,0,0,https://researchonline.jcu.edu.au/90271/1/90271.pdf,high,"Study 1 online; 'Participants were recruited via a student participation scheme at the authors' institution and by sharing the study via the authors' professional networks and snowball recruitment'; Australia 54.5%, Singapore 40.7%; age M=25.80 (SD 10.24), minimum not stated. 'Each participant saw exactly 10 deepfake and 10 authentic videos'; 'The same videos were used as in Somoray and Miller (2023)' (ST007 stimuli; different sample). Accuracy not reported separately for real/fake. Group Ns for control vs intervention not reported (rows b, c are subsets of row a).",
ST061,R01186,ST061-b,ST061-D1,Study 1 control group,video,,,20,10,10,single-item yes/no,0.5,61,14,,,,,,"Sec 3.2.1: 'control (M = .61, SD = .14) and intervention groups (M = .60, SD = .14)'",Deepfake Detection Challenge (DFDC) Dataset,,,,lab,students,0,April 2023 to February 2024,0,10,0,0,https://researchonline.jcu.edu.au/90271/1/90271.pdf,high,"Subset of row a; n not reported. Study 1 online; 'Participants were recruited via a student participation scheme at the authors' institution and by sharing the study via the authors' professional networks and snowball recruitment'; Australia 54.5%, Singapore 40.7%; age M=25.80 (SD 10.24), minimum not stated. 'Each participant saw exactly 10 deepfake and 10 authentic videos'; 'The same videos were used as in Somoray and Miller (2023)' (ST007 stimuli; different sample). Accuracy not reported separately for real/fake. Group Ns for control vs intervention not reported (rows b, c are subsets of row a).",
ST061,R01186,ST061-c,ST061-D1,Study 1 intervention group (written detection strategies),video,,,20,10,10,single-item yes/no,0.5,60,14,,,,,,"Sec 3.2.1: 'control (M = .61, SD = .14) and intervention groups (M = .60, SD = .14)'",Deepfake Detection Challenge (DFDC) Dataset,,,,lab,students,1: 'a list of written detection strategies' before the task,April 2023 to February 2024,0,10,0,0,https://researchonline.jcu.edu.au/90271/1/90271.pdf,high,"Subset of row a; n not reported. Study 1 online; 'Participants were recruited via a student participation scheme at the authors' institution and by sharing the study via the authors' professional networks and snowball recruitment'; Australia 54.5%, Singapore 40.7%; age M=25.80 (SD 10.24), minimum not stated. 'Each participant saw exactly 10 deepfake and 10 authentic videos'; 'The same videos were used as in Somoray and Miller (2023)' (ST007 stimuli; different sample). Accuracy not reported separately for real/fake. Group Ns for control vs intervention not reported (rows b, c are subsets of row a).",
ST061,R01186,ST061-d,ST061-D2,Study 2 (in-person eye-tracking),video,,32,10,5,5,single-item yes/no,0.5,65,20,,,,,,"Sec 4.2: 'Mean detection accuracy in the overall sample was .65 (SD = .20), indicating that participants, on average, correctly identified 6.5 out of 10 videos'; 'exactly half of the detection task videos were deepfakes'",Deepfake Detection Challenge (DFDC) Dataset,,,,lab,students,"1: five practice trials, 'Following each practice trial, participants received feedback indicating whether their detection decision was correct or incorrect.'",Recruitment occurred from December 2023 to August 2024,0,,0,0,https://researchonline.jcu.edu.au/90271/1/90271.pdf,high,Study 2: 'in-person laboratory study' with Pupil Invisible eye-tracking glasses; 'recruited via undergraduate student recruitment channels'; Australia; age M=26.32. DFDC videos 'although the specific videos used differed'. Independent sample from Study 1.,
ST062,R01216,ST062-a,ST062-D1,Familiar listeners: own (self) voice,audio,English,47,16,16,16,paired/2AFC,0.5,89.67,15.75,,,2.13,,,"Sec 3.1 (Fig. 2A) clone detection d': self-voice 'M = 2.13, CI = [1.84, 2.41], t(46) = 15.10, p < .001'; friend's voice 'M = 1.91, CI = [1.60, 2.22], t(46) = 12.36, p < .001'; unfamiliar listeners 'M = -0.14, CI = [-0.50, 0.21], t(46) = -0.81, p = .420'",ElevenLabs Instant Voice Cloning,,raw,"silences trimmed, resampled to 22050 Hz, RMS-normalised",lab,students,0,,1,,0,0,"https://www.sciencedirect.com/science/article/pii/S2949882125000271; https://osf.io/prv6e/ data/taskD.csv (per-participant proportion correct, computed in browser from trial data)",high,"Self-voice familiarity. Task D: 'In each trial, participants listened to a pair of voice samples, including one clone and one recording of the same word or sentence. They then responded to the question ""Which one is the clone?""'; 16 trials per voice identity block (12 words + 4 IEEE Harvard sentences). d' with log-linear correction. Experimental group: 25 friend pairs from UCL Psychology subject pool and UCL clubs/societies (47 analysed), each heard own voice and friend's voice; control: Prolific (age 18-65, M=37), each 'rated one of the voice pairs' (unfamiliar). No feedback mentioned. Data collection dates not reported (hint said ~2023-2024, not verified). Pass 2: accuracy = mean per-participant proportion choosing the clone in Task D (2AFC), from OSF trial data; SD across participants.",
ST062,R01216,ST062-b,ST062-D1,Familiar listeners: friend's voice,audio,English,47,16,16,16,paired/2AFC,0.5,85.77,15.54,,,1.91,,,"Sec 3.1 (Fig. 2A) clone detection d': self-voice 'M = 2.13, CI = [1.84, 2.41], t(46) = 15.10, p < .001'; friend's voice 'M = 1.91, CI = [1.60, 2.22], t(46) = 12.36, p < .001'; unfamiliar listeners 'M = -0.14, CI = [-0.50, 0.21], t(46) = -0.81, p = .420'",ElevenLabs Instant Voice Cloning,,raw,"silences trimmed, resampled to 22050 Hz, RMS-normalised",lab,students,0,,1,,0,0,"https://www.sciencedirect.com/science/article/pii/S2949882125000271; https://osf.io/prv6e/ data/taskD.csv (per-participant proportion correct, computed in browser from trial data)",high,"Same participants as row a. Task D: 'In each trial, participants listened to a pair of voice samples, including one clone and one recording of the same word or sentence. They then responded to the question ""Which one is the clone?""'; 16 trials per voice identity block (12 words + 4 IEEE Harvard sentences). d' with log-linear correction. Experimental group: 25 friend pairs from UCL Psychology subject pool and UCL clubs/societies (47 analysed), each heard own voice and friend's voice; control: Prolific (age 18-65, M=37), each 'rated one of the voice pairs' (unfamiliar). No feedback mentioned. Data collection dates not reported (hint said ~2023-2024, not verified). Pass 2: accuracy = mean per-participant proportion choosing the clone in Task D (2AFC), from OSF trial data; SD across participants.",
ST062,R01216,ST062-c,ST062-D2,"Unfamiliar listeners (control, Prolific)",audio,English,47,31,,,paired/2AFC,0.5,47.91,21.62,,,-0.14,,,"Sec 3.1 (Fig. 2A) clone detection d': self-voice 'M = 2.13, CI = [1.84, 2.41], t(46) = 15.10, p < .001'; friend's voice 'M = 1.91, CI = [1.60, 2.22], t(46) = 12.36, p < .001'; unfamiliar listeners 'M = -0.14, CI = [-0.50, 0.21], t(46) = -0.81, p = .420'",ElevenLabs Instant Voice Cloning,,raw,"silences trimmed, resampled to 22050 Hz, RMS-normalised",lab,general public,0,,0,,0,0,"https://www.sciencedirect.com/science/article/pii/S2949882125000271; https://osf.io/prv6e/ data/taskD.csv (per-participant proportion correct, computed in browser from trial data)",high,"d' appears pooled over the two voices of the assigned pair (Voice A and Voice B, 16 trials each); trial count not verified so left empty. Task D: 'In each trial, participants listened to a pair of voice samples, including one clone and one recording of the same word or sentence. They then responded to the question ""Which one is the clone?""'; 16 trials per voice identity block (12 words + 4 IEEE Harvard sentences). d' with log-linear correction. Experimental group: 25 friend pairs from UCL Psychology subject pool and UCL clubs/societies (47 analysed), each heard own voice and friend's voice; control: Prolific (age 18-65, M=37), each 'rated one of the voice pairs' (unfamiliar). No feedback mentioned. Data collection dates not reported (hint said ~2023-2024, not verified). Pass 2: accuracy = mean per-participant proportion choosing the clone in Task D (2AFC), from OSF trial data; SD across participants. Control listeners: pooled over both voices of the assigned pair (mean 31 trials).",
ST063,R01228,ST063-a,ST063-D1,"Group 1 listeners, human-likeness ratings",audio,English (American),17,,,,Likert,0.5,,,,,,,,"Results, Perceptual Judgements of Human-Likeness: 'Clones were judged as more synthetic sounding than human talkers, with mean scores of 2.77 and 2.61, respectively.'; 'The mean score across voice and corpus ranged from 2.56 (human talkers producing meaningful sentences) to 2.80 (clones producing meaningful sentences).' Scale: '1, indicating the participant was 100% sure the talker was human, to 5, indicating they were 100% sure the talker was synthetic'",ElevenLabs' Instant Voice Cloning services,,raw,presented in speech-shaped noise at +5 dB SNR,lab,students,0,,0,,0,0,https://pmc.ncbi.nlm.nih.gov/articles/PMC12686364/,high,"NUMBERS MISSING: realness judged only on 5-point Likert; only mean ratings reported (human 2.61 vs clone 2.77), no accuracy, hit/FA, d' or AUC; AUC computable from trial-level data if available (author/data contact). Primary aim intelligibility in noise. Five female talkers and their clones; 'Participants were not provided any information about the types of speech productions (human or synthetic)'. Young adults (mean age 21) with normal hearing from Case Western Reserve University community. Stimulus counts per listener not verified (summary: 5 sentences per voice and talker type per condition). Separate Group 2 (N=10) did same/different-person similarity judgments, not real-vs-fake - not extracted.",
ST064,R01243,ST064-a,ST064-D1,All participants (literacy intervention + control),video,,1361,6,3,3,Likert,0.5,,,,,,,,"Real videos M = 3.61, SD = 1.98; fake videos M = 4.35, SD = 2.07; 't-Welch (8,147.8) = 16.39, p < .001' (scale '1 = clearly real; 7 = clearly a deepfake'). Table 1: Tom Cruise (fake) M = 4.01, SD = 2.09; Barack Obama (fake) 4.06 (2.03); Hillary Clinton (real) 3.16 (1.89); Zelenskyy (fake) 4.98 (1.94); Elon Musk (real) 4.00 (1.95); Vladimir Putin (real) 3.68 (2.01). H1: 'Our data show no effect of the literacy intervention (b = -0.06, 95% CI = [-0.22, 0.10], p = .452).'","existing deepfakes and real videos of well-known politicians and celebrities (Tom Cruise, Barack Obama, Volodymyr Zelenskyy deepfakes)",,curated,"GIF format without any audio features, standard-definition (around 640 x 440)",social media,general public,partial: 49.22% randomized to a brief online literacy intervention (visual features) before rating,"September 2023 (main study); June 2023 (prestudy, n = 753)",1,10,0,1,https://journals.sagepub.com/doi/full/10.1177/10776990251373088,high,"NUMBERS MISSING: only 7-point Likert means/SDs per video type reported; no accuracy, hit/FA, d' or AUC (computable from raw data). Swiss online panel (Respondi-Bilendi); eligibility 'above 16 years' so 16-17-year-olds may be included and cannot be separated (age M = 43.24). Silent GIFs of celebrities/politicians (familiar). Intervention vs control split: 49.22% treatment; group-level means not extracted. Videos pre-tested for difficulty in prestudy.",
ST065,R01287,ST065-a,ST065-D1,Vanilla (unaided) human evaluation,audio,English,63,,,,Likert,0.5,72.6,,,,,,,"Table 4 (Vanilla Acc column): No Challenge 52.2; Static Mouth 58.8; Cup mouth 84.9; Whisper 69.6; Speak softly 61.8; High Pitch 84.5; Foreign Words 58.5; Emotions 68.3; Crosstalk 80.2; Instr. Playback 89.2; Lyric Playback 90.2; Average Acc. 72.6. Sec 5.2: 'We recruited 63 English-speaking evaluators, categorized into three groups: native monolingual, non-native multilingual, and tie-breaker.'","FREE-VC, StarGANv2-VC, PPG-VC",,curated,,phone,general public,0,,0,4.5,0,0,https://arxiv.org/pdf/2402.18085,medium,"Accuracy is per-sample MAJORITY VOTE of three evaluators (not mean individual accuracy) - crowd-level, likely inflated vs individual accuracy. Evaluated 'a hard balanced subset' of 6,174 samples ('147 high-quality samples per challenge (21 in total)', pMOS 4.50 +/- 0.25) - curated for quality; balanced real/fake but per-evaluator counts not reported. Responses rated realism on 5-point ITU P.808-style scale, binarized by authors (method not fully clear). Stimuli = recorded responses to challenge-response prompts in simulated calls (voice conversion). 87.7% AUROC in hint is the machine's, not humans'. AI-assisted (79.4%) and collaborative (84.3/84.5%) conditions excluded as aided (assisted phase used 100 separate Prolific evaluators). Prolific recruitment; dates not reported. Clip length 4.5 +/- 1.1 s.",
ST066,R01288,ST066-a,ST066-D1,"Study 1, 12 blind participants: bona fide + TTS + Deep Fake (replayed excluded)",audio,English,12,38,25,13,single-item yes/no,0.5,67.08,,,36.0,,,,Table 3 (average accuracy and SD for identifying bona fide and spoofed audio types): Study 1 12 Blind [clips]: Bona Fide 25 0.64 (0.16); TTS 5 0.97 (0.06); Deep Fake 8 0.58 (0.12); Replayed 25 0.43 (0.17); Overall 63 0.57 (0.22). Study 2 [clips] 30 Blind / 30 Sighted: Bona Fide 40 0.67 (0.16) / 0.65 (0.15); TTS 8 0.91 (0.05)* / 0.84 (0.08); Deep Fake 8 0.58 (0.12) / 0.71 (0.17)*; Replayed 40 0.44 (0.18) / 0.46 (0.15); Overall 96 0.59 (0.21) / 0.59 (0.29),ASVspoof Challenge (Logical Access / Deep Fake datasets) - TTS; ASVspoof Challenge Deep Fake (DF) dataset - 'Deep Fake',"TTS 5, Deep Fake 8",,,lab,special population,,,0,5-7,0,0,https://a11y.ist.psu.edu/downloads/real_vs_fake_audio.pdf,high,"Recruited via 'the Research Advisory Council of the National Federation of the Blind (NFB) in Baltimore, MD, USA'; required 'under the age of 50'. Real/fake counts per participant: 63 clips incl. 25 replayed. Overlap with Study 2 blind participants not stated. Replayed clips (non-generative, ASVspoof PA) excluded from extracted outcomes. Response options 'Real or Fake' (Study 1; Study 2 similar plus open-ended). ASVspoof years not specified. Clips typically 5-7 s (<15 s). false_alarm_pct computed: 100 - bona fide mean accuracy. Per-generator rows give hit_rate for that spoof type with shared FA. accuracy_pct on the 'generative' row computed exactly as clip-weighted mean of category means over bona fide + TTS + Deep Fake (each participant judged all clips): Study 1 (25*.64+5*.97+8*.58)/38; Study 2 (40*b+8*t+8*d)/56. Author-hosted PDF (Penn State A11y Lab) = CHI 2024 paper.",
ST066,R01288,ST066-b,ST066-D1,"Study 1, 12 blind participants: TTS",audio,English,12,,25,5,single-item yes/no,0.5,,,97,36.0,,,,Table 3 (average accuracy and SD for identifying bona fide and spoofed audio types): Study 1 12 Blind [clips]: Bona Fide 25 0.64 (0.16); TTS 5 0.97 (0.06); Deep Fake 8 0.58 (0.12); Replayed 25 0.43 (0.17); Overall 63 0.57 (0.22). Study 2 [clips] 30 Blind / 30 Sighted: Bona Fide 40 0.67 (0.16) / 0.65 (0.15); TTS 8 0.91 (0.05)* / 0.84 (0.08); Deep Fake 8 0.58 (0.12) / 0.71 (0.17)*; Replayed 40 0.44 (0.18) / 0.46 (0.15); Overall 96 0.59 (0.21) / 0.59 (0.29),ASVspoof Challenge (Logical Access / Deep Fake datasets) - TTS,,,,lab,special population,,,0,5-7,0,0,https://a11y.ist.psu.edu/downloads/real_vs_fake_audio.pdf,high,"Same participants as generative row. Recruited via 'the Research Advisory Council of the National Federation of the Blind (NFB) in Baltimore, MD, USA'; required 'under the age of 50'. Real/fake counts per participant: 63 clips incl. 25 replayed. Overlap with Study 2 blind participants not stated. Replayed clips (non-generative, ASVspoof PA) excluded from extracted outcomes. Response options 'Real or Fake' (Study 1; Study 2 similar plus open-ended). ASVspoof years not specified. Clips typically 5-7 s (<15 s). false_alarm_pct computed: 100 - bona fide mean accuracy. Per-generator rows give hit_rate for that spoof type with shared FA. accuracy_pct on the 'generative' row computed exactly as clip-weighted mean of category means over bona fide + TTS + Deep Fake (each participant judged all clips): Study 1 (25*.64+5*.97+8*.58)/38; Study 2 (40*b+8*t+8*d)/56. Author-hosted PDF (Penn State A11y Lab) = CHI 2024 paper.",
ST066,R01288,ST066-c,ST066-D1,"Study 1, 12 blind participants: Deep Fake",audio,English,12,,25,8,single-item yes/no,0.5,,,58,36.0,,,,Table 3 (average accuracy and SD for identifying bona fide and spoofed audio types): Study 1 12 Blind [clips]: Bona Fide 25 0.64 (0.16); TTS 5 0.97 (0.06); Deep Fake 8 0.58 (0.12); Replayed 25 0.43 (0.17); Overall 63 0.57 (0.22). Study 2 [clips] 30 Blind / 30 Sighted: Bona Fide 40 0.67 (0.16) / 0.65 (0.15); TTS 8 0.91 (0.05)* / 0.84 (0.08); Deep Fake 8 0.58 (0.12) / 0.71 (0.17)*; Replayed 40 0.44 (0.18) / 0.46 (0.15); Overall 96 0.59 (0.21) / 0.59 (0.29),ASVspoof Challenge Deep Fake (DF) dataset - 'Deep Fake',,,,lab,special population,,,0,5-7,0,0,https://a11y.ist.psu.edu/downloads/real_vs_fake_audio.pdf,high,"Same participants as generative row. Recruited via 'the Research Advisory Council of the National Federation of the Blind (NFB) in Baltimore, MD, USA'; required 'under the age of 50'. Real/fake counts per participant: 63 clips incl. 25 replayed. Overlap with Study 2 blind participants not stated. Replayed clips (non-generative, ASVspoof PA) excluded from extracted outcomes. Response options 'Real or Fake' (Study 1; Study 2 similar plus open-ended). ASVspoof years not specified. Clips typically 5-7 s (<15 s). false_alarm_pct computed: 100 - bona fide mean accuracy. Per-generator rows give hit_rate for that spoof type with shared FA. accuracy_pct on the 'generative' row computed exactly as clip-weighted mean of category means over bona fide + TTS + Deep Fake (each participant judged all clips): Study 1 (25*.64+5*.97+8*.58)/38; Study 2 (40*b+8*t+8*d)/56. Author-hosted PDF (Penn State A11y Lab) = CHI 2024 paper.",
ST066,R01288,ST066-d,ST066-D2,"Study 2, 30 blind participants: bona fide + TTS + Deep Fake (replayed excluded)",audio,English,30,56,40,16,single-item yes/no,0.5,69.14,,,33.0,,,,Table 3 (average accuracy and SD for identifying bona fide and spoofed audio types): Study 1 12 Blind [clips]: Bona Fide 25 0.64 (0.16); TTS 5 0.97 (0.06); Deep Fake 8 0.58 (0.12); Replayed 25 0.43 (0.17); Overall 63 0.57 (0.22). Study 2 [clips] 30 Blind / 30 Sighted: Bona Fide 40 0.67 (0.16) / 0.65 (0.15); TTS 8 0.91 (0.05)* / 0.84 (0.08); Deep Fake 8 0.58 (0.12) / 0.71 (0.17)*; Replayed 40 0.44 (0.18) / 0.46 (0.15); Overall 96 0.59 (0.21) / 0.59 (0.29),ASVspoof Challenge (Logical Access / Deep Fake datasets) - TTS; ASVspoof Challenge Deep Fake (DF) dataset - 'Deep Fake',"TTS 8, Deep Fake 8",,,lab,special population,,,0,5-7,0,0,https://a11y.ist.psu.edu/downloads/real_vs_fake_audio.pdf,high,"Recruited via 'online forums for blind and low-vision users'. 96 clips incl. 40 replayed. Replayed clips (non-generative, ASVspoof PA) excluded from extracted outcomes. Response options 'Real or Fake' (Study 1; Study 2 similar plus open-ended). ASVspoof years not specified. Clips typically 5-7 s (<15 s). false_alarm_pct computed: 100 - bona fide mean accuracy. Per-generator rows give hit_rate for that spoof type with shared FA. accuracy_pct on the 'generative' row computed exactly as clip-weighted mean of category means over bona fide + TTS + Deep Fake (each participant judged all clips): Study 1 (25*.64+5*.97+8*.58)/38; Study 2 (40*b+8*t+8*d)/56. Author-hosted PDF (Penn State A11y Lab) = CHI 2024 paper.",
ST066,R01288,ST066-e,ST066-D2,"Study 2, 30 blind participants: TTS",audio,English,30,,40,8,single-item yes/no,0.5,,,91,33.0,,,,Table 3 (average accuracy and SD for identifying bona fide and spoofed audio types): Study 1 12 Blind [clips]: Bona Fide 25 0.64 (0.16); TTS 5 0.97 (0.06); Deep Fake 8 0.58 (0.12); Replayed 25 0.43 (0.17); Overall 63 0.57 (0.22). Study 2 [clips] 30 Blind / 30 Sighted: Bona Fide 40 0.67 (0.16) / 0.65 (0.15); TTS 8 0.91 (0.05)* / 0.84 (0.08); Deep Fake 8 0.58 (0.12) / 0.71 (0.17)*; Replayed 40 0.44 (0.18) / 0.46 (0.15); Overall 96 0.59 (0.21) / 0.59 (0.29),ASVspoof Challenge (Logical Access / Deep Fake datasets) - TTS,,,,lab,special population,,,0,5-7,0,0,https://a11y.ist.psu.edu/downloads/real_vs_fake_audio.pdf,high,"Same participants as generative row. Recruited via 'online forums for blind and low-vision users'. 96 clips incl. 40 replayed. Replayed clips (non-generative, ASVspoof PA) excluded from extracted outcomes. Response options 'Real or Fake' (Study 1; Study 2 similar plus open-ended). ASVspoof years not specified. Clips typically 5-7 s (<15 s). false_alarm_pct computed: 100 - bona fide mean accuracy. Per-generator rows give hit_rate for that spoof type with shared FA. accuracy_pct on the 'generative' row computed exactly as clip-weighted mean of category means over bona fide + TTS + Deep Fake (each participant judged all clips): Study 1 (25*.64+5*.97+8*.58)/38; Study 2 (40*b+8*t+8*d)/56. Author-hosted PDF (Penn State A11y Lab) = CHI 2024 paper.",
ST066,R01288,ST066-f,ST066-D2,"Study 2, 30 blind participants: Deep Fake",audio,English,30,,40,8,single-item yes/no,0.5,,,58,33.0,,,,Table 3 (average accuracy and SD for identifying bona fide and spoofed audio types): Study 1 12 Blind [clips]: Bona Fide 25 0.64 (0.16); TTS 5 0.97 (0.06); Deep Fake 8 0.58 (0.12); Replayed 25 0.43 (0.17); Overall 63 0.57 (0.22). Study 2 [clips] 30 Blind / 30 Sighted: Bona Fide 40 0.67 (0.16) / 0.65 (0.15); TTS 8 0.91 (0.05)* / 0.84 (0.08); Deep Fake 8 0.58 (0.12) / 0.71 (0.17)*; Replayed 40 0.44 (0.18) / 0.46 (0.15); Overall 96 0.59 (0.21) / 0.59 (0.29),ASVspoof Challenge Deep Fake (DF) dataset - 'Deep Fake',,,,lab,special population,,,0,5-7,0,0,https://a11y.ist.psu.edu/downloads/real_vs_fake_audio.pdf,high,"Same participants as generative row. Recruited via 'online forums for blind and low-vision users'. 96 clips incl. 40 replayed. Replayed clips (non-generative, ASVspoof PA) excluded from extracted outcomes. Response options 'Real or Fake' (Study 1; Study 2 similar plus open-ended). ASVspoof years not specified. Clips typically 5-7 s (<15 s). false_alarm_pct computed: 100 - bona fide mean accuracy. Per-generator rows give hit_rate for that spoof type with shared FA. accuracy_pct on the 'generative' row computed exactly as clip-weighted mean of category means over bona fide + TTS + Deep Fake (each participant judged all clips): Study 1 (25*.64+5*.97+8*.58)/38; Study 2 (40*b+8*t+8*d)/56. Author-hosted PDF (Penn State A11y Lab) = CHI 2024 paper.",
ST066,R01288,ST066-g,ST066-D3,"Study 2, 30 sighted participants: bona fide + TTS + Deep Fake (replayed excluded)",audio,English,30,56,40,16,single-item yes/no,0.5,68.57,,,35.0,,,,Table 3 (average accuracy and SD for identifying bona fide and spoofed audio types): Study 1 12 Blind [clips]: Bona Fide 25 0.64 (0.16); TTS 5 0.97 (0.06); Deep Fake 8 0.58 (0.12); Replayed 25 0.43 (0.17); Overall 63 0.57 (0.22). Study 2 [clips] 30 Blind / 30 Sighted: Bona Fide 40 0.67 (0.16) / 0.65 (0.15); TTS 8 0.91 (0.05)* / 0.84 (0.08); Deep Fake 8 0.58 (0.12) / 0.71 (0.17)*; Replayed 40 0.44 (0.18) / 0.46 (0.15); Overall 96 0.59 (0.21) / 0.59 (0.29),ASVspoof Challenge (Logical Access / Deep Fake datasets) - TTS; ASVspoof Challenge Deep Fake (DF) dataset - 'Deep Fake',"TTS 8, Deep Fake 8",,,lab,general public,,,0,5-7,0,0,https://a11y.ist.psu.edu/downloads/real_vs_fake_audio.pdf,high,"Sighted recruited via 'university mailing lists' (likely students). 96 clips incl. 40 replayed. Replayed clips (non-generative, ASVspoof PA) excluded from extracted outcomes. Response options 'Real or Fake' (Study 1; Study 2 similar plus open-ended). ASVspoof years not specified. Clips typically 5-7 s (<15 s). false_alarm_pct computed: 100 - bona fide mean accuracy. Per-generator rows give hit_rate for that spoof type with shared FA. accuracy_pct on the 'generative' row computed exactly as clip-weighted mean of category means over bona fide + TTS + Deep Fake (each participant judged all clips): Study 1 (25*.64+5*.97+8*.58)/38; Study 2 (40*b+8*t+8*d)/56. Author-hosted PDF (Penn State A11y Lab) = CHI 2024 paper.",
ST066,R01288,ST066-h,ST066-D3,"Study 2, 30 sighted participants: TTS",audio,English,30,,40,8,single-item yes/no,0.5,,,84,35.0,,,,Table 3 (average accuracy and SD for identifying bona fide and spoofed audio types): Study 1 12 Blind [clips]: Bona Fide 25 0.64 (0.16); TTS 5 0.97 (0.06); Deep Fake 8 0.58 (0.12); Replayed 25 0.43 (0.17); Overall 63 0.57 (0.22). Study 2 [clips] 30 Blind / 30 Sighted: Bona Fide 40 0.67 (0.16) / 0.65 (0.15); TTS 8 0.91 (0.05)* / 0.84 (0.08); Deep Fake 8 0.58 (0.12) / 0.71 (0.17)*; Replayed 40 0.44 (0.18) / 0.46 (0.15); Overall 96 0.59 (0.21) / 0.59 (0.29),ASVspoof Challenge (Logical Access / Deep Fake datasets) - TTS,,,,lab,general public,,,0,5-7,0,0,https://a11y.ist.psu.edu/downloads/real_vs_fake_audio.pdf,high,"Same participants as generative row. Sighted recruited via 'university mailing lists' (likely students). 96 clips incl. 40 replayed. Replayed clips (non-generative, ASVspoof PA) excluded from extracted outcomes. Response options 'Real or Fake' (Study 1; Study 2 similar plus open-ended). ASVspoof years not specified. Clips typically 5-7 s (<15 s). false_alarm_pct computed: 100 - bona fide mean accuracy. Per-generator rows give hit_rate for that spoof type with shared FA. accuracy_pct on the 'generative' row computed exactly as clip-weighted mean of category means over bona fide + TTS + Deep Fake (each participant judged all clips): Study 1 (25*.64+5*.97+8*.58)/38; Study 2 (40*b+8*t+8*d)/56. Author-hosted PDF (Penn State A11y Lab) = CHI 2024 paper.",
ST066,R01288,ST066-i,ST066-D3,"Study 2, 30 sighted participants: Deep Fake",audio,English,30,,40,8,single-item yes/no,0.5,,,71,35.0,,,,Table 3 (average accuracy and SD for identifying bona fide and spoofed audio types): Study 1 12 Blind [clips]: Bona Fide 25 0.64 (0.16); TTS 5 0.97 (0.06); Deep Fake 8 0.58 (0.12); Replayed 25 0.43 (0.17); Overall 63 0.57 (0.22). Study 2 [clips] 30 Blind / 30 Sighted: Bona Fide 40 0.67 (0.16) / 0.65 (0.15); TTS 8 0.91 (0.05)* / 0.84 (0.08); Deep Fake 8 0.58 (0.12) / 0.71 (0.17)*; Replayed 40 0.44 (0.18) / 0.46 (0.15); Overall 96 0.59 (0.21) / 0.59 (0.29),ASVspoof Challenge Deep Fake (DF) dataset - 'Deep Fake',,,,lab,general public,,,0,5-7,0,0,https://a11y.ist.psu.edu/downloads/real_vs_fake_audio.pdf,high,"Same participants as generative row. Sighted recruited via 'university mailing lists' (likely students). 96 clips incl. 40 replayed. Replayed clips (non-generative, ASVspoof PA) excluded from extracted outcomes. Response options 'Real or Fake' (Study 1; Study 2 similar plus open-ended). ASVspoof years not specified. Clips typically 5-7 s (<15 s). false_alarm_pct computed: 100 - bona fide mean accuracy. Per-generator rows give hit_rate for that spoof type with shared FA. accuracy_pct on the 'generative' row computed exactly as clip-weighted mean of category means over bona fide + TTS + Deep Fake (each participant judged all clips): Study 1 (25*.64+5*.97+8*.58)/38; Study 2 (40*b+8*t+8*d)/56. Author-hosted PDF (Penn State A11y Lab) = CHI 2024 paper.",
ST067,R01313,ST067-a,ST067-D1,Generation Z participants (under 21),audiovisual,,,4,2,2,single-item yes/no,0.5,,,,,,,,,,,,,lab,students,,,,,0,unclear,https://api.openalex.org/works/doi:10.1002/pra2.1309,low,"NUMBERS MISSING: closed access (Wiley), DR-NTU handle returned 405. Abstract: 'we conducted a study on participants under 21 years old. Participants were shown four videos, two real and deepfakes, after which they completed an online survey detailing the strategies they used for identification.' No N or accuracy in abstract. Age under 21 - may include minors (not verifiable). NTU (Goh) group; related design to ST069. participant_type assumed students (not verified).",
ST068,R01381,ST068-a,ST068-D1,Online survey participants,video,,516,,,,,,,,,,,,,,,,,,lab,,,,,,,,https://api.openalex.org/works/doi:10.1080/1369118x.2025.2496902,low,"NUMBERS MISSING: Taylor & Francis closed access; no OA copy found (ResearchGate listing only). Abstract: study of how 'individual differences, specifically cognitive disposition and visual literacy, affect the ability to discern deepfake videos' with 516 online survey participants plus thematic analysis. Discernment scores not in abstract; whether real videos were included not verified. Candidate for author contact.",
ST069,R01388,ST069-a,ST069-D1,Seniors (interviews),audiovisual,,,,,,,,,,,,,,,,,,,,lab,special population,,,,,0,0,https://link.springer.com/chapter/10.1007/978-3-031-61947-2_26,low,"NUMBERS MISSING: Springer chapter paywalled; abstract only. Qualitative interview study of seniors' strategies 'when presented with real and deepfake videos'; no N, stimuli or accuracy in abstract. NTU group; possibly extended as Huang et al. 2026 J Inf Sci 'Through the eyes of seniors' (possible duplicate).",
ST070,R01433,ST070-a,ST070-D1,All participants,audiovisual,,30,48,,,single-item yes/no,0.5,,,,,,,,,"six different methods collected from a public video sharing website, ranging from prosthetic makeup to Deepfakes",,,,social media,,,,,,0,,https://api.openalex.org/works/doi:10.1109/qomex.2019.8743316,low,"NUMBERS MISSING: IEEE closed; Green OA copy (hdl 11250/2626787, NTNU Open -> nva.sikt.no) is a JavaScript app and PDF link could not be retrieved. Abstract: 'we examined the performance of 30 participants in detection of 48 real fake videos. The videos were sourced from six different methods ... ranging from prosthetic makeup to Deepfakes... participants failed to detect two different types of fake videos. However, participants' performance of detection improves when ... biometric reference video ... is available'. Fake methods include NON-GENERATIVE fakes (prosthetic makeup etc.); only generative (Deepfake/face-reenactment) arms would be eligible once per-method numbers are obtained. Reference-video condition = aided/familiarization condition.",
ST071,R01442;R01873,ST071-a,ST071-D1,Native Spanish listeners (Spanish and Japanese stimuli),audio,Spanish; Japanese (native Spanish listeners),28,80,40,40,single-item yes/no,0.5,60.2,8.2,,,,,,"Results: 'The average accuracy rate of the participants for the total number of audios listened to was 60.2% (SD=8.2%).'; 'Participants performed better on Spanish stimuli (M=65.8%) compared to Japanese stimuli (M=55.2%)'; Table 2: Interviews 66.0%, Audiobooks 55.1%; Spanish interviews natural 77.5% vs artificial 71.1%; Spanish audiobooks natural 62.6% vs artificial 51.4%; 'The mean accuracy for familiar and unfamiliar voices were similar (76.7% vs. 73.9%)'","ElevenLabs' Text-to-Speech (TTS) software, Eleven Multilingual v2 model",,raw,,lab,general public,0: 'Participants did not receive any feedback on their performance during the experiment',,1,10.15,0,0,https://dael.euracoustics.org/confs/fa2025/data/articles/000673.pdf,high,"CROSS-STUDY DUPLICATE: same 28 native Spanish listeners, same 80-stimulus ElevenLabs corpus and identical cell values (77.5/71.1/62.6/51.4) as ST056 row a (San Segundo et al., Speech Communication 2026 / arXiv 2512.09221, which also adds 26 Japanese listeners and reports 60.52% for this group). Recommend merging ST071 into ST056 and dropping this row. R01873 (Otero-Gonzalez 2026, Trier repository, abstract only) uses '54 participants' and a 40-sample subset to compare listeners with ResNet18 via calibration metrics - same participants; no additional accuracy values retrieved (PDF not available). Pavlovia/PsychoPy online; 'ranged from 22 to 65 years'. Stimuli 50% real / 50% fake, M=10.15 s; interviews include familiar celebrity voices.",same participants as ST056 (San Segundo); merge into ST056
ST072,R01494,ST072-a,ST072-D1,"Two sociolinguist experts (co-authors), unseen validation set",audio,English,2,,,,single-item yes/no,0.5,75,,,,,,,Quasi-experiment: 'the sociolinguists judged a completely new dataset including all types of the aforementioned spoofed audio without knowing the actual class of each clip. The EDLFs from this experiment gave us 0.75 accuracy (correctly classified instances) on unseen data using Multi Layer Perceptron. Both of the experts also yielded 0.75 accuracy in their final judgments for classifying the clips.',"TTS: MelGAN, Google WaveNet, Descript; VC: ASSEM-VC; plus replay (ASVspoof 2017) and human mimicry; genuine: FoR dataset, LJ Speech dataset, Obama's public speeches","hybrid dataset: Replay 25%, TTS 30%, VC 30%, Mimicry 15% of spoofed (validation-set composition not reported)",,,lab,domain professionals,1: experts had extensively annotated the 344-clip labeled hybrid dataset (discovery/annotation phases) before judging the unseen set,,,,0,0,https://par.nsf.gov/servlets/purl/10502121,medium,"Borderline eligibility: N=2 author-experts; stimuli include NON-GENERATIVE spoofs (replay ~25%, human mimicry ~15% in the main dataset) that cannot be separated from generative TTS/VC; size and real/fake split of the unseen judged set not reported. Experts had prior labeled exposure (training). Consider excluding or sensitivity-only.",
ST073,R01501,ST073-a,ST073-D1,All listeners (audio/forensic professionals and others),audio,English,,,,,3AFC,0.333,,,,,,,,"Abstract: 'participants were asked to identify the deepfake audio file from a set of three, across a number of sets of three files... The results show participants were able to successfully detect one third of the deepfake audio files presented, however they also incorrectly marked another one third of the real files as deepfakes whilst the remaining third were missed.'","a deepfake generation system (not named in abstract); voices from volunteers and publicly available podcasts (prominent people, e.g. the UK Prime Minister)",,,ambient noise / device (mobile phone) processing added to some files,phone,domain professionals; general public,,,1,,0,0,https://rda.sliit.lk/entities/publication/673fa0af-b9d5-4841-a88b-cf5d785bf686,low,"NUMBERS MISSING: only abstract with approximate fractions ('one third'), not exact values; full text on SLIIT RDA is request-a-copy/login only and OpenAlex lists closed access. N, number of sets and subgroup results unknown (repository summary says no significant difference between audio/forensic professionals and others). Set composition (how many fakes per triplet) unclear, so chance of 1/3 assumed from 'identify the deepfake audio file from a set of three'. Candidate for author contact.",
ST074,R01520,ST074-a,ST074-D1,"All listeners, all channels",audio,Polish,95,18,9,9,single-item yes/no,0.5,54.8,11.36,52.3,42.7,,,,"Results: 'overall detection accuracy of 54.8%' (SD = 11.36; 95% CI 52.57-57.20%); 'Listeners were slightly more successful in identifying natural speech (mean accuracy: 57.3%) than in correctly flagging voice-cloned samples' (52.3%); Table 4: GSM d' = 0.88, c = 0.16; VoIP d' = 0.60, c = -0.43; VoLTE d' = -0.20, c = 0.45; channel accuracy GSM 63.7%, VoIP 56.7%, VoLTE 44.0%; Table 5/Fig. 8: AI via GSM 58%, Human via GSM 69%; AI via VoIP 71%, Human via VoIP 42%; AI via VoLTE 27%, Human via VoLTE 61%",ElevenLabs (commercial few-shot voice cloning),,raw,"telephone channel simulation: GSM, VoLTE, VoIP",phone,general public; domain professionals,,,0,8-12,0,0,https://www.mdpi.com/2624-599X/8/2/41,medium,"false_alarm_pct computed: 100 - 57.3 (natural-speech accuracy). 95 participants: 'Online recruitment through the Prolific platform ... a local expert group consisting of members of an academic audio engineering student society'; group Ns not reported; experts vs non-experts 55.7% vs 53.9% (no significant difference). 18 samples per listener (9 natural + 9 cloned across 3 channels, 1,710 judgments total; per-channel counts presumably 3+3). 9 Polish speakers aged 20-24 (familiarity not addressed). Test dates and feedback not reported. Same Gdansk group as ST058/ST029 - overlap with those listening tests not stated. Per-channel hit/FA from Table 5/Figure 8 as read via summarizer (not verbatim-confirmed; consistent with channel accuracies).",
ST074,R01520,ST074-b,ST074-D1,"All listeners, GSM channel",audio,Polish,95,6,3,3,single-item yes/no,0.5,63.7,,58,31,0.88,,,"Results: 'overall detection accuracy of 54.8%' (SD = 11.36; 95% CI 52.57-57.20%); 'Listeners were slightly more successful in identifying natural speech (mean accuracy: 57.3%) than in correctly flagging voice-cloned samples' (52.3%); Table 4: GSM d' = 0.88, c = 0.16; VoIP d' = 0.60, c = -0.43; VoLTE d' = -0.20, c = 0.45; channel accuracy GSM 63.7%, VoIP 56.7%, VoLTE 44.0%; Table 5/Fig. 8: AI via GSM 58%, Human via GSM 69%; AI via VoIP 71%, Human via VoIP 42%; AI via VoLTE 27%, Human via VoLTE 61%",ElevenLabs (commercial few-shot voice cloning),,raw,GSM narrowband codec,phone,general public; domain professionals,,,0,8-12,0,0,https://www.mdpi.com/2624-599X/8/2/41,medium,"Same participants as row a. false_alarm_pct computed: 100 - 69 (human-voice accuracy via GSM). Trials per channel (6 = 3 natural + 3 cloned) inferred from design '9 natural + 9 voice-cloned, distributed across 3 channels' - verify. 95 participants: 'Online recruitment through the Prolific platform ... a local expert group consisting of members of an academic audio engineering student society'; group Ns not reported; experts vs non-experts 55.7% vs 53.9% (no significant difference). 18 samples per listener (9 natural + 9 cloned across 3 channels, 1,710 judgments total; per-channel counts presumably 3+3). 9 Polish speakers aged 20-24 (familiarity not addressed). Test dates and feedback not reported. Same Gdansk group as ST058/ST029 - overlap with those listening tests not stated. Per-channel hit/FA from Table 5/Figure 8 as read via summarizer (not verbatim-confirmed; consistent with channel accuracies).",
ST074,R01520,ST074-c,ST074-D1,"All listeners, VoIP channel",audio,Polish,95,6,3,3,single-item yes/no,0.5,56.7,,71,58,0.60,,,"Results: 'overall detection accuracy of 54.8%' (SD = 11.36; 95% CI 52.57-57.20%); 'Listeners were slightly more successful in identifying natural speech (mean accuracy: 57.3%) than in correctly flagging voice-cloned samples' (52.3%); Table 4: GSM d' = 0.88, c = 0.16; VoIP d' = 0.60, c = -0.43; VoLTE d' = -0.20, c = 0.45; channel accuracy GSM 63.7%, VoIP 56.7%, VoLTE 44.0%; Table 5/Fig. 8: AI via GSM 58%, Human via GSM 69%; AI via VoIP 71%, Human via VoIP 42%; AI via VoLTE 27%, Human via VoLTE 61%",ElevenLabs (commercial few-shot voice cloning),,raw,VoIP codec,phone,general public; domain professionals,,,0,8-12,0,0,https://www.mdpi.com/2624-599X/8/2/41,medium,"Same participants as row a. false_alarm_pct computed: 100 - 42 (human-voice accuracy via VoIP). Trials per channel (6 = 3 natural + 3 cloned) inferred from design '9 natural + 9 voice-cloned, distributed across 3 channels' - verify. 95 participants: 'Online recruitment through the Prolific platform ... a local expert group consisting of members of an academic audio engineering student society'; group Ns not reported; experts vs non-experts 55.7% vs 53.9% (no significant difference). 18 samples per listener (9 natural + 9 cloned across 3 channels, 1,710 judgments total; per-channel counts presumably 3+3). 9 Polish speakers aged 20-24 (familiarity not addressed). Test dates and feedback not reported. Same Gdansk group as ST058/ST029 - overlap with those listening tests not stated. Per-channel hit/FA from Table 5/Figure 8 as read via summarizer (not verbatim-confirmed; consistent with channel accuracies).",
ST074,R01520,ST074-d,ST074-D1,"All listeners, VoLTE channel",audio,Polish,95,6,3,3,single-item yes/no,0.5,44.0,,27,39,-0.20,,,"Results: 'overall detection accuracy of 54.8%' (SD = 11.36; 95% CI 52.57-57.20%); 'Listeners were slightly more successful in identifying natural speech (mean accuracy: 57.3%) than in correctly flagging voice-cloned samples' (52.3%); Table 4: GSM d' = 0.88, c = 0.16; VoIP d' = 0.60, c = -0.43; VoLTE d' = -0.20, c = 0.45; channel accuracy GSM 63.7%, VoIP 56.7%, VoLTE 44.0%; Table 5/Fig. 8: AI via GSM 58%, Human via GSM 69%; AI via VoIP 71%, Human via VoIP 42%; AI via VoLTE 27%, Human via VoLTE 61%",ElevenLabs (commercial few-shot voice cloning),,raw,VoLTE codec,phone,general public; domain professionals,,,0,8-12,0,0,https://www.mdpi.com/2624-599X/8/2/41,medium,"Same participants as row a. false_alarm_pct computed: 100 - 61 (human-voice accuracy via VoLTE). Trials per channel (6 = 3 natural + 3 cloned) inferred from design '9 natural + 9 voice-cloned, distributed across 3 channels' - verify. 95 participants: 'Online recruitment through the Prolific platform ... a local expert group consisting of members of an academic audio engineering student society'; group Ns not reported; experts vs non-experts 55.7% vs 53.9% (no significant difference). 18 samples per listener (9 natural + 9 cloned across 3 channels, 1,710 judgments total; per-channel counts presumably 3+3). 9 Polish speakers aged 20-24 (familiarity not addressed). Test dates and feedback not reported. Same Gdansk group as ST058/ST029 - overlap with those listening tests not stated. Per-channel hit/FA from Table 5/Figure 8 as read via summarizer (not verbatim-confirmed; consistent with channel accuracies).",
ST075,R01528,ST075-a,ST075-1,pre/post interactive prototype,audiovisual,,,,,,,,,,,,,,,"Abstract (OpenAlex W7162142372): ""Findings reveal a significant delta in performance, with 36% increase in deepfake detection accuracy and 47% awareness increase following interactive prototype engagement based on these requirements.""",,,,,,general public (Generation Z users),1; pre/post interactive prototype with side-by-side comparison modules and nudges,,,,,,https://api.openalex.org/works/doi:10.1109/iccraids67816.2026.11519676,low,"NUMBERS MISSING: only abstract available (IEEE, closed access); abstract reports a relative 36% increase in detection accuracy but no baseline or post accuracy, N, or stimulus counts; deepfakes and voice cloning named without generator. Candidate for author contact.",
ST076,R01567,ST076-a,ST076-1,all participants; overall,video,none (audio removed),87,36,18,18,single-item yes/no,0.5,60,,,36,,,,"p. 8-9: ""Participants correctly identified videos 60% of the time on average."" ""Image-to-Video clips were recognized most accurately (79%), followed by real footage (64%), out painting (49%), and text-to-video (43%)."" Methods: ""87 participants judged every clip in a binary forced-choice task"" ; ""36 clips were used: 18 real videos and 18 AI-generated videos.""",Google's Veo 3 (text-to-video); Lightricks LTX Video (image-to-video); Wan VACE (outpainting),6/6/6 of 18 fake clips (evenly divided among three techniques),curated,,lab,general public (university mailing lists and online forums; no professional AI/graphics/video experience),0; none reported,,,8-12,0,0,https://dl.designresearchsociety.org/cgi/viewcontent.cgi?article=1382&context=iasdr,high,"Overall row; per-generator rows b-d share dependence_id. Real-clip accuracy 64% => false alarm 36% (computed: 100-64). Ages 18-70. Clips 1080p, audio removed.",
ST076,R01567,ST076-b,ST076-1,text-to-video (Veo 3),video,none (audio removed),87,36,18,6,single-item yes/no,0.5,53.5,,43,36,,,,"p. 8-9: ""Image-to-Video clips were recognized most accurately (79%), followed by real footage (64%), out painting (49%), and text-to-video (43%).""",Google's Veo 3,,curated,,lab,general public (university mailing lists and online forums),0; none reported,,,8-12,0,0,https://dl.designresearchsociety.org/cgi/viewcontent.cgi?article=1382&context=iasdr,high,Per-generator split: hit rate = % of that technique's fakes correctly identified; false alarm shared from real clips (computed: 100-64). Same participants as ST076-a. | computed balanced accuracy = (hit + real accuracy 64)/2,
ST076,R01567,ST076-c,ST076-1,image-to-video (LTX Video),video,none (audio removed),87,36,18,6,single-item yes/no,0.5,71.5,,79,36,,,,"p. 8-9: ""Image-to-Video clips were recognized most accurately (79%), followed by real footage (64%), out painting (49%), and text-to-video (43%).""",Lightricks LTX Video,,curated,,lab,general public (university mailing lists and online forums),0; none reported,,,8-12,0,0,https://dl.designresearchsociety.org/cgi/viewcontent.cgi?article=1382&context=iasdr,high,Per-generator split: hit rate = % of that technique's fakes correctly identified; false alarm shared from real clips (computed: 100-64). Same participants as ST076-a. | computed balanced accuracy = (hit + real accuracy 64)/2,
ST076,R01567,ST076-d,ST076-1,outpainting (Wan VACE),video,none (audio removed),87,36,18,6,single-item yes/no,0.5,56.5,,49,36,,,,"p. 8-9: ""Image-to-Video clips were recognized most accurately (79%), followed by real footage (64%), out painting (49%), and text-to-video (43%).""",Wan VACE,,curated,,lab,general public (university mailing lists and online forums),0; none reported,,,8-12,0,0,https://dl.designresearchsociety.org/cgi/viewcontent.cgi?article=1382&context=iasdr,high,Per-generator split: hit rate = % of that technique's fakes correctly identified; false alarm shared from real clips (computed: 100-64). Same participants as ST076-a. | computed balanced accuracy = (hit + real accuracy 64)/2,
ST077,R01632,ST077-a,ST077-D1,2AFC human-vs-clone identification (separate sample),audio,English (regional accents),11,,,,paired/2AFC,0.5,70.4,16,,,,,,'Participants identified voices as human better than chance with an accuracy level of 70.4% (SD = 0.16)'; 'asked 11 participants to identify which voice was human in an 2AFC task',"ElevenLabs 'Voice Design' model, clones created December 2024",,curated,,lab,general public (Prolific),0,2024-12 to 2025,0,,0,0,"PsyArXiv 6xnj5_v1 (Wang & Adank), rendered via mfr.osf.io",high,Main task is intelligibility in noise (80 participants); only the 11-person 2AFC task is eligible. One voice regenerated because default output was suboptimal (curated).,
ST078,R01669,ST078-a,ST078-1,all participants,audio,English,22,16,8,8,single-item yes/no,0.5,37.5,,,,,,,"Section 4.1 (arXiv v1): ""Twenty-two participants evaluated 16 clips each, resulting in 352 total classification judgments. Mean participant accuracy was 6.0 out of 16 clips (37.5%)"". Section 4.2: ""Of the 8 AI-generated clips, 6 (75%) were majority-labeled as Human.""","Play.ht (personas ""Michael"" and ""Matt"")",,curated,,phone,"general public (Prolific, U.S.-based)",,,,10-15,0,0,https://arxiv.org/html/2602.20061v1,medium,"Paper WITHDRAWN by authors on arXiv (v2, 26 Mar 2026: ""Withdrawn at the request of the authors pending further revision""); numbers from v1. Vishing scenario framing (channel coded phone = simulated call scenario; confirm). 75% figure is proportion of AI clips majority-labeled human (item-level), not participant-level, so not entered as pct_fake_judged_real. Training/feedback and collection dates not captured.",
ST079,R01685,ST079-a,ST079-1,synthetic videos (face-swapped),video,Chinese,298,11,12,12,Likert,,,,,,,,,"Table 1: detection accuracy (0-100) real videos ""59.796 (34.248)"", synthetic videos ""43.396 (34.468)"", deepfakes ""47.277 (32.550)"". Methods: slider ""ranged from '100% confidence this is a synthetic video' at the left endpoint to '100% confidence this is not a synthetic video' at the right endpoint""; accuracy ""scored on a range from 0 to 100 based on the participant's response.""",Qianhe (face-swapping tool),,curated,,social media,"general public (Wenjuanxing panel, China; mean age 40)",0; debriefing after all responses,May and June 2024,,60,0,,https://journals.sagepub.com/doi/full/10.1177/20563051251401815,medium,"Outcome is a confidence-weighted slider score (0-100), not percent correct, so accuracy_pct left empty; synthetic mean 43.396 (SD 34.468), real mean 59.796 (SD 34.248). 33 videos (12 real, 12 synthetic, 9 deepfakes) split into three groups; each participant rated 11 videos, so per-category trial counts per participant approx. 4 (not exact). Channel coded social media from framing; verify.",
ST079,R01685,ST079-b,ST079-1,"deepfakes (volunteer-recorded false-information videos, face-swapped)",video,Chinese,298,11,12,9,Likert,,,,,,,,,"Table 1: detection accuracy (0-100) deepfakes ""47.277 (32.550)""; real videos ""59.796 (34.248)"".",Qianhe (face-swapping tool),,curated,,social media,"general public (Wenjuanxing panel, China)",0; debriefing after all responses,May and June 2024,,60,0,,https://journals.sagepub.com/doi/full/10.1177/20563051251401815,medium,"Same participants as ST079-a. Slider score, not percent correct (see ST079-a). Deepfakes = volunteers recorded videos sharing false information, then same face-swap process.",
ST080,R01695,ST080-a,ST080-1,younger and older adults,audio,English,,,,,,,,,,,,,,"Abstract: ""older adults recognize the presentation of AI speech less frequently, rate AI speech as more natural, and are less able to discriminate between human and AI speech compared to younger adults.""",Google's Wavenet text-to-speech synthesizer,,,,,general public (younger and older adults),,,,,,,https://link.springer.com/article/10.1007/s10772-023-10027-y,low,"NUMBERS MISSING: Springer paywalled, not OA (OpenAlex: closed); no preprint found. Multiple experiments with younger and older groups; data on OSF (osf.io/4jufv) could allow computation. Speech in multi-talker babble. Candidate for author contact / OSF data.",
ST081,R01733;R01838,ST081-a,ST081-1,all participants (physics S1 + professional S2 tasks),video,,40,40,40,40,single-item yes/no,0.5,66.4,,,,,,,"arXiv 2602.03374 Results: ""The mean accuracy across participants was 66.4%."" ""participants were more successful at detecting AI-generated videos in S1, physics videos, (M = 70.8%, SD = 24.3%)"" ""compared to S2, professional videos (M = 62.0%, SD = 23.9%)""; ""a higher proportion of AI-generated videos were misclassified as real (18.1%) compared to real videos misclassified as AI-generated (15.5%).""",Google Veo 3.1 (October 2025),,raw,,lab,"general public (adults 18-48, Cambridge lab eye-tracking study, paid 15 GBP)",0; no feedback reported,,,5,0,0,https://arxiv.org/html/2602.03374,high,"R01838 (Cambridge repository) is the same study; arXiv version used. Each participant saw 20 videos per task, half real half AI (10+10 per task); each scene shown as either AI or real. Real: 20 Physics-IQ + 20 Adobe Stock. Hit/FA not entered: confusion-matrix cells 18.1% and 15.5% sum with 66.4 to 100, suggesting % of all trials (would imply miss 36.2%, FA 31.0%) but the definition is not stated, so not exact. Curation coded raw (no selection described; prompts matched to real clips via text/keyframe). Audio presence not stated. Dates not reported.",
ST082,R01809,ST082-a,ST082-1,third-year Computer Engineering students,video,,105,5,,,single-item yes/no,0.5,65.4,,,,,,,"Abstract (Zenodo 19178899): ""Results showed a moderate detection accuracy (mean = 3.27/5 or ~65%), indicating that even technically proficient students struggle to reliably identify synthetic media.""; ""105 third-year students participated in a video classification test and survey""","Sora or Kling (per paper: ""AI models like Sora or Kling"")",,,,,"students (Computer Engineering, Bulacan State University, Philippines)",,,,,,,https://api.openalex.org/works/doi:10.5281/zenodo.19178899,medium,"computed: 3.27/5*100 = 65.4 (mean correct out of 5 videos). Full-text PDF on Zenodo not read (HTTP 429). Real/fake counts, generators, task format (assumed binary) and chance unverified. Tech-literate student sample. | browser pass: Zenodo PDF Sec 2.3: 'a collection of 5 short video clips, split evenly between authentic footage and videos generated by AI models like Sora or Kling'; data 2025-2026 academic year -> Sora 2 (rule 3), Kling version unresolved (table row, low); accuracy 65.4% (3.27/5) from abstract; N=105",
ST083,R01825,ST083-a,ST083-1,video content,video,,57,,2,2,,,74.0,29.3,,,,,,"p. 182, Data Analysis / Table 1: ""Video demonstrated the highest accuracy (M = 0.740)"", SD 0.293; p. 181: ""There were 57 university students in the sample""; ""Each type of content consisted of two manipulated and two authentic material sets""","not reported (manipulated videos, tool unknown)",,,,,students (university students in a basic IT course),"1; ""After completing the baseline deepfake detection task, they received deception cues training"" (unclear whether 0.740 is pre- or post-training)",,,,0,,https://openaccess-api.cms-conferences.org/articles/download/978-1-964867-81-6_17,medium,"AHFE 2026. Values converted from proportions (0.740 -> 74.0, SD 0.293 -> 29.3). Response format (authenticity rating + confidence) and accuracy computation not described; unclear whether manipulated videos are generative AI; unclear whether the reported accuracy is baseline or post-training. News and image conditions excluded. ""material sets"" may contain more than one item each.",
ST084,R01880,ST084-a,ST084-1,Gen Z social media users,video,,,,,,interactive,,,,,,,,,,,,,,,general public (Gen Z social media users),,,,,,,,low,"NUMBERS MISSING: qualitative bachelor thesis (Uppsala, DiVA) with think-aloud classification of authentic and AI videos; full text not reachable (DiVA blocked; no copy found by web search). Correct/incorrect counts may be computable from full text.",
ST085,R01898,ST085-a,ST085-1,mouth-movement manipulation absent vs present,video,Chinese,193,,,,,,,,,,,,,"p. 2, Table 1: mean ranks for identification performance ""absence group = 82.45, presence group = 112.01, with U = 6081, Z = 3.743, p < 0.001""; p. 1: ""A total of 193 valid responses were collected""",,,,,,"general public (Credamo online panel, China)",,,,,,,https://aisel.aisnet.org/context/whiceb2026/article/1107/viewcontent/121.pdf,medium,"NUMBERS MISSING: WHICEB 2026 extended abstract reports only Mann-Whitney mean ranks; no accuracy, stimulus counts, deepfake method, or whether real videos were included (possibly fake-only). Language assumed from Credamo platform; verify. Candidate for author contact. | browser pass 2026-09-28: WHICEB PDF read: only Mann-Whitney mean ranks, no accuracy",
ST086,R01899,ST086-a,ST086-1,students viewing political deepfakes,video,,,,,3,,,,,,,,,,"Abstract (OpenAlex): students ""viewed three political deepfakes and completed questionnaires assessing their perceived authenticity"" (paraphrased reconstruction)",,,,,,students (diverse backgrounds),,,,,1,,https://api.openalex.org/works/doi:10.1109/tcss.2026.3667623,low,"NUMBERS MISSING: IEEE TCSS closed access; abstract only. Likely fake-only design (three deepfakes, perceived authenticity). Candidate for author contact.",
ST087,R01910,ST087-a,ST087-1,"r/RealOrAI community, video posts (aggregate community judgment)",video,,,,23,21,interactive,0.5,75.0,,85.7,34.8,,,,"Table 1 / Results: ""Video has the highest F_1 (76.6%), with a clear signal separation between bot-verified AI videos (mean community AI-sentiment 78.8%) and bot-verified REAL videos (33.5%)""; 44 video posts, 21 AI-labeled and 23 real-labeled; ""only 3 false negatives versus 8 false positives""",,,,,social media,general public (Reddit r/RealOrAI commenters),0,"August 2022 to April 2026 (labelled analysis from 13 May 2025, bot deployment)",,,0,,https://arxiv.org/html/2605.24287,medium,"computed: hit = (21-3)/21 = 85.7; FA = 8/23 = 34.8; accuracy = (18+15)/44 = 75.0. Unit is aggregated community sentiment per post, not individual participants (n_participants unknown); treat as naturalistic/non-standard. Audio: only 2 labelled audio posts, no performance reported, not extracted. Generators not identified (in-the-wild posts). Recall 85.7% matches reported recall.",
ST088,R01920,ST088-a,ST088-1,survey respondents,audio,,405,,,,,,,,,,,,,"Abstract (OpenAlex): ""the author collected 405 surveys, including an experimental design that exposed users to three different voices (human, advanced machine, and simple machine)... Results revealed that users have difficulty distinguishing between voices""",advanced machine voice (Google Duplex-era) and simple machine voice (not named in abstract),,,,,general public (survey),,2018,,,,,https://api.openalex.org/works/doi:10.26153/tsw/1450,low,"NUMBERS MISSING: 2018 UT Austin master's report; repository full text blocked (403), abstract has no accuracy numbers. Three voices only (1 human, 2 machine) - likely very few stimuli; check whether a real-vs-machine judgment was scored. Data collection year assumed from report year.",
ST089,R01943,ST089-a,ST089-1,pilot participants,video,,,,,,,,,,,,,,,,,,,,,,,,,,,,,low,"NUMBERS MISSING: AMCIS 2026 pilot; AIS eLibrary PDF could not be fetched (robots.txt disallowed). Per screener, reports response time and confidence only, not accuracy, for text/photo/video; unclear whether video manipulations are generative. Candidate for author contact / eligibility check.",
ST090,R01958,ST090-a,ST090-1,"visually rich, emotional expressions",video,,89,,,,,0.5,86,,,,,,,"OSF preregistration description (OpenAlex): ""In prior research (N=89), investigators examined human detection of deepfakes displaying neutral, happy, or negative expressions in two formats. 'Visually rich' stimuli reduced detection accuracy (86% vs. 92% neutral), while degraded Point Light Display versions improved it (53% vs. 40% neutral).""",,,,,,,,,,,,,https://api.openalex.org/works/doi:10.17605/osf.io/bdr4g,low,"Numbers come from an OSF preregistration summarising an earlier experiment (N=89), not from the primary report; OSF page itself not readable (JS). Accuracy definition (fake-only or real+fake), stimulus counts, generator, task format unknown; earlier experiment may be published separately - check for duplicate. Emotional = happy or negative expressions. PLD = Point Light Display (degraded, motion-only rendering of the videos); may be ineligible as a non-natural rendering.",
ST090,R01958,ST090-b,ST090-1,"visually rich, neutral expressions",video,,89,,,,,0.5,92,,,,,,,"OSF preregistration description (OpenAlex): ""In prior research (N=89), investigators examined human detection of deepfakes displaying neutral, happy, or negative expressions in two formats. 'Visually rich' stimuli reduced detection accuracy (86% vs. 92% neutral), while degraded Point Light Display versions improved it (53% vs. 40% neutral).""",,,,,,,,,,,,,https://api.openalex.org/works/doi:10.17605/osf.io/bdr4g,low,"Numbers come from an OSF preregistration summarising an earlier experiment (N=89), not from the primary report; OSF page itself not readable (JS). Accuracy definition (fake-only or real+fake), stimulus counts, generator, task format unknown; earlier experiment may be published separately - check for duplicate. Emotional = happy or negative expressions. PLD = Point Light Display (degraded, motion-only rendering of the videos); may be ineligible as a non-natural rendering.",
ST090,R01958,ST090-c,ST090-1,"degraded Point Light Display, emotional",video,,89,,,,,0.5,53,,,,,,,"OSF preregistration description (OpenAlex): ""In prior research (N=89), investigators examined human detection of deepfakes displaying neutral, happy, or negative expressions in two formats. 'Visually rich' stimuli reduced detection accuracy (86% vs. 92% neutral), while degraded Point Light Display versions improved it (53% vs. 40% neutral).""",,,,,,,,,,,,,https://api.openalex.org/works/doi:10.17605/osf.io/bdr4g,low,"Numbers come from an OSF preregistration summarising an earlier experiment (N=89), not from the primary report; OSF page itself not readable (JS). Accuracy definition (fake-only or real+fake), stimulus counts, generator, task format unknown; earlier experiment may be published separately - check for duplicate. Emotional = happy or negative expressions. PLD = Point Light Display (degraded, motion-only rendering of the videos); may be ineligible as a non-natural rendering.",
ST090,R01958,ST090-d,ST090-1,"degraded Point Light Display, neutral",video,,89,,,,,0.5,40,,,,,,,"OSF preregistration description (OpenAlex): ""In prior research (N=89), investigators examined human detection of deepfakes displaying neutral, happy, or negative expressions in two formats. 'Visually rich' stimuli reduced detection accuracy (86% vs. 92% neutral), while degraded Point Light Display versions improved it (53% vs. 40% neutral).""",,,,,,,,,,,,,https://api.openalex.org/works/doi:10.17605/osf.io/bdr4g,low,"Numbers come from an OSF preregistration summarising an earlier experiment (N=89), not from the primary report; OSF page itself not readable (JS). Accuracy definition (fake-only or real+fake), stimulus counts, generator, task format unknown; earlier experiment may be published separately - check for duplicate. Emotional = happy or negative expressions. PLD = Point Light Display (degraded, motion-only rendering of the videos); may be ineligible as a non-natural rendering.",
ST091,R01961,ST091-a,ST091-D1,"Adult participants (age >= 18), all audios",audio,Spanish (Paraguayan accent),447,10,,,single-item yes/no,0.5,58.36,18.14,47.13,30.12,,,,"computed from the authors' open data (responses.csv, doi:10.34740/kaggle/ds/9480071): per-participant mean accuracy over adults; hit = VP/(VP+FN), FA = FP/(FP+VN) over trials; 4,459 adult trials, 50.0% fake","ElevenLabs Starter, Instant Voice Cloning, Eleven Multilingual v2 model",,raw,,lab,general public (volunteers),0,2024-01-11 to 2026-01-04,0,up to 15,0,0,https://www.mdpi.com/2076-3417/16/4/1910/htm; https://www.kaggle.com/datasets/vianellagimenez/rating-responses-authentic-vs-fake,high,OPEN DATA: computed by us from trial-level CSV; 3 participants under 18 excluded; 33 malformed rows dropped,
ST092,R01971,ST092-a,ST092-1,"Experiment 1, single-task (audio only)",audio,English,30,24,24,24,single-item yes/no,0.5,68,12,63,30,,,,"Exp. 1 results: single-task ""μ=0.68 , σ=0.12""; ""mean accuracy in detecting bona fide stimuli is higher ( μ=0.7 , σ=0.14 ) than for spoofed stimuli ( μ=0.63 , σ=0.18 )""; stimuli: ""12 audio stimuli for each voice, six of which are bona fide and six of which are spoofed (48 in total)""",TorToise (per-speaker models trained on YouTube material of four newsreaders),,curated,,,general public (volunteers aged 20-36; recruitment not described),0; none,,1,11-15,0,0,https://arxiv.org/html/2601.10383,high,"Hit = spoofed accuracy 63; computed: FA = 100 - 70 (bona fide accuracy). 48-clip pool split across single and dual conditions (24 clips each, balanced assumed from 6/6 per voice); n_real/n_fake = pool counts. Newsreaders are well-known (Andrea Mitchell, Carl Nasman, Lester Holt, Sophie Raworth) so coded familiar=1, though participant familiarity not measured. Curation coded curated: TorToise chosen as ""most authentic reproduction"". Participants did all three conditions (within-subject, order counterbalanced).",
ST092,R01971,ST092-b,ST092-1,"Experiment 1, dual-task (cognitive load, audio only)",audio,English,30,24,24,24,single-item yes/no,0.5,66,13,,,,,,"Exp. 1 results: dual-task ""μ=0.66 , σ=0.13"" versus single-task ""μ=0.68 , σ=0.12""; ""mean accuracies achieved under these two conditions do no[t] differ significantly (p=0.6)""",TorToise (per-speaker models trained on YouTube material of four newsreaders),,curated,,,general public (volunteers aged 20-36; recruitment not described),0; none,,1,11-15,0,0,https://arxiv.org/html/2601.10383,high,Same participants as ST092-a. Bona fide/spoofed means for dual-task not quoted (only SDs reported by summariser: 0.14 / 0.24).,
ST092,R01971,ST092-c,ST092-1,"Experiment 2, video with spoofed/bona fide audio (speaker not visible)",audio,English,30,8,4,4,single-item yes/no,0.5,75,,71,22,,,,"Exp. 2: ""Participants look at a sequence of 8 videos, four of which containing spoofed audio.""; ""achieved an average accuracy of 0.75"" with bona fide 0.78 and spoofed 0.71; ""significantly higher than under the single (μ=0.68, p=0.03) and dual-task (μ=0.66, p=0.005)""",TorToise (per-speaker models trained on YouTube material of four newsreaders),,curated,,,general public (volunteers aged 20-36; recruitment not described),0; none,,1,11-15,0,0,https://arxiv.org/html/2601.10383,high,"Same participants as ST092-a. Only the audio is synthetic; the video is genuine B-roll where the speaker is not visible, so modality coded audio (audiovisual presentation). computed: FA = 100 - 78. Only 8 trials.",
ST093,R01974,ST093-a,ST093-1,group listening over shared loudspeakers (classroom),music,instrumental,107,30,12,18,single-item yes/no,0.5,48.16,,,,,,,"Abstract (Zenodo 22278782 via OpenAlex): ""students at the Sichuan Conservatory of Music (N = 107) completed a forced-choice authorship task on 30 instrumental excerpts spanning Lo-Fi, Hard Rock, and Swing Jazz. The stimulus set included 18 AI-generated tracks produced with Suno, Udio, and Mureka, as well as 12 human-produced tracks... Across 3,210 responses, overall identification accuracy was 48.16%""","Suno, Udio, and Mureka",,,,lab,"students (undergraduate and graduate music students, Sichuan Conservatory of Music)",,,,,0,,https://api.openalex.org/works/doi:10.5281/zenodo.22278782,medium,"Abstract only (Zenodo full text not read). 3,210 responses = 107 x 30, so trials_per_participant 30 derived exactly. Accuracy pooled over responses. Unbalanced stimuli (18 AI / 12 human). Channel: loudspeakers in classroom (coded lab). Same author's individual headphone study (Longardner 2026) is a separate record (see ST111) - check for participant overlap.",
ST094,R01996,ST094-a,ST094-1,participants (audio/video conditions),audiovisual,,,,,,,,,,,,,,,,,,,,,,,,,,,,https://api.openalex.org/works/doi:10.1007/978-3-032-02949-2_4,low,"NUMBERS MISSING: Springer LNNS chapter (pp. 42-54, 2025), closed access, no repository copy, abstract not available via OpenAlex. Per screener, reports familiarity, social media use and age effects; image condition must be excluded. Candidate for author contact.",
ST095,R02003,ST095-a,ST095-1,university students,video,,492,5,,,single-item yes/no,0.5,57,,,,,,,"Abstract (Zenodo 17880804): ""an empirical survey conducted among 492 students of Tashkent University of Information Technologies named after Muhammad al-Khwarizmi. Participants watched five short videos and classified each as real or fake. The results show that respondents achieved an average accuracy of 57%, while 43% misclassified at least one video.""",,,,,,students (Tashkent University of Information Technologies),,,,,,,https://zenodo.org/records/17880804,medium,"Abstract only; PDF on Zenodo returned binary/unreadable. Composition of the five videos unclear: OpenAlex abstract says ""five short deepfake videos"", Zenodo description says ""five short videos"" - possibly fake-only; fake_only left blank. Generators not reported. ""43% misclassified at least one video"" is inconsistent with 57% mean accuracy over 5 videos unless defined differently - verify. | browser pass 2026-09-28: PDF read: no generator named; authors unsure of the correct label for one video ('Assuming the correct classification was deepfake'); stays out",
ST096,R02016,ST096-a,ST096-1,user study (15 native Arabic speakers + 4 with basic Arabic),audiovisual,Arabic-English code-switched,19,,,,single-item yes/no,0.5,60,,,,,,,"arXiv 2505.22581 (PDF), User Study: ""humans achieve only 60% accuracy""; 19 participants, 15 native Arabic speakers and 4 with basic Arabic knowledge; a random sample of 20 videos ""containing either 0 or 1 manipulation each""; ""85% of the users fail to identify deepfakes when the manipulation happens in the English word, in the CSW video.""","ArEnAV dataset: text edits by GPT-4.1-mini; TTS XTTS-v2, Fairseq Arabic TTS, GPT-TTS, OpenVoice-v2 conversion; lip-sync Diff2Lip and LatentSync",,raw,,,general public (mostly native Arabic speakers),,,,,,,https://arxiv.org/pdf/2505.22581,medium,Partial (word-level) audiovisual manipulations within real videos. Number of real vs fake among the 20 videos not stated; per-participant count not stated. Includes 4 non-native participants not separable. Also a localization task (AP@0.5 0.79) not extracted. arXiv HTML re-read blocked by 429.,
ST097,R02087,ST097-a,ST097-1,Experiments 1-2 (planned),music,,,,,,single-item yes/no,,,,,,,,,"OSF registration description (OpenAlex): participants ""listen to 10-second musical excerpts and make preference judgments (liking/disliking) and attribution decisions (whether music is AI-generated or human-composed)""",,,,,,,,,,10,,,https://api.openalex.org/works/doi:10.17605/osf.io/uh327,low,"NUMBERS MISSING: OSF preregistration, data collection ongoing; outcome is reaction time; no accuracy reported. Exp. 2 reframes attribution as cover bands. Candidate for later follow-up.",
ST098,R02112;R02400,ST098-a,ST098-1,fully synthetic vs authentic (window-level),audio,English,47,20,5,5,interactive,0.5,,,8.3,3.6,,,,"Table 1 (window-level): Authentic 96.4% accuracy; Fully Synthetic 8.3% accuracy, 91.7% false negative rate; ""Accuracy is the proportion of windows for which the participant's decision matched the ground truth."" Text: ""authentic utterances achieved 80% accuracy (4/5 correct) and partially synthetic 80% (8/10 correct), but fully synthetic speech was never correctly classified (0/5 correct)""; ""Low crowd discriminability (d′=0.43±0.71, EER =41%)""","LJ JETS, YourTTS, XTTS V2, GPT-SoVITS, CosyVoice, ElevenLabs",,raw,,lab,"general public (Prolific, native English speakers from the United States, age 18-55+)",0; debriefed at end with visualization of marker placements vs ground truth (after judgments),December 2025,,>10,0,0,https://arxiv.org/html/2605.28064,medium,"Localization task: participants marked suspicious segments (flags/intervals) per utterance; metrics are per time window pooled across participants, not per-trial percent correct. computed: FA = 100 - 96.4 (authentic windows marked fake). Trial-level (utterance, apparently crowd-level) results: authentic 4/5, fully synthetic 0/5, partial 8/10, overall 12/20 = 60%. Per-generator results not reported. 20 utterances per participant in ratio 1:1:2 (5 authentic, 5 fully synthetic, 10 partially synthetic) from 40 LibriTTS speakers. d'=0.43 is crowd-level across all types. R02400 is the Zenodo trial-level dataset (940 trials) of the same study - could yield exact participant-level accuracy.",
ST098,R02112;R02400,ST098-b,ST098-1,"partially synthetic, fake regions (window-level)",audio,English,47,20,5,10,interactive,0.5,,,29.3,3.6,,,,"Table 1 (window-level): Partially Synthetic (fake regions) 29.3% accuracy, 70.7% false negative rate; Partially Synthetic (real regions) 88.6% accuracy; Authentic 96.4%.","LJ JETS, YourTTS, XTTS V2, GPT-SoVITS, CosyVoice, ElevenLabs",,raw,,lab,"general public (Prolific, native English speakers from the United States, age 18-55+)",0; debriefed at end with visualization of marker placements vs ground truth (after judgments),December 2025,,>10,0,0,https://arxiv.org/html/2605.28064,medium,"Same participants as ST098-a. Partial manipulations (synthetic regions spliced into authentic speech). Window-level metric; computed: FA = 100 - 96.4 from authentic utterances (real regions within partial utterances: 11.4% marked fake, computed 100-88.6).",
ST099,R02120,ST099-a,ST099-1,open-source generators (aggregate),video,,5,,,,single-item yes/no,,,,,,,,31.4,"Section 4.3.1: ""Reviewers identify 68.6% of open-source videos as generated, but only 52.9% of closed-source videos, with Seedance2.0 and Kling falling to 40.7% and 45.1%.""",open-source video generators (aggregate),,raw,,,domain professionals (small reviewer panel; likely researchers),"1; ""standardized training materials"" per Appendix D.1 (summarised, not verbatim)",,,,1,,https://arxiv.org/html/2608.14391,medium,"computed: pct judged real = 100 - 68.6. Fake-only reporting: only % of generated videos identified as generated is reported (real anchors reportedly shown but no real-video rates found). Unit (per review vs per video) not confirmed. A per-generator table returned by one fetch (Wan2.2, LTX, Omni Weave, Happy Horse, Runway, Hailuo) could not be verified verbatim on re-read, so not used. Crisis-event video prompts; 633 generated videos labelled Real by all five reviewers formed RA-Bench-HumanProof.",
ST099,R02120,ST099-b,ST099-1,closed-source generators (aggregate),video,,5,,,,single-item yes/no,,,,,,,,47.1,"Section 4.3.1: ""Reviewers identify 68.6% of open-source videos as generated, but only 52.9% of closed-source videos, with Seedance2.0 and Kling falling to 40.7% and 45.1%.""","closed-source video generators (aggregate, incl. Seedance2.0 and Kling)",,raw,,,domain professionals (small reviewer panel; likely researchers),"1; ""standardized training materials"" per Appendix D.1 (summarised, not verbatim)",,,,1,,https://arxiv.org/html/2608.14391,medium,"computed: 100 - 52.9. Aggregate includes the Seedance2.0 and Kling rows (c, d) - do not pool with them.",
ST099,R02120,ST099-c,ST099-1,Seedance2.0,video,,5,,,,single-item yes/no,,,,,,,,59.3,"Section 4.3.1: ""Reviewers identify 68.6% of open-source videos as generated, but only 52.9% of closed-source videos, with Seedance2.0 and Kling falling to 40.7% and 45.1%.""",Seedance2.0,,raw,,,domain professionals (small reviewer panel; likely researchers),"1; ""standardized training materials"" per Appendix D.1 (summarised, not verbatim)",,,,1,,https://arxiv.org/html/2608.14391,medium,computed: 100 - 40.7. Subset of closed-source aggregate (row b).,
ST099,R02120,ST099-d,ST099-1,Kling,video,,5,,,,single-item yes/no,,,,,,,,54.9,"Section 4.3.1: ""Reviewers identify 68.6% of open-source videos as generated, but only 52.9% of closed-source videos, with Seedance2.0 and Kling falling to 40.7% and 45.1%.""",Kling,,raw,,,domain professionals (small reviewer panel; likely researchers),"1; ""standardized training materials"" per Appendix D.1 (summarised, not verbatim)",,,,1,,https://arxiv.org/html/2608.14391,medium,computed: 100 - 45.1. Subset of closed-source aggregate (row b).,
ST100,R02170,ST100-a,ST100-1,CharadesDF study,video,,100,60,500,500,Likert,0.5,78.4,13.2,,,,0.846,,"Results: humans achieved ""mean accuracy of 0.784 (SD = 0.132)"", F1 0.783, AUC 0.846; ""100 participants"", each viewing ""a randomly sampled subset of 60 videos"" (pool 500 authentic, 500 deepfakes); ""rated their confidence that each video was fabricated on a 5-point Likert scale, which we converted to continuous probability scores""; ""We computed accuracy as the proportion of correct binary classifications at the p=0.5 threshold.""","CharadesDF: ""publicly available face-swapping tools"" (not named)",,raw,,lab,general public (Prolific),,,,,,,https://arxiv.org/html/2603.14658,high,"Accuracy from 5-point Likert converted to probability, thresholded at 0.5 (handling of the midpoint unclear). CharadesDF built from videos recorded by Phase 1 participants (excluded from evaluation); low-to-medium quality videos. Unclear whether the CharadesDF and DF40 samples are different people (each reported as 100 participants) - dependence_ids kept separate; verify. Audio, clip length, dates not reported.",
ST100,R02170,ST100-b,ST100-2,DF40 study,video,,100,60,500,500,Likert,0.5,74.3,12.2,,,,0.823,,"Results: human participants achieved ""mean accuracy of 0.743 (SD = 0.122)"", F1 0.759, AUC 0.823; 1,000-video pool (500 real, 500 fake across 10 forgery techniques); each participant viewed ""a randomly sampled subset of 60 videos"".","DF40 (10 forgery techniques, not enumerated in text read)",,raw,,lab,general public (Prolific),,,,,,,https://arxiv.org/html/2603.14658,high,Per-technique human accuracy not reported. See ST100-a regarding participant overlap and Likert conversion.,
ST101,R02187,ST101-a,ST101-1,participants,video,,,,,,,,,,,,,,,"Abstract (OpenAlex, reconstructed): examines how effectively people detect deepfakes and factors affecting detection ability, reactions when deepfakes are revealed, and ethical implications, using the FaceForensics++ dataset.",FaceForensics++ dataset,,,,,,,,,,,,https://api.openalex.org/works/doi:10.26153/tsw/11785,low,"NUMBERS MISSING: 2020 UT Austin master's report; repository (repositories.lib.utexas.edu/handle/2152/84814) returns 403. FaceForensics++ contains learned (Deepfakes, NeuralTextures) and graphics-based (FaceSwap, Face2Face) manipulations; which were used is unknown - eligibility of non-generative arms to check. Candidate for author contact.",
ST102,R02618;R02234,ST102-a,ST102-1,all participants,video,English,195,4,10,10,single-item yes/no,0.5,76,,72,21,,,,"arXiv 2602.01284: ""Overall accuracy was 0.76."" ""Participants were significantly better at identifying real videos (M=.79, SD=.31) than detecting deepfakes (M=.72, SD=.33), t(194)=-2.08, p=.038."" ""Participants correctly identified 282 deepfakes and 308 real videos, with 108 deepfakes missed and 82 real videos falsely labelled as fake."" ""Our stimulus set comprised 20 videos in total: 10 authentic videos and 10 deepfakes collected from publicly accessible sources such as YouTube.""","in-the-wild deepfakes from YouTube and other public sources (face swapping, lipsyncing, and facial reenactment)",,curated,,social media,"general public (Singapore convenience/snowball sample via social media poster, aged 21-40; paid SGD 10)",0; none,,1,<60,0,0,https://arxiv.org/html/2602.01284,high,"computed: FA = 100 - 79 (real-video accuracy). Pooled check: (282+308)/780 = 75.6. Each participant judged 4 videos (390 fake / 390 real judgments, so 2 real + 2 fake). Videos contain audio and feature public figures (familiar=1). R02234 (ASIS&T 2025, pra2.1310, closed access) appears to be the same or overlapping sample - kept under this study; no separate numbers. Language assumed English from examples. Channel coded social media (in-the-wild clips), curation coded curated (selected clips).",
ST103,R02253,ST103-a,ST103-1,human annotators (experts and non-experts combined),audiovisual,,10,,,,single-item yes/no,0.5,87.50,,,,,,,"Table 2: human Accuracy 87.50, F1 70.34. Annotators: ""video generation researchers and non-experts, as well as PhD students and undergraduates""; 10 annotators.","Veo3.1-Fast, Wan2.2-A14B, Opensora-V2, HunyuanVideo",,raw,,,mixed: domain professionals (video-generation researchers) and students/non-experts,0; no prior information on real/fake ratio,,,,,,https://arxiv.org/html/2512.13281,medium,"ASMR videos; audio included when available. Real/fake counts, videos per annotator not reported; F1 (70.34) well below accuracy suggests fewer fakes than reals. No per-generator or per-expertise breakdown.",
ST104,R02278,ST104-a,ST104-1,Test-Easy,audio,none (general sound events),10,10,,,single-item yes/no,0.5,59,,,,,,,Table 2: Acc_identify Test-Easy 0.59; Test-Hard 0.56; Test-Zeroshot 0.51.,AudioLDM2 +AudioSR (inpainting),,,,,,,,,,,,https://arxiv.org/html/2406.08052,high,"Section 5.2: ""we recruited 10 evaluators for human assessment. Each evaluator listened to 10 audio clips from test-easy, test-hard, and test-zeroshot datasets, respectively."" Evaluators then marked perceived deepfake regions. Fakes are partial: regions of real general-audio clips regenerated by inpainting. Real/fake split of clips not reported. Evaluator type not reported.",
ST104,R02278,ST104-b,ST104-1,Test-Hard,audio,none (general sound events),10,10,,,single-item yes/no,0.5,56,,,,,,,Table 2: Acc_identify Test-Hard 0.56.,AudioLDM2 +AudioSR (inpainting),,,,,,,,,,,,https://arxiv.org/html/2406.08052,high,"Same evaluators as ST104-a. Section 5.2: ""we recruited 10 evaluators for human assessment. Each evaluator listened to 10 audio clips from test-easy, test-hard, and test-zeroshot datasets, respectively."" Evaluators then marked perceived deepfake regions. Fakes are partial: regions of real general-audio clips regenerated by inpainting. Real/fake split of clips not reported. Evaluator type not reported.",
ST104,R02278,ST104-c,ST104-1,Test-Zeroshot,audio,none (general sound events),10,10,,,single-item yes/no,0.5,51,,,,,,,"Table 2: Acc_identify Test-Zeroshot 0.51; text: ""average accuracy of human binary classification judgments is as low as 0.51""",AudioLDM1 (inpainting),,,,,,,,,,,,https://arxiv.org/html/2406.08052,high,"Same evaluators as ST104-a. Section 5.2: ""we recruited 10 evaluators for human assessment. Each evaluator listened to 10 audio clips from test-easy, test-hard, and test-zeroshot datasets, respectively."" Evaluators then marked perceived deepfake regions. Fakes are partial: regions of real general-audio clips regenerated by inpainting. Real/fake split of clips not reported. Evaluator type not reported.",
ST105,R02326,ST105-a,ST105-1,"all participants, all generators",video,none (silent),271,20,40,280,Likert,0.5,,,70.72,,7.01,0.931,,"""Participants viewed 20 five-second, silent video clips""; ""8 categories—7 deepfake types and 1 real—each with 20 unique videos presented in both low- and high-resolution formats, totaling 320 videos (8 × 20 × 2)."" Overall: Mean AUC 93.10 ± 4.11; Mean AP 94.81 ± 3.13; Mean Precision 98.93 ± 2.83; Mean Recall 70.72 ± 19.09; Mean d' 7.01 ± 0.66.","AniFaceDiff, TPSMM, FaceVid, HyperReenact, FaceFusion, FADM, SOTA methods",,raw,,lab,generative-tool users (MTurk and Prolific; 73.4% high GenAI experience),0; none documented,,,5,0,,https://arxiv.org/html/2602.07986,medium,"Five-point authenticity scale converted to probabilities. Hit rate = mean recall for fakes. AUC entered as proportion (93.10 -> 0.931). Reported d'=7.01 is implausibly high for human data; entered as reported, flag. Precision 98.93 implies few false alarms but FA not reported. n_real/n_fake = pool (20 real x 2 resolutions; 7 x 20 x 2 fakes). High-res AUC 96.40, low-res AUC 88.25 (not split). GenAI experience groups compared only by ANOVA.",
ST105,R02326,ST105-b,ST105-1,AniFaceDiff,video,none (silent),271,20,40,40,Likert,0.5,,,,,,0.9938,,Per-generator table (5-second clips): AniFaceDiff AUC 99.38,AniFaceDiff,,raw,,lab,generative-tool users (MTurk and Prolific; 73.4% high GenAI experience),0; none documented,,,5,0,,https://arxiv.org/html/2602.07986,medium,"Same participants as ST105-a. AUC 99.38 reported on 0-100 scale, entered as proportion.",
ST105,R02326,ST105-c,ST105-1,TPSMM,video,none (silent),271,20,40,40,Likert,0.5,,,,,,0.892,,Per-generator table (5-second clips): TPSMM AUC 89.20,TPSMM,,raw,,lab,generative-tool users (MTurk and Prolific; 73.4% high GenAI experience),0; none documented,,,5,0,,https://arxiv.org/html/2602.07986,medium,"Same participants as ST105-a. AUC 89.20 reported on 0-100 scale, entered as proportion.",
ST105,R02326,ST105-d,ST105-1,FaceVid,video,none (silent),271,20,40,40,Likert,0.5,,,,,,0.9044,,Per-generator table (5-second clips): FaceVid AUC 90.44,FaceVid,,raw,,lab,generative-tool users (MTurk and Prolific; 73.4% high GenAI experience),0; none documented,,,5,0,,https://arxiv.org/html/2602.07986,medium,"Same participants as ST105-a. AUC 90.44 reported on 0-100 scale, entered as proportion.",
ST105,R02326,ST105-e,ST105-1,HyperReenact,video,none (silent),271,20,40,40,Likert,0.5,,,,,,0.9838,,Per-generator table (5-second clips): HyperReenact AUC 98.38,HyperReenact,,raw,,lab,generative-tool users (MTurk and Prolific; 73.4% high GenAI experience),0; none documented,,,5,0,,https://arxiv.org/html/2602.07986,medium,"Same participants as ST105-a. AUC 98.38 reported on 0-100 scale, entered as proportion.",
ST105,R02326,ST105-f,ST105-1,FaceFusion,video,none (silent),271,20,40,40,Likert,0.5,,,,,,0.9275,,Per-generator table (5-second clips): FaceFusion AUC 92.75,FaceFusion,,raw,,lab,generative-tool users (MTurk and Prolific; 73.4% high GenAI experience),0; none documented,,,5,0,,https://arxiv.org/html/2602.07986,medium,"Same participants as ST105-a. AUC 92.75 reported on 0-100 scale, entered as proportion.",
ST105,R02326,ST105-g,ST105-1,FADM,video,none (silent),271,20,40,40,Likert,0.5,,,,,,0.9016,,Per-generator table (5-second clips): FADM AUC 90.16,FADM,,raw,,lab,generative-tool users (MTurk and Prolific; 73.4% high GenAI experience),0; none documented,,,5,0,,https://arxiv.org/html/2602.07986,medium,"Same participants as ST105-a. AUC 90.16 reported on 0-100 scale, entered as proportion.",
ST105,R02326,ST105-h,ST105-1,SOTA methods,video,none (silent),271,20,40,40,Likert,0.5,,,,,,0.9141,,Per-generator table (5-second clips): SOTA methods AUC 91.41,SOTA methods,,raw,,lab,generative-tool users (MTurk and Prolific; 73.4% high GenAI experience),0; none documented,,,5,0,,https://arxiv.org/html/2602.07986,medium,"Same participants as ST105-a. AUC 91.41 reported on 0-100 scale, entered as proportion. ""SOTA methods"" is a category label as named by the authors.",
ST106,R02443,ST106-a,ST106-D1,AV-Deepfake1M task,audiovisual,English,120,4,,,single-item yes/no,0.5,61.4,,45.3,22.5,,,,"'errors are dominated by missed manipulations, especially on AV-Deepfake1M, where 54.7 % of judgments on manipulated videos are Real, compared to 36.7 % in TMC. Conversely, false positives on authentic videos are lower and identical across tasks ( 22.5 % )'; 120 workers completed each task, 480 judgments per task",AV-Deepfake1M,,raw,,lab,"general public (Prolific, US)",0,2025-10-20,0,,0,0,https://arxiv.org/html/2605.04797,high,computed: hit = 100 - 54.7; balanced accuracy = (45.3 + 77.5)/2. Replaces earlier per-manipulation rows.,
ST106,R02443,ST106-b,ST106-D2,Trusted Media Challenge task,audiovisual,English,120,4,,,single-item yes/no,0.5,70.4,,63.3,22.5,,,,'36.7 % [of judgments on manipulated videos are Real] in TMC'; 'false positives on authentic videos ... identical across tasks ( 22.5 % )',TMC (Trusted Media Challenge dataset),,raw,,lab,"general public (Prolific, US)",0,2025-10-20,0,,0,0,https://arxiv.org/html/2605.04797,high,computed: hit = 100 - 36.7; balanced accuracy = (63.3 + 77.5)/2. Separate worker pool from AV-Deepfake1M task.,
ST107,R02485,ST107-a,ST107-1,ASD group (n=30) and non-ASD group (n=26),video,,56,,,,,,,,,,,,,"Abstract: ""Thirty participants who self-reported having been formally diagnosed with ASD were compared with twenty-six participants who self-reported not having been diagnosed with ASD""; ""Although no significant performance differences were observed, the ASD group was significantly more confident in their judgments of the videos' authenticity.""",,,,,,special population (self-reported ASD) and general public comparison,,,,,,,https://journals.sagepub.com/doi/10.1177/2327857924131020,low,"NUMBERS MISSING: HFES proceedings, paywalled; abstract has no accuracy values, stimulus counts or deepfake source. Two groups (ASD n=30, control n=26) would be separate rows once numbers are available. Companion MCI paper (10.1177/2327857924131023) may share the control group/paradigm - check dependence.",
ST108,R02532,ST108-a,ST108-1,"video items (undergraduates, Saudi Arabia)",video,,193,8,3,5,single-item yes/no,0.5,56.4,,52.4,37.0,,,,"Table 6: ""Overall, participants correctly answered an average of 56.4% of the questions on distinguishing genuine videos from Gen-AI videos.""; genuine videos 63.0% correct; AI-generated videos 52.4% correct. Section 5.2: ""3 genuine videos"" and ""5 AI-generated videos""; ""OpenAI's Sora in particular was used to generate those videos.""",OpenAI's Sora,,curated,,social media,"students (undergraduates aged 18-22, Saudi Arabia; purposive sample via Google Forms; 85.1% female)",0; none reported,,,,0,0,https://redfame.com/journal/index.php/smc/article/download/8611/7364,high,"computed: FA = 100 - 63.0 (genuine videos correct). Check: (3*63.0 + 5*52.4)/8 = 56.4. d'=0.51 (Table 10) is for images and videos combined, so not entered. Image items (10 genuine, 9 AI) excluded. Items presented once, no replay. Sora videos likely taken from published Sora demo clips (curated) - verify; channel coded social media tentatively (online survey), may be lab/online.",
ST109,R02626,ST109-a,ST109-1,participants,video,,40,4,2,2,Likert,,,,,,,,,"""40 different individuals were selected""; ""four videos. The videos comprised of two pairs of deepfake and authentic videos featuring two different people."" Confidence means authentic 3.46 vs deepfake 4.99; ""videos were collected from Twitter and YouTube""",not reported (deepfakes of Obama and Elon Musk collected from Twitter and YouTube),,,,,,,,1,,,,https://iacis.org/iis/2024/1_iis_2024_159-174.pdf,medium,"NUMBERS MISSING: only confidence ratings reported, no real/fake judgment accuracy. Celebrity targets (Obama, Elon Musk). Main outcome is facial expression analysis.",
ST110,R02629,ST110-a,ST110-1,valid questionnaire respondents,music,,33,1,1,1,paired/2AFC,0.5,57.6,,,,,,,"p. 52: ""the number of people who correctly identified AI-created popular music was 19, while the number of those who made incorrect identifications was 14""; ""33 valid questionnaires""; p. 50: two songs, one AI-generated (SOUNDRAW) and one human-created.",SOUNDRAW,,,,,general public (questionnaire; segmented by music preference and training),,,,,,,https://pdf.erytis.com/ah/ah.9035.pdf,high,"computed: 19/33*100 = 57.6. Single paired trial (choose which of Audio 1/2 is AI) per respondent. Subgroup success rates (popular-music listeners 0.36, other-style 0.52, with music foundation 0.57, without 0.15, less exposure 0.05) are overlapping splits of the same 33, not extracted as rows. 50 questionnaires distributed. Ages not reported.",
ST111,R02637,ST111-a,ST111-D1,"All participants, Suno and Udio vs human excerpts",music,"instrumental/vocal, six genres",120,6,2,4,single-item yes/no,0.5,60.56,,55.21,28.75,,,,Table 1: 'Human 171 240 71.25 %'; 'AI overall 265 480 55.21 %'; 'Udio 132 240 55.00 %'; 'Suno 133 240 55.42 %',Suno AI and Udio AI,"Suno 240 trials, Udio 240 trials, human 240 trials",raw,,lab (group listening),students (Sichuan Conservatory of Music; some with computer-music training),0,,0,,0,0,https://www.jcms.org.uk/article/1704/galley/1158/download/,high,computed: accuracy = (171 + 265)/720; FA = 100 - 71.25. Music: exploratory only. Trials per participant = 720/120.,
ST112,R02647,ST112-a,ST112-D1,"Laypeople (mostly university students), video trials",video,English,101,10,5,5,single-item yes/no,0.5,71.39,16.19,84.55,41.78,,,,"Table 3 'Mean detection accuracy (%, SD)': Videos Real / AI-generated: Laypeople 58.22 (24.67) / 84.55 (20.37); Police officers 35.31 (28.00) / 64.06 (18.92). Text: 'μvideos = 71.39%, t(100) = 13.28' (lay); 'μvideos = 49.69%, t(63) = -.16' (police)",Wan Video 2.2 (open-source text-to-video); real clips from pexels.com,,curated (refined by external collaborator),square crop,online (Qualtrics),general public (mostly students),0,after ethics approval 2025-10-30; exact dates not stated,0,,0,0,"SSRN 6907292 PDF (full text supplied by user, browser pass 2)",high,"Video subset only (image trials, Flux.1-dev, excluded as out of scope). SD computed from one-sample t: (71.39-50)/13.28*sqrt(101). false_alarm_pct = 100 - real-video accuracy. Netherlands.",
ST112,R02647,ST112-b,ST112-D2,"Police officers (Dutch), video trials",video,Dutch,64,10,5,5,single-item yes/no,0.5,49.69,15.5,64.06,64.69,,,,"Table 3 'Mean detection accuracy (%, SD)': Videos Real / AI-generated: Laypeople 58.22 (24.67) / 84.55 (20.37); Police officers 35.31 (28.00) / 64.06 (18.92). Text: 'μvideos = 71.39%, t(100) = 13.28' (lay); 'μvideos = 49.69%, t(63) = -.16' (police)",Wan Video 2.2 (open-source text-to-video); real clips from pexels.com,,curated (refined by external collaborator),square crop,online (Qualtrics),police officers (domain professionals),0,after ethics approval 2025-10-30; exact dates not stated,0,,0,0,"SSRN 6907292 PDF (full text supplied by user, browser pass 2)",high,"Video subset only. SD computed from one-sample t (|49.69-50|/0.16*sqrt(64)); imprecise because t is near zero, so treat SD as approximate. false_alarm_pct = 100 - real-video accuracy. Survey in Dutch.",
ST113,R02716,ST113-a,ST113-D1,"Time-pressured detection task, all participants",video,,89,10,5,5,single-item yes/no,0.5,,,48,25,,,,"Thesis abstract (utupub.fi record): ""participants were far more accurate in identifying real videos (≈75% correct) than deepfakes (≈48% correct)""; ""Each participant viewed ten short videos (five real, five deepfake), only once, under time pressure, and judged each as real or fake.""","deepfake video task ""adapted from Köbis et al. (2021)"" (videos not further specified)",,,,lab,general public,0,thesis issued 2025-08-15; collection dates not stated,,,0,,https://www.utupub.fi/handle/10024/194092,medium,Values reported as approximate (≈) in abstract; computed: false_alarm_pct = 100 - 75 (approximate source value). Balanced 5/5 so accuracy would be ≈61.5 but not entered because inputs are approximate. Full-text PDF restricted (403). Time pressure applied to all participants. Stimuli likely the Köbis et al. 2021 set (check generator via that study).,
ST114,R02728,ST114-a,ST114-D1,Undergraduate students,video,,,10,5,5,single-item yes/no,0.5,57.0,,53.8,39.8,0.38,,,"SSRN abstract: ""undergraduate students who judged 10 short video clips (five authentic, five deepfakes)... Accuracy was slightly above chance (M = 5.70/10), with higher accuracy for real (M = 3.01/5) than for deepfake clips (M = 2.69/5). Signal detection analyses revealed weak but significant sensitivity (d′ = 0.38, SE = 0.07, p < .001) and a small conservative bias (c = 0.09, SE = 0.03, p = .005)""",,,,,lab,students,,,,,0,,https://papers.ssrn.com/sol3/papers.cfm?abstract_id=5811048,medium,"computed: accuracy_pct = 5.70/10*100; hit_rate_pct = 2.69/5*100; false_alarm_pct = (1 - 3.01/5)*100. Numbers from SSRN abstract; full PDF (SSRN MECA) not readable, so N, video source/generator and dates missing. Deepfake generator unknown -> may fail lookup rule 8 unless full text names source.",
ST115,R02745,ST115-a,ST115-D1,"2026 listening game, all systems pooled",audio,English,1768,,,,single-item yes/no,0.5,68.7,,71.2,35.9,,,,"Results (Sec. 4): ""On fake samples, accuracy barely changed: 72.9% → 71.2%. On real samples, however, accuracy dropped from 72.7% to 64.1%, an 8.6 percentage point decline."" Overall 2026 human accuracy reported as 68.7% (±0.5) [WebFetch rendering of arXiv HTML; exact sentence not returned]. Abstract: ""collecting 35,532 judgments from 1,768 participants across 138 text-to-speech and voice conversion systems.""","138 TTS and VC systems across 10 architecture families (Seq2Seq, VITS, XTTS, Flow, Diffusion, AR-LM, VC, Commercial, ASVspoof 5); fakes from ASVspoof 5 and English subset of MLAAD; bona fide from LJSpeech, In-The-Wild, ASVspoof 5",p=0.5 bona fide per round; fakes chosen by weighted active-learning scheme,raw,,lab,general public,1; true label shown after each trial (verified 2026-09-27),2026 (exact dates not found),0,,0,unclear (age collected; no exclusion of minors stated),https://arxiv.org/html/2605.26136,medium,"computed: false_alarm_pct = 100 - 64.1 (real-sample accuracy). Self-selected web game, no registration; exclusions: <5 rounds, attacks <10 judgments; 35,532 judgments total (~20/participant on average, not reported as such). Paper also re-reports a 2021 baseline (472 participants, 13 ASVspoof 2019 LA attacks, 72.8% accuracy) = separate earlier cohort (likely Mueller et al. Interspeech 2022); NOT extracted here to avoid double counting—check whether that study has its own study_id. Quotes returned via WebFetch summarizer; verify verbatim wording.",
ST115,R02745,ST115-b,ST115-D1,Commercial APIs (fake trials only),audio,English,1768,,,,single-item yes/no,0.5,,,61.3,,,,,"Fig. 3 / Results: human accuracy per TTS architecture group, Commercial 61.3% (""Commercial APIs and AR-LM systems generate samples that are hardest for humans to detect"").",Commercial (commercial TTS APIs; individual products not named in retrieved text),,raw,,lab,general public,1; true label shown after each trial (verified 2026-09-27),2026,0,,0,unclear,https://arxiv.org/html/2605.26136,medium,Per-family accuracy on fake samples = hit rate; N is whole sample (subset of participants heard this family; per-family judgment counts not retrieved). Family numbers only available for 5 of 10 families in retrieved text (possibly read from Fig. 3).,
ST115,R02745,ST115-c,ST115-D1,AR-LM (fake trials only),audio,English,1768,,,,single-item yes/no,0.5,,,65.9,,,,,"Fig. 3 / Results: human accuracy per architecture group, AR-LM 65.9%.",AR-LM (autoregressive language-model TTS; systems from MLAAD English subset),,raw,,lab,general public,1; true label shown after each trial (verified 2026-09-27),2026,0,,0,unclear,https://arxiv.org/html/2605.26136,medium,Per-family hit rate; see ST115-b.,
ST115,R02745,ST115-d,ST115-D1,Seq2Seq (fake trials only),audio,English,1768,,,,single-item yes/no,0.5,,,75.4,,,,,"Fig. 3 / Results: human accuracy per architecture group, Seq2Seq 75.4%.",Seq2Seq,,raw,,lab,general public,1; true label shown after each trial (verified 2026-09-27),2026,0,,0,unclear,https://arxiv.org/html/2605.26136,medium,Per-family hit rate; see ST115-b.,
ST115,R02745,ST115-e,ST115-D1,Flow (fake trials only),audio,English,1768,,,,single-item yes/no,0.5,,,76.8,,,,,"Fig. 3 / Results: human accuracy per architecture group, Flow (flow-matching) 76.8%.",Flow (flow-matching TTS),,raw,,lab,general public,1; true label shown after each trial (verified 2026-09-27),2026,0,,0,unclear,https://arxiv.org/html/2605.26136,medium,Per-family hit rate; see ST115-b.,
ST115,R02745,ST115-f,ST115-D1,ASVspoof 5 (fake trials only),audio,English,1768,,,,single-item yes/no,0.5,,,85.9,,,,,"Fig. 3 / Results: human accuracy per architecture group, ASVspoof 5 85.9%.",ASVspoof 5,,raw,,lab,general public,1; true label shown after each trial (verified 2026-09-27),2026,0,,0,unclear,https://arxiv.org/html/2605.26136,medium,"Per-family hit rate; dataset row (lookup rule 7), constituent systems not itemised. VITS, XTTS, Diffusion, VC family values not retrieved as numbers.",
ST116,R02751,ST116-a,ST116-D1,Online replication sample (all conditions),video,,373,,,,single-item yes/no,0.5,,,,,,,,,,,,,lab,general public,awareness-message and financial-incentive conditions vs control,,,,0,,https://papers.ssrn.com/sol3/papers.cfm?abstract_id=6992658,low,"NUMBERS MISSING: SSRN abstract only (PDF delivery not readable): ""In a preregistered online experiment (N = 373), we replicated a previous experiment by Köbis, Doležalová, & Soraperra (2021)... Detection accuracy remained only slightly above chance, and participants continued to default to judging videos as real, albeit less so than in the original study"". New participants (not a reanalysis), so independent of Köbis 2021, but stimuli presumably reused from the original - check stimulus set and generator when full text obtained. Conditions: awareness message, financial incentives.",
ST118,R02819,ST118-a,ST118-D1,"EEG participants, post-disclosure explicit detection task",video,,21,,,,single-item yes/no,0.5,,,,,,,,,puppetry deepfakes (tool not named in abstract),,,,lab,general public,0,,0,,0,0,https://www.sciencedirect.com/science/article/abs/pii/S0747563226000208,low,"NUMBERS MISSING: abstract only (paywalled; SSRN preprint 10.2139/ssrn.5251558 has no OA PDF): ""Even after disclosing deepfake presence, participants struggled to identify them in an explicit detection task."" 21 participants aged 19-40. Candidate for author contact.",
ST119,R02858,ST119-a,ST119-D1,"Public participants, own voice vs on-site clone",audio,,72,6,3,3,single-item yes/no (Yes / No / Not sure),0.5,87,,,,,,,"Sec 5.3.1: 'The model predicted that participants had a 87% probability of differentiating their real voice from a synthesised voice'; 'We had a total of 72 participants'; 6 trials, 'Is this your real voice?' Yes/No/I'm not sure","MaskGCT zero-shot TTS, run locally on-site from participant recordings",,raw,,lab,general public and speech scientists (event visitors),,"2025-08-17 (Interspeech Science Festival, Rotterdam) and 2025-09-27 (Doors Open Day, Edinburgh)",1,,0,,"https://dl.acm.org/doi/pdf/10.1145/3816046.3816200 (full text, browser pass 2)",medium,"Accuracy is the Bayesian binomial model estimate of proportion correct over 6 trials (3 real, 3 MaskGCT), not a raw mean; Not sure responses count as incorrect. familiar=1 (own voice). Pilot (n=10, Vevo/MaskGCT) not entered.",
ST120,R02889,ST120-a,ST120-D1,Control condition,audiovisual,English,146,10,,,single-item yes/no,0.5,70.8,16.1,,,,,,"'comparing mean discernment scores in the control group (M = 7.08, SD = 1.61) with the inoculation group (M = 8.04, SD = 1.48)'; 'inoculation (n = 151) and control condition (n = 146)'; scores out of 10","FakeAVCeleb dataset (FaceSwap, 'Tacotrin' [SV2TTS], FSGAN, Wav2Lip)",,raw,,lab,general public,0,,1,,0,0,PsyArXiv zqf38_v1 manuscript (rendered via mfr.osf.io),high,"computed: accuracy = 7.08/10, SD = 1.61/10. Celebrity videos (familiar). Real/fake split within the 10 videos in supplement (not read)",
ST120,R02889,ST120-b,ST120-D1,Inoculation condition,audiovisual,English,151,10,,,single-item yes/no,0.5,80.4,14.8,,,,,,"'inoculation group (M = 8.04, SD = 1.48)'","FakeAVCeleb dataset (FaceSwap, 'Tacotrin' [SV2TTS], FSGAN, Wav2Lip)",,raw,,lab,general public,1; two-minute inoculation video with forewarning and examples before the task,,1,,0,0,PsyArXiv zqf38_v1 manuscript (rendered via mfr.osf.io),high,"computed: 8.04/10, SD 1.48/10",
ST121,R03000,ST121-a,ST121-D1,78 listeners aged 6-55,audio,,78,93,,,single-item yes/no,0.5,,,,,,,,"Fig. 2 caption: ""Do Current DF Datasets Deceive Humans? Perception accuracy on 93 samples from 78 participants shows PhonemeFake is harder to detect than existing DF datasets."" Text: ""our PF variants significantly reduced human detection accuracy consistently in the datasets by up to 42%""","PhonemeFake (PF) variants (LM-guided segmental edit + unnamed ""TTS model""); original spoofs from ITW and ASV21 benchmark datasets",,adversarial,,lab,general public,,,,,0,1,https://www.isca-archive.org/interspeech_2025/baser25b_interspeech.pdf,medium,"NUMBERS MISSING: per-dataset human accuracies only shown graphically in Fig. 2; no numeric values in text. Sample includes minors (""78 participants spanning ages 6 to 55""), not separable. Each participant ""evaluated around 93 samples of bona-fide, spoofed, and PF-variant speech"". Human study secondary to detector paper.",
ST122,R03016,ST122-a,ST122-D1,"Pilot, 28 adults",video,,28,,,,,,,,,,,,,,,,,,lab,general public,,,,,,0,https://aisel.aisnet.org/cgi/viewcontent.cgi?article=1023&context=sais2026,medium,"NUMBERS MISSING: full text read; ""An experiment was conducted with 28 adult participants."" ""Participants completed a baseline detection test followed by a secondary evaluation of manipulated digital content, including news articles (text), photos (visual), and video (multimedia)."" No accuracy values reported (response time/consistency only) and method of video manipulation not stated (generative status unknown; may be INELIGIBLE under rule 8). Possible overlap with ST123 (same authors).",
ST123,R03200,ST123-a,ST123-D1,"Control, conceptual priming, perceptual priming groups",video,,,,,,,,,,,,,,,,,,,,lab,general public,"priming conditions (conceptual, perceptual) vs control",,,,,,https://api.openalex.org/works/W7138847651,low,NUMBERS MISSING: full text (Information Research / iConference 2026) blocked by Anubis. Same authors as ST122 (Liu & Ho); likely overlapping or extended sample; generative status of multimedia items unclear (may be INELIGIBLE under lookup rule 8). Separate rows per priming group needed if numbers found.,
ST124,R03244,ST124-a,ST124-D1,Point-light display authenticity judgment,video,,89,40,20,20,Likert,0.5,50.5,,,,,,,"Results: ""Average human accuracy was 50.5%, consistent with chance."" Methods: ""Data were collected from 89 participants (70 female, 17 male, 1 non-binary, 1 undisclosed; mean age = 19.73, SD = 1.79)""","Google DeepFakeDetection dataset (face-swap deepfakes, ""DeepFakes autoencoder method"")",,raw,Converted to Point Light Displays (facial texture removed); only facial motion shown,lab,students,"0; 4 practice trials, no feedback reported",,0,10,0,"unclear (mean age 19.73, SD 1.79)",https://arxiv.org/html/2604.21760,medium,"Stimuli are point-light displays derived from real and deepfake videos, not the videos themselves; judgments on continuous 0-100 scale (0 = Real, 100 = Fake) dichotomised by authors. Consider sensitivity analysis excluding. Quotes via WebFetch rendering.",
ST125,R03350,ST125-a,ST125-D1,Videos of covered-up ballots (Part 2),video,,16,10,3,7,single-item yes/no,0.5,85.6,,86.6,16.7,,,,"Fig. 14 confusion matrices (n=16): Part 2 videos of covered-up ballots: Fake->Fake 97, Fake->Real 15, Real->Fake 8, Real->Real 40; Part 4 videos of new 3-digit codes: Fake->Fake 81, Fake->Real 15, Real->Fake 7, Real->Real 57",WavePaint inpainting of ballot-box digits in video (custom pipeline),,,,lab,general public,0,,,,0,"unclear (youngest band 15-24, n=3)","IET Inf. Secur. 2026 PDF (full text supplied by user, browser pass 2)",high,"Exploratory: manipulated ballot videos, not faces or voices. Counts are trial totals over 16 people (160 judgments; about 7 fake, 3 real per person). Images (Parts 1 and 3) excluded.",
ST125,R03350,ST125-b,ST125-D1,Videos of new 3-digit codes (Part 4),video,,16,10,4,6,single-item yes/no,0.5,86.25,,84.4,10.9,,,,"Fig. 14 confusion matrices (n=16): Part 2 videos of covered-up ballots: Fake->Fake 97, Fake->Real 15, Real->Fake 8, Real->Real 40; Part 4 videos of new 3-digit codes: Fake->Fake 81, Fake->Real 15, Real->Fake 7, Real->Real 57",digit images pasted into ballot video after WavePaint inpainting (custom pipeline),,,,lab,general public,0,,,,0,"unclear (youngest band 15-24, n=3)","IET Inf. Secur. 2026 PDF (full text supplied by user, browser pass 2)",high,"Exploratory: manipulated ballot videos. 160 judgments (96 fake, 64 real).",
ST126,R03497,ST126-a,ST126-D1,"Native Spanish listeners, English and Spanish stimuli (control and dysphonic voices)",audio,Spanish and English,26,80,40,40,single-item yes/no,0.5,55.6,,,,,,,"Figure 1 confusion matrices (rows = ground truth, cols = response), TPR/TNR: English non-pathological .52/.53, mild-moderate .50/.59, severe .56/.52; Spanish non-pathological .61/.62, mild-moderate .38/.75, severe .54/.55","ElevenLabs TTS, 'Eleven Multilingual v2' model, default settings",,raw,,lab,general public (native Spanish speakers),0,,0,,0,0,"OSF preprint osf.io/awrqc (PDF rendered via mfr.osf.io), Forum Acusticum Euronoise 2025",medium,"FIGURE VALUES: computed: accuracy = unweighted mean over 6 severity x language cells of (TPR+TNR)/2 (English 53.7, Spanish 57.5); cell sizes not given, so approximate. San Segundo group; listener overlap with ST056 possible",
ST127,R03504,ST127-a,ST127-D1,Subjective listening test,audio,,890,1,,,"single-item 4-option (Human / Sounds Human / Sounds AI / AI), collapsed to binary",0.5,57.1,,56.8,42.6,,,,"Sec 5: '280 AI audios and 228 human audios were correctly identified, while 169 human audios where mistakenly identified as AI and 213 AI generated audios were misidentified as Human. These values yield an accuracy of 57.1%'; 'In total we collected 890 responses.'","The Fake-or-Real (FoR) dataset, York University (Kaggle), plus a few Lovo, PlayHT and ResembleAI clones",,,,"online (web game, anonymous)",general public (anonymous web users),,,,,,,"J. Inf. Secur. Appl. 2026 PDF (full text supplied by user, browser pass 2)",low,"APPROX_N: 890 is the number of responses, not participants (number of anonymous players not reported); entered with 1 trial each, so variance is understated. hit = 280/493, FA = 169/397. Per-tool rates (Lovo 33%, ResembleAI 27%, PlayHT 8% judged AI) are fake-only and not entered.",
ST128,R03526,ST128-a,ST128-D1,Survey (Study 2),audiovisual,English,261,2,,,Likert,,,,,,,,,,"""Fabricated content was created with Eleven Labs for audio synthesis and synclabs.so for video manipulation."" (speeches written by ChatGPT)",,curated,,lab,general public,,,1,,0,,https://escholarship.org/content/qt3zc6c210/qt3zc6c210.pdf,high,"INELIGIBLE: no real-vs-fake judgment; outcome is the Perceived Political Authenticity (PPA) scale (5-point items such as ""Did you feel you could trust what Trump or Biden was sharing?""), a sincerity/trust measure, and no percent-judged-real or means by condition are reported. Each participant saw 2 videos (Biden, Trump) from real / historical-recontextualised / ChatGPT-written deepfake conditions. Madsen, Solomon, Zulato (LSE), CogSci 2025 proceedings (escholarship qt3zc6c210).",
ST129,R03605,ST129-a,ST129-D1,All participants,audio,,35,40,,,Likert,0.5,,,60,30,,,,"Abstract: ""Results indicated that participants recognized real voices with an average accuracy rate of 70%, while cloned voices were correctly identified at 60%."" Methods: ""35 participants who were asked to identify whether 40 recorded voice samples were real or AI-generated.""","""three AI-cloning software programs"" (not named)",,,,lab,students,1; training session preceded main experiment,,0,4-5,0,0,https://dergipark.org.tr/en/download/article-file/4634623,medium,"computed: false_alarm_pct = 100 - 70 (real voices correct). Real/cloned split of the 40 samples not stated, so overall accuracy not computed (hint ~65% assumes balance). Generators unnamed -> generic (lookup rule 8). 5-point Likert ratings; mostly university students, mean age 25.4; 4 speakers (2 male, 2 female); language unclear. A' values also reported (real 0.7, cloned 0.6). Online task.",
ST130,R03978;R06466,ST130-a,ST130-D1,"64 listeners, dysphonic and healthy speaker clones",audio,,64,,,,,,,,,,,,,,AI voice cloning (tool not named in abstracts),,,,lab,general public,,,,,0,,https://api.openalex.org/works/doi:10.1121/10.0040365 ; https://api.openalex.org/works/doi:10.1016/j.jvoice.2026.04.034,low,"NUMBERS MISSING: only abstracts available (J Voice paywalled; PubMed captcha) and they conflict. JASA abstract: ""In the first discrimination task, listeners performed best when comparing real-to-real samples (93.7% for dysphonic, 92.0% for healthy voices), with accuracy dropping sharply in real-to-AI conditions (31.1%). The second identification experiment showed more accurate performance (66.8%)"". J Voice abstract: ""In Experiment 1, listeners judged whether samples were real or AI-generated. Experiment 2 focused on listeners' ability to identify AI-generated voices in paired comparisons... In Experiment 2, participants performed better when comparing pairs of real voices, achieving 66.8% accuracy."" Unclear which task is a real-vs-AI judgment and what 66.8% / 31.1% measure; not extracted. 12 speakers (6 dysphonic, 6 healthy). J Voice version (R06466) is most complete; possible Univ. Bologna repository copy.",
ST131,R04453,ST131-a,ST131-D1,Full-spoof RTVC recordings,audio,English (celebrity voices),82,,,,single-item yes/no (per sentence),0.5,89.25,,96,17.5,,,,"'mean per-participant per-sentence accuracy on full-spoof ElevenLabs is only 0.43 (95% CI [0.37, 0.50]) ... versus 0.96 to 0.97 for the older [tools]'; 'we read the 17.5 % false-alarm rate on bona fide audio as a direct measure of the over-rejection of real recordings'",RTVC (2019),,raw,,lab,IT professionals (DevConf attendees),0,,1,,0,0,https://arxiv.org/html/2608.19959,medium,computed: balanced accuracy = (fake-sentence accuracy + (100 - 17.5))/2; RTVC/YourTTS assigned 96/97 from the reported range 0.96-0.97 (order not stated; approximate). Same participants across rows. Replaces strict All-OK rows.,
ST131,R04453,ST131-b,ST131-D1,Full-spoof YourTTS recordings,audio,English (celebrity voices),82,,,,single-item yes/no (per sentence),0.5,89.75,,97,17.5,,,,"'mean per-participant per-sentence accuracy on full-spoof ElevenLabs is only 0.43 (95% CI [0.37, 0.50]) ... versus 0.96 to 0.97 for the older [tools]'; 'we read the 17.5 % false-alarm rate on bona fide audio as a direct measure of the over-rejection of real recordings'",YourTTS (2022),,raw,,lab,IT professionals (DevConf attendees),0,,1,,0,0,https://arxiv.org/html/2608.19959,medium,computed: balanced accuracy = (fake-sentence accuracy + (100 - 17.5))/2; RTVC/YourTTS assigned 96/97 from the reported range 0.96-0.97 (order not stated; approximate). Same participants across rows. Replaces strict All-OK rows.,
ST131,R04453,ST131-c,ST131-D1,Full-spoof ElevenLabs recordings,audio,English (celebrity voices),82,,,,single-item yes/no (per sentence),0.5,62.75,,43,17.5,,,,"'mean per-participant per-sentence accuracy on full-spoof ElevenLabs is only 0.43 (95% CI [0.37, 0.50]) ... versus 0.96 to 0.97 for the older [tools]'; 'we read the 17.5 % false-alarm rate on bona fide audio as a direct measure of the over-rejection of real recordings'",ElevenLabs (2024),,raw,,lab,IT professionals (DevConf attendees),0,,1,,0,0,https://arxiv.org/html/2608.19959,medium,computed: balanced accuracy = (fake-sentence accuracy + (100 - 17.5))/2; RTVC/YourTTS assigned 96/97 from the reported range 0.96-0.97 (order not stated; approximate). Same participants across rows. Replaces strict All-OK rows.,
ST132,R04649,ST132-a,ST132-D1,Exp 1 Control,audio,Scottish Standard English and Dundonian Scots,48,144,72,72,single-item yes/no,0.5,56.80,4.99,40.74,27.14,0.43,,,"Table 1: Control B''D = 0.53 [0.42, 0.63]; A' = 0.64 [WebFetch rendering]",ElevenLabs speech-to-speech voice changer,,raw,,lab,general public,0; overall % correct shown only at end of task,,0,,0,0,"https://osf.io/uzh78/ data/mindset_exp1_data.csv (trial data, downloaded by user); J. Cybersecurity 2026 PDF",high,"NUMBERS MISSING (standard metrics): only nonparametric A' (sensitivity) = 0.64 and B''D (bias) reported; no accuracy/hit/FA. Stimulus pool: 144 natural recordings (12 speakers x 6 items x 2 dialects) + 144 ElevenLabs-converted versions; 2 blocks of 72 trials. Prolific, Scottish participants. Pass 2: accuracy, hit, FA and log-linear d' computed from OSF trial data (Nudge_Condition = 'control'), per-participant means; SD across participants. 72 human and 72 ElevenLabs trials per person, both dialects pooled. Human recordings were noise-enhanced ('enhanced-90p' files).",
ST132,R04649,ST132-b,ST132-D2,Exp 1 Negative nudge,audio,Scottish Standard English and Dundonian Scots,52,144,72,72,single-item yes/no,0.5,57.09,6.25,41.83,27.64,0.43,,,"Table 1: Negative nudge B''D = 0.52 [0.41, 0.62]; A' = 0.63",ElevenLabs speech-to-speech voice changer,,raw,,lab,general public,1; mindset nudge (negative) before task,,0,,0,0,"https://osf.io/uzh78/ data/mindset_exp1_data.csv (trial data, downloaded by user); J. Cybersecurity 2026 PDF",high,"NUMBERS MISSING (standard metrics): only A' = 0.63, B''D. Pass 2: accuracy, hit, FA and log-linear d' computed from OSF trial data (Nudge_Condition = 'negative'), per-participant means; SD across participants. 72 human and 72 ElevenLabs trials per person, both dialects pooled. Human recordings were noise-enhanced ('enhanced-90p' files).",
ST132,R04649,ST132-c,ST132-D3,Exp 1 Positive nudge,audio,Scottish Standard English and Dundonian Scots,50,144,72,72,single-item yes/no,0.5,56.76,6.93,49.14,35.61,0.39,,,"Table 1: Positive nudge B''D = 0.23 [0.09, 0.38]; A' = 0.63",ElevenLabs speech-to-speech voice changer,,raw,,lab,general public,1; mindset nudge (positive) before task,,0,,0,0,"https://osf.io/uzh78/ data/mindset_exp1_data.csv (trial data, downloaded by user); J. Cybersecurity 2026 PDF",high,"NUMBERS MISSING (standard metrics): only A' = 0.63, B''D. Pass 2: accuracy, hit, FA and log-linear d' computed from OSF trial data (Nudge_Condition = 'positive'), per-participant means; SD across participants. 72 human and 72 ElevenLabs trials per person, both dialects pooled. Human recordings were noise-enhanced ('enhanced-90p' files).",
ST132,R04649,ST132-d,ST132-D4,Exp 2 Control,audio,Scottish Standard English and Dundonian Scots,51,144,72,72,single-item yes/no,0.5,55.50,6.20,41.39,30.39,0.34,,,"Table 2: Control B''D = 0.44 [0.36, 0.52]; A' = 0.61",ElevenLabs speech-to-speech voice changer,,raw,,lab,general public,0,,0,,0,0,"https://osf.io/uzh78/ data/mindset_exp2_data.csv (trial data, downloaded by user); J. Cybersecurity 2026 PDF",high,"NUMBERS MISSING (standard metrics): only A' = 0.61, B''D. Exp 2 total N=150 (Exp 1 participants excluded); per-condition N not retrieved. Pass 2: accuracy, hit, FA and log-linear d' computed from OSF trial data (Nudge_Condition = 'control'), per-participant means; SD across participants. 72 human and 72 ElevenLabs trials per person, both dialects pooled. Human recordings were noise-enhanced ('enhanced-90p' files).",
ST132,R04649,ST132-e,ST132-D5,Exp 2 Vigilance nudge,audio,Scottish Standard English and Dundonian Scots,49,144,72,72,single-item yes/no,0.5,57.10,5.42,44.78,30.58,0.41,,,"Table 2: Vigilance nudge B''D = 0.39 [0.31, 0.47]; A' = 0.64",ElevenLabs speech-to-speech voice changer,,raw,,lab,general public,1; vigilance nudge,,0,,0,0,"https://osf.io/uzh78/ data/mindset_exp2_data.csv (trial data, downloaded by user); J. Cybersecurity 2026 PDF",high,"NUMBERS MISSING (standard metrics): only A' = 0.64, B''D. Pass 2: accuracy, hit, FA and log-linear d' computed from OSF trial data (Nudge_Condition = 'crimethinkai'), per-participant means; SD across participants. 72 human and 72 ElevenLabs trials per person, both dialects pooled. Human recordings were noise-enhanced ('enhanced-90p' files).",
ST132,R04649,ST132-f,ST132-D6,Exp 2 Combined nudge,audio,Scottish Standard English and Dundonian Scots,50,144,72,72,single-item yes/no,0.5,56.07,6.73,51.22,39.08,0.33,,,"Table 2: Combined nudge B''D = 0.16 [0.07, 0.25]; A' = 0.61",ElevenLabs speech-to-speech voice changer,,raw,,lab,general public,1; combined nudge,,0,,0,0,"https://osf.io/uzh78/ data/mindset_exp2_data.csv (trial data, downloaded by user); J. Cybersecurity 2026 PDF",high,"NUMBERS MISSING (standard metrics): only A' = 0.61, B''D. Pass 2: accuracy, hit, FA and log-linear d' computed from OSF trial data (Nudge_Condition = 'combinedthinkai'), per-participant means; SD across participants. 72 human and 72 ElevenLabs trials per person, both dialects pooled. Human recordings were noise-enhanced ('enhanced-90p' files).",
ST133,R04681,ST133-a,ST133-D1,DF26 videos,video,,232,10,200,1685,3AFC,0.5,64.3,,52.6,24.0,,,,"Results: ""Accuracy on deepfakes from DF26 is 52.6%, near chance, compared to 74.5% and 69.8% on the other two."" Real-video accuracy DF26 76.0% (results figure/table as rendered).","DF26 dataset: seven text-to-video / image-to-video models incl. Grok Imagine 1.0, Kling 3.0, Veo 3.1, Wan variants, LTX 2.3 I2V (partial list as retrieved)","Table S1 gives per-generator assessments (not fully retrieved); LTX 2.3 I2V lowest human accuracy 25.2%, Grok Imagine 1.0 highest 76.5% (per review site)",raw,"truncated to 5 s; 1280x720, H.264",lab,students,0,,0,5,0,0,https://arxiv.org/html/2609.07369v1,medium,"computed: false_alarm_pct = 100 - 76.0. ""Each participant judged 30 videos as AI-generated, AI-manipulated, or real, of which 15 were fake; the 30 videos were stratified across the three datasets and the two classes, giving 5 videos per dataset per class"" -> 10 trials per dataset per session. N = 232 labeling sessions (volunteer students, mostly technical universities); sessions may not equal unique participants. 3-option response scored as fake vs real (scoring rule for AI-generated vs AI-manipulated not stated). n_real/n_fake = stimulus pool used in study subset. Per-generator rows should be added from Table S1 (truncated in retrieval). | computed 2026-09-28: balanced accuracy = (52.6 + 76.0)/2 from Table 7; response options were AI-generated / AI-manipulated / real, so the fake-class rate may undercount binary 'fake' calls (possible underestimate). Generators from Table 1: Wan 2.6 (Dec 2025), Veo 3.1, Grok Imagine 1.0 (Jan 2026), Kling 3.0 (Feb 2026), Wan 2.2 A14B, HunyuanVideo 1.5 (Nov 2025), LTX 2.3 (Mar 2026)",
ST133,R04681,ST133-b,ST133-D1,Celeb-DF++ (CDFv3) videos,video,,232,10,,,3AFC,0.5,75.0,,74.5,24.5,,,,"Results: CelebDF++ (CDFv3) real 75.5%, fake 74.5% (as rendered); ""Accuracy on deepfakes from DF26 is 52.6%, near chance, compared to 74.5% and 69.8% on the other two.""","Celeb-DF++ (CDFv3); Table S1 rows include AniTalker, BlendFace, CDFv2, DaGAN, ...",,raw,,lab,students,0,,1,,0,0,https://arxiv.org/html/2609.07369v1,medium,"computed: false_alarm_pct = 100 - 75.5. Celeb-DF subjects are celebrities (familiar=1 by dataset construction). Table S1 partial per-generator: AniTalker 49/57 correct (86.0%), BlendFace 36/45 (80.0%), CDFv2 40/84 (47.6%), DaGAN 40/52 (76.9%). | computed: (74.5 + 75.5)/2 from Table 7",
ST133,R04681,ST133-c,ST133-D1,DeepSpeak v2 videos,video,,232,10,,,3AFC,0.5,71.3,,69.8,27.2,,,,"Results: DeepSpeak v2 real 72.8%, fake 69.8% (as rendered); ""compared to 74.5% and 69.8% on the other two.""",DeepSpeak v2 (DSv2),,raw,,lab,students,0,,0,,0,0,https://arxiv.org/html/2609.07369v1,medium,computed: false_alarm_pct = 100 - 72.8. | computed: (69.8 + 72.8)/2 from Table 7,
ST134,R04707,ST134-a,ST134-D1,Callees receiving cloned-voice scam call,audio,,7,1,0,,interactive,,,,,,,,,,"ElevenLabs voice clone (education licence), pre-recorded message played on speakerphone",,,,phone,general public,,,1,,1,,"https://dl.acm.org/doi/pdf/10.1145/3774761.3774918 (full text, browser pass 2)",low,"NUMBERS MISSING: abstract only (ACM full text not accessible): ""an empirical study that replicates this scenario with 14 participants (7 pairs of family relatives friends)... thematic analysis show that familiar voice, caller number and family relative or friend, is highly persuasive towards deceiving the callee"". Fake-only simulated scam call with cloned voice of a known relative/friend; qualitative (thematic analysis), so no real-vs-fake judgment rate may exist. 7 callees presumed (pairs of caller + callee); borderline eligibility. Pass 2: full text read; qualitative thematic analysis only (codebook: reserved / creepy / confused), no count of callees who detected the clone. Fake-only; no rate to enter.",
ST135,R04719,ST135-a,ST135-D1,"Corporate-setting participants, audio and video samples",audiovisual,,109,,,,Likert,,,,,,,,,,,,,,lab,domain professionals,,,,,0,,https://api.openalex.org/works/W7165068004,low,"NUMBERS MISSING: abstract only (Aalto thesis, aaltodoc 123456789/145935, 403): ""a perceptual rating study was conducted with 109 participants... media samples, including audio, images, video, comprising both human-produced and computer-generated samples. Each sample was evaluated on a five-point scale across two dimensions: technical quality and human-likeness."" Eligibility doubtful: human-likeness rating rather than explicit real-vs-fake judgment; image arm to be excluded; audio and video should be separate rows if numbers found. Participant type (corporate employees?) not confirmed.",
ST136,R04739,ST136-a,ST136-D1,Online listeners,audio,Swedish (presumed),450,,,,single-item yes/no,0.5,,,,,,,,,,,,,lab,general public,,,,,0,,https://api.openalex.org/works/W7165281203,low,"NUMBERS MISSING: abstract only (Mid Sweden Univ. bachelor thesis, urn:nbn:se:miun:diva-57637; DiVA/urn resolver robots-blocked): ""450 participants listened to a number of voice clips and were asked to answer whether they thought the voice [was AI or] human. The analysis was conducted using Signal Detection Theory (SDT) to measure sensitivity (d') and bias (c)... a clear tendency to perceive voices as human regardless of their actual origin... people are no better than chance"". d', c, clip counts and TTS tool not retrieved. Language presumed Swedish (not confirmed).",
ST137,R04764,ST137-a,ST137-D1,"Observers, 2IFC realism choice with eye tracking",audiovisual,,,,,,paired/2AFC,0.5,,,,,,,,,text-to-video and video-to-audio GenAI models (not named in abstract),,,,lab,,,,,,0,,https://api.openalex.org/works/W7129626451,low,"NUMBERS MISSING: abstract only (IEEE ICIP workshop 2025, Dolby; no OA copy): ""Observers completed a 2-interval forced-choice task with eye tracking, choosing which of two sequentially presented video clips was more realistic. Observers were more accurate at discerning real from fake video than audio."" Separate video-artifact and audio-artifact accuracies expected in full text.",
ST138,R04791,ST138-a,ST138-D1,"Survey respondents, paired human vs AI items",audiovisual,Greek (presumed),,,,,paired/2AFC,0.5,,,,,,,,,"ElevenLabs (synthetic speech), Suno (music), Revid.ai (video)",,,,lab,general public,,,,,0,,https://eproceedings.epublishing.ekt.gr/index.php/cclabs/article/view/9692,low,"NUMBERS MISSING: abstract only; PDF (eproceedings.epublishing.ekt.gr download/9692/8686) returned 403: ""The research employs a survey, inviting participants to evaluate pairs of content and express their preferences and opinions—without prior knowledge of origin. The study is ongoing"". Unclear whether participants explicitly judged which item was AI; three modalities (music, speech narration, video) need separate rows (music -> modality 'music').",
ST139,R04798,ST139-a,ST139-D1,"All participants, 5 AI conditions pooled",video,none (silent scenes),84,30,5,25,single-item yes/no,0.5,62.6,,61.62,36.43,,,,"Sec 3: 'original videos OmOa as most realistic (63.57%), followed by OmPa (46.43%), SmOa (45.48%), SmSa (36.19%), SmPa (34.29%), and OmSa (29.52%)' (percent reported as real)","WAN 2.2 via ComfyUI (text/image-to-video, actor replacement, motion transfer)",,raw,,lab,"general public (recruitment agency, Japan)",0,,0,,0,0,https://dl.acm.org/doi/full/10.1145/3772363.3799321,high,computed: hit = mean over 5 AI conditions of (100 - % judged real) = 61.62; FA = 100 - 63.57; balanced accuracy = (61.62 + 63.57)/2,
ST141,R04845,ST141-a,ST141-D1,Seedance (all durations),video,,376,48,,,single-item yes/no,0.5,68.9,,77.8,40.0,,,,"Results: ""people were best at detecting that Seedance videos were AI-generated (77.8%), followed by Veo (65.7%) and Sora (62.0%)""",ByteDance Seedance Pro 1,AI videos per trial randomly drawn from 3 models x 5 durations,curated,audio removed,lab,general public,0,2025 (Prolific; exact dates not stated),0,"0-8 (0,2,4,6,8 s conditions)",0,0,https://hfarid.org/downloads/publications/cvprw26a.pdf,medium,"Source is CVPRW 2026 paper (Davodi, Barrington, Farid, Cooper, 'Perceptual Judgments of Video Authenticity...'); R04845 is its Zenodo dataset. 400 recruited, excluded failing >=1 of 4 catch trials -> 376. Each participant: 48 trials (24 authentic, 24 AI; one of each per content theme). AI prompts written by GPT-5.2 from the authentic video (text-to-video matched content) -> coded curated. Real-video accuracy ~60% at all durations. | computed 2026-09-27: balanced accuracy = (hit + authentic accuracy 60.0)/2; authentic 60.0% ('the hit rate for authentic content at 0s was 60.0%', stable across durations); durations include 0 s single-frame trials",
ST141,R04845,ST141-b,ST141-D1,Veo (all durations),video,,376,48,,,single-item yes/no,0.5,62.85,,65.7,40.0,,,,"Results: ""people were best at detecting that Seedance videos were AI-generated (77.8%), followed by Veo (65.7%) and Sora (62.0%)""",Google Veo 3.1,,curated,audio removed,lab,general public,0,2025,0,0-8,0,0,https://hfarid.org/downloads/publications/cvprw26a.pdf,medium,"Per-generator hit rate; see ST141-a. | computed 2026-09-27: balanced accuracy = (hit + authentic accuracy 60.0)/2; authentic 60.0% ('the hit rate for authentic content at 0s was 60.0%', stable across durations); durations include 0 s single-frame trials",
ST141,R04845,ST141-c,ST141-D1,Sora (all durations),video,,376,48,,,single-item yes/no,0.5,61.0,,62.0,40.0,,,,"Results: ""people were best at detecting that Seedance videos were AI-generated (77.8%), followed by Veo (65.7%) and Sora (62.0%)""",Sora 2,,curated,audio removed,lab,general public,0,2025,0,0-8,0,0,https://hfarid.org/downloads/publications/cvprw26a.pdf,medium,"Per-generator hit rate; see ST141-a. | computed 2026-09-27: balanced accuracy = (hit + authentic accuracy 60.0)/2; authentic 60.0% ('the hit rate for authentic content at 0s was 60.0%', stable across durations); durations include 0 s single-frame trials",
ST141,R04845,ST141-d,ST141-D1,"0 s (single frame) condition, all models",video,,376,,,,single-item yes/no,0.5,,,57.7,40.0,,,,"Results: ""hit rate for authentic content at 0s was 60.0% (95% CI: [57.7%, 62.2%])"" and ""for AI-generated content it was 57.7% (95% CI: [55.4%, 60.0%])""","Google Veo 3.1, ByteDance Seedance Pro 1, and Sora 2",,curated,audio removed; static frame,lab,general public,0,2025,0,0,0,0,https://hfarid.org/downloads/publications/cvprw26a.pdf,medium,"computed: false_alarm_pct = 100 - 60.0 (authentic correct at 0 s). 0 s = single still frame, arguably an image arm; duration-row overlaps generator rows (same trials).",
ST141,R04845,ST141-e,ST141-D1,"8 s condition, all models",video,,376,,,,single-item yes/no,0.5,,,74.6,,,,,"Results: ""Detection of AI-generated content improved with duration (58% to 75%), but accuracy for real videos remained near constant (∼60%)""; AI-generated accuracy at 8 s = 74.6% [value from WebFetch rendering of results/Fig. 2]","Google Veo 3.1, ByteDance Seedance Pro 1, and Sora 2",,curated,audio removed,lab,general public,0,2025,0,8,0,0,https://hfarid.org/downloads/publications/cvprw26a.pdf,medium,"Real-video accuracy at 8 s only given as ~60%, so FA not entered. d' per duration only in Fig. 3A (no numbers).",
ST142,R06465,ST142-a,ST142-D1,Listeners judging LLM-generated Turkish vishing audio,audio,Turkish,,,,,,,,,,,,,,,multimodal LLM-based vishing framework (TTS not identified),,,,phone,,,,,,,,,low,"NUMBERS MISSING: no text retrieved (J Voice paywalled; PubMed 42177114 behind reCAPTCHA; OpenAlex rate-limited). Design, N and % judged real unknown; fake-only status unverified.",
ST143,R06666,ST143-a,ST143-D1,Online trivia game players (sound items),audio,,,,,,single-item yes/no,0.5,,,,,,,,,,,,,lab,general public,,,,,0,,https://vbn.aau.dk/en/publications/ai-or-human-the-socio-ethical-implications-of-ai-generated-media-,low,"NUMBERS MISSING: abstract only (IEEE paywalled; VUB portal unreachable): ""an illustrative experiment packaged as a game of trivia was conducted and played by 2383 participants which generated a total of 24502 guesses in differentiating between AI or humans."" Media include image, sound and text; only sound items eligible; per-modality N, accuracy, sound type (music vs speech) and generators unknown. 2383 is the total across modalities.",
ST144,R07454,ST144-a,ST144-D1,"U.S. general-population sample, 13 videos each",audiovisual,"English (1 Korean, 1 Japanese)",490,13,,,single-item yes/no,0.5,66.3,14.4,59.4,24.4,,,,"Sec 4.2.1: 'Across the 13 videos each participant was assigned to evaluate, the mean accuracy was 66.3% (M = 8.61 videos correctly identified, SD = 1.87)'; 'participants were considerably more successful at identifying authentic videos (75.6% accuracy) than they were at identifying manipulated videos (59.4% accuracy)'","in-the-wild celebrity deepfakes from public sources: face swap, lip sync, reenactment with synthetic audio; one fully AI-generated actor (tools not named)",,curated,some low-resolution and logo-removed variants,social media,"general public (U.S., quota sample)",0,2025-05 to 2025-06,1,8-30,0,0,https://dl.acm.org/doi/full/10.1145/3772318.3791799,high,SD computed: 1.87/13 videos = 14.4 points; FA = 100 - 75.6. Generator unnamed (in-the-wild) -> unresolved for H1,
ST145,R07455,ST145-a,ST145-D1,"No Label (individual annotation, no peer labels)",video,,30,,120,120,interactive,0.5,,,81.8,,,,,"Table 1: No Label condition F1 0.795, Precision 0.786, Recall 0.818 (averaged across four datasets) [WebFetch rendering]","Face Forensics++, BioDeepAV, DFW, DDL",30 real and 30 fake videos from each dataset,raw,,social media,students,0; no peer labels in this condition; 7-day in-the-wild study with daily surveys,,0,,0,0,https://arxiv.org/html/2601.17371v1,medium,"hit_rate_pct = recall on fakes. Accuracy not reported; FA not exactly derivable because precision/recall are averaged across datasets. N per condition = 90/3 (""evenly distributed""); mean age 23.3; mix of novices and experts in media literacy/AI. Simulated social-media feed; trials per participant not stated. Outcome hint F1 values differ slightly from those retrieved (hint 0.797/0.706 vs retrieved 0.849/0.795) - verify Table 1.",
ST145,R07455,ST145-b,ST145-D2,"No Agg (peer labels shown, no aggregation)",video,,30,,120,120,interactive,0.5,,,85.6,,,,,"Table 1: No Agg condition F1 0.849, Precision 0.845, Recall 0.856 [WebFetch rendering]","Face Forensics++, BioDeepAV, DFW, DDL",30 real and 30 fake videos from each dataset,raw,,social media,students,1; peer annotations visible,,0,,0,0,https://arxiv.org/html/2601.17371v1,medium,Intervention arm; see ST145-a.,
ST145,R07455,ST145-c,ST145-D3,Collab (synergistic annotation),video,,30,,120,120,interactive,0.5,,,89.6,,,,,"Table 1: Collab condition F1 0.883, Precision 0.871, Recall 0.896 [WebFetch rendering]","Face Forensics++, BioDeepAV, DFW, DDL",30 real and 30 fake videos from each dataset,raw,,social media,students,1; aggregated peer annotations visible,,0,,0,0,https://arxiv.org/html/2601.17371v1,medium,Intervention arm; see ST145-a.,
ST146,R07494,ST146-a,ST146-D1,All three treatment groups pooled (BuzzFeed Obama/Peele deepfake),audiovisual,English,2005,1,0,1,single-item yes/no,,,,,,,,16.0,"Fig. 1 / Results: 50.8% not deceived, 16% believed the false statement, 33.2% answered ""I don't know"" [WebFetch rendering]","BuzzFeed Obama/Jordan Peele deepfake (face-grafting; ""Peele's production team has digitally reconstructed Obama's face to mirror his""; voice is human impersonation by Jordan Peele)",,curated,,lab,general public,0 for deceptive versions; one arm saw full video with educational reveal,,1,4-26 (varies by version),1,0,https://journals.sagepub.com/doi/full/10.1177/2056305120903408,medium,"Fake-only; outcome is belief in the deepfake's statement (deceived/uncertain/not deceived), not an explicit real-vs-fake judgment; one arm (full video) discloses the fake so it is not a blind judgment. Audio is a human impersonator, so only the visual channel is generative. UK Opinium panel, N=2,005 split into 3 random subsamples (per-arm % not retrieved). Borderline eligibility.",
ST147,R07515,ST147-a,ST147-D1,"Bangladeshi volunteers, two phases",video,,,,,,,,,,,,,,,,"custom deepfakes ""tailored for the specific audience and where suited, are created from scratch"" (tool not named)",,,,lab,general public,1; exposure to deepfake videos is the intervention,,,,,,https://api.openalex.org/works/W3183869905,low,"NUMBERS MISSING: abstract only (IEEE ICOTEN 2021, no OA copy): ""a group of people from Bangladesh has volunteered. This group were exposed to a number of Deepfake videos and asked subsequent questions to verify improvement on their level of awareness and detection... performed in two phases"". N, real-video inclusion and accuracy unknown; possibly fake-only.",
ST148,R07528,ST148-a,ST148-D1,CMU students,video,English,87,4,,,Likert,0.5,,,80,34,,,,"Results: ""When receiving authentic videos, the percentage of correct responses ranged from 50 percent (middle school students) to 66 percent (CMU students). When receiving deepfake videos, the percentage of correct responses ranged from 46 percent (adults) to 80 percent (CMU students).""",First Order Motion (FOM) model (video-to-video synthesis; audio from driving video),,curated,,lab,students,0,,0,10-15,0,0,https://www.nature.com/articles/s41598-023-39944-3,high,"computed: false_alarm_pct = 100 - 66 (authentic correct); but response scale had 'Cannot Tell' option, so incorrect includes 'cannot tell' - FA is an upper bound of 'called fake'. Each respondent saw 4 speakers, randomly authentic or deepfake per speaker (real/fake counts per participant vary). Audio is real (driving video), visual is generative. | browser pass 2026-09-28: Europe PMC PMC10439167 read: only ranges ('27-50% ... unable to correctly identify'); per-group values in figures; not extracted",
ST148,R07528,ST148-b,ST148-D2,ALP general adults,video,English,761,4,,,Likert,0.5,,,46,,,,,"Results: ""When receiving deepfake videos, the percentage of correct responses ranged from 46 percent (adults) to 80 percent (CMU students).""",First Order Motion (FOM) model,,curated,,lab,general public,0,,0,10-15,0,0,https://www.nature.com/articles/s41598-023-39944-3,high,RAND American Life Panel. Authentic-video accuracy for this group only shown in Fig. 1 (not in text). | browser pass 2026-09-28: Europe PMC PMC10439167 read: only ranges ('27-50% ... unable to correctly identify'); per-group values in figures; not extracted,
ST148,R07528,ST148-c,ST148-D3,ATP K-12 teachers,video,English,642,4,,,Likert,0.5,,,,,,,,,First Order Motion (FOM) model,,curated,,lab,domain professionals,0,,0,10-15,0,0,https://www.nature.com/articles/s41598-023-39944-3,high,NUMBERS MISSING for this group in text: per-group percentages only in Fig. 1 (text gives range endpoints). RAND American Teacher Panel. | browser pass 2026-09-28: Europe PMC PMC10439167 read: only ranges ('27-50% ... unable to correctly identify'); per-group values in figures; not extracted,
ST148,R07528,ST148-d,ST148-D4,ASLP K-12 principals,video,English,740,4,,,Likert,0.5,,,,,,,,,First Order Motion (FOM) model,,curated,,lab,domain professionals,0,,0,10-15,0,0,https://www.nature.com/articles/s41598-023-39944-3,high,"NUMBERS MISSING for this group in text: values only in Fig. 1. RAND American School Leader Panel. Middle-school student group (N=805, minors) excluded per protocol. | browser pass 2026-09-28: Europe PMC PMC10439167 read: only ranges ('27-50% ... unable to correctly identify'); per-group values in figures; not extracted",
ST117,R02793,ST117-a,ST117-D1,Hearing persons (HP),audiovisual,English,31,30,15,15,single-item yes/no,0.5,87.95,,87.1,11.2,,,,"Sec. 4.1: HPs achieved $88.0\%$ accuracy; TPR 87.1%, TNR 88.8% (4_evaluation.tex). Overall: ""HPs achieved 88.0% accuracy ... compared with 76.4% for DHH participants""",FaceFusion (InSwapper-128-fp16 + GPEN-BFR-2048) face swap; SyncTalk lip sync; HierSpeech++ TTS; Seed-VC voice conversion,"per participant: 2 audio-only, 4 visual-only, 9 audiovisual manipulated clips",curated,standardized re-encode (H.264 + AAC-LC); loudness normalized,lab,general public (students and community),0,2025 (stimuli built Q1 2025; recruitment over ten months),0,11 or 23,0,0,"arXiv 2609.28659v1 LaTeX source (sections/4_evaluation.tex, 3_methodology.tex), supplied by author of this meta-analysis",high,"computed: accuracy = (TPR + TNR)/2, exact because 15 real + 15 fake per participant; matches reported HPs achieved $88.0\%$ accuracy... In-person study; clips quality-filtered by authors (curated). DHH groups are special populations.",
ST117,R02793,ST117-b,ST117-D2,Hard-of-hearing (HoH),audiovisual,English,15,30,15,15,single-item yes/no,0.5,77.55,,84.0,28.9,,,,"Sec. 4.1: TPR$_\text{HoH}=84.0\%$; TNR 71.1% for HoH; TPR 84.0%, TNR 71.1% (4_evaluation.tex). Overall: ""HPs achieved 88.0% accuracy ... compared with 76.4% for DHH participants""",FaceFusion (InSwapper-128-fp16 + GPEN-BFR-2048) face swap; SyncTalk lip sync; HierSpeech++ TTS; Seed-VC voice conversion,"per participant: 2 audio-only, 4 visual-only, 9 audiovisual manipulated clips",curated,standardized re-encode (H.264 + AAC-LC); loudness normalized,lab,special population (hard of hearing),0,2025 (stimuli built Q1 2025; recruitment over ten months),0,11 or 23,0,0,"arXiv 2609.28659v1 LaTeX source (sections/4_evaluation.tex, 3_methodology.tex), supplied by author of this meta-analysis",high,"computed: accuracy = (TPR + TNR)/2, exact because 15 real + 15 fake per participant; matches reported TPR$_\text{HoH}=84.0\%$; TNR 7... In-person study; clips quality-filtered by authors (curated). DHH groups are special populations.",
ST117,R02793,ST117-c,ST117-D3,d/Deaf,audiovisual,English,17,30,15,15,single-item yes/no,0.5,73.15,,79.6,33.3,,,,"Sec. 4.1: d/Deaf participants had the lowest accuracy ($73.1\%$; TPR 79.6%, TNR 66.7% (4_evaluation.tex). Overall: ""HPs achieved 88.0% accuracy ... compared with 76.4% for DHH participants""",FaceFusion (InSwapper-128-fp16 + GPEN-BFR-2048) face swap; SyncTalk lip sync; HierSpeech++ TTS; Seed-VC voice conversion,"per participant: 2 audio-only, 4 visual-only, 9 audiovisual manipulated clips",curated,standardized re-encode (H.264 + AAC-LC); loudness normalized,lab,special population (d/Deaf),0,2025 (stimuli built Q1 2025; recruitment over ten months),0,11 or 23,0,0,"arXiv 2609.28659v1 LaTeX source (sections/4_evaluation.tex, 3_methodology.tex), supplied by author of this meta-analysis",high,"computed: accuracy = (TPR + TNR)/2, exact because 15 real + 15 fake per participant; matches reported d/Deaf participants had the lo... In-person study; clips quality-filtered by authors (curated). DHH groups are special populations.",
ST117,R02793,ST117-d,ST117-D4,Cochlear implant users (CI),audiovisual,English,17,30,15,15,single-item yes/no,0.5,78.6,,83.9,26.7,,,,"Sec. 4.1: TPR$_\text{CI}=83.9\%$; TNR $73.3\%$ for CI users; TPR 83.9%, TNR 73.3% (4_evaluation.tex). Overall: ""HPs achieved 88.0% accuracy ... compared with 76.4% for DHH participants""",FaceFusion (InSwapper-128-fp16 + GPEN-BFR-2048) face swap; SyncTalk lip sync; HierSpeech++ TTS; Seed-VC voice conversion,"per participant: 2 audio-only, 4 visual-only, 9 audiovisual manipulated clips",curated,standardized re-encode (H.264 + AAC-LC); loudness normalized,lab,special population (cochlear implant users),0,2025 (stimuli built Q1 2025; recruitment over ten months),0,11 or 23,0,0,"arXiv 2609.28659v1 LaTeX source (sections/4_evaluation.tex, 3_methodology.tex), supplied by author of this meta-analysis",high,"computed: accuracy = (TPR + TNR)/2, exact because 15 real + 15 fake per participant; matches reported TPR$_\text{CI}=83.9\%$; TNR $7... In-person study; clips quality-filtered by authors (curated). DHH groups are special populations.",
ST140,R04829,ST140-a,ST140-D1,"EXP2b detection (informed), video",video,English,38,,,,Likert (5-point authenticity),0.5,63.0,,67,41,,,,"Sec. Experiment Results, EXP2b: ""participants struggled to accurately identify fake videos, achieving only about 67% recall ... misidentified genuine videos as fake in approximately 41% of cases"" (main_TDSC.tex)",DeepFaceLab (real-time deepfake),,curated,,lab,students,0,,0,,0,0,"arXiv 2609.11404v1 LaTeX source (main_TDSC.tex), supplied by author of this meta-analysis",medium,"computed: balanced accuracy = (67 + 59)/2; both inputs reported as approximate (""about"", ""approximately""); trials per participant and real/fake counts not stated. Audio arm (EXP1a) excluded: MOS ratings normalized post hoc, no real-vs-fake judgment (E4). Participants were told some videos were fake (primed).",
